Copyright 1986-2022 Xilinx, Inc. All Rights Reserved. Copyright 2022-2023 Advanced Micro Devices, Inc. All Rights Reserved.
------------------------------------------------------------------------------------------------------------------------------------------------------------------------------------------------------------------------------------------------------------------------------------
| Tool Version      : Vivado v.2023.2 (lin64) Build 4029153 Fri Oct 13 20:13:54 MDT 2023
| Date              : Fri Oct  2 02:01:57 2026
| Host              : frankhasrisen running 64-bit Ubuntu 22.04.5 LTS
| Command           : report_timing_summary -delay_type min_max -report_unconstrained -check_timing_verbose -max_paths 30 -file /home/frankhasrisen/fpga-rtl-portfolio/projects/zcu104/06-streaming-dsp-accelerator-soc/reports/controlled_accelerator_synthesis_timing_summary.rpt
| Design            : dsp_accelerator_controlled
| Device            : xczu7ev-ffvc1156
| Speed File        : -2  PRODUCTION 1.30 05-15-2022
| Design State      : Synthesized
| Temperature Grade : E
------------------------------------------------------------------------------------------------------------------------------------------------------------------------------------------------------------------------------------------------------------------------------------

Timing Summary Report

------------------------------------------------------------------------------------------------
| Timer Settings
| --------------
------------------------------------------------------------------------------------------------

  Enable Multi Corner Analysis               :  Yes
  Enable Pessimism Removal                   :  Yes
  Pessimism Removal Resolution               :  Nearest Common Node
  Enable Input Delay Default Clock           :  No
  Enable Preset / Clear Arcs                 :  No
  Disable Flight Delays                      :  No
  Ignore I/O Paths                           :  No
  Timing Early Launch at Borrowing Latches   :  No
  Borrow Time for Max Delay Exceptions       :  Yes
  Merge Timing Exceptions                    :  Yes
  Inter-SLR Compensation                     :  Conservative

  Corner  Analyze    Analyze    
  Name    Max Paths  Min Paths  
  ------  ---------  ---------  
  Slow    Yes        Yes        
  Fast    Yes        Yes        


------------------------------------------------------------------------------------------------
| Report Methodology
| ------------------
------------------------------------------------------------------------------------------------

No report available as report_methodology has not been run prior. Run report_methodology on the current design for the summary of methodology violations.



check_timing report

Table of Contents
-----------------
1. checking no_clock (0)
2. checking constant_clock (0)
3. checking pulse_width_clock (0)
4. checking unconstrained_internal_endpoints (0)
5. checking no_input_delay (73)
6. checking no_output_delay (94)
7. checking multiple_clock (0)
8. checking generated_clocks (0)
9. checking loops (0)
10. checking partial_input_delay (0)
11. checking partial_output_delay (0)
12. checking latch_loops (0)

1. checking no_clock (0)
------------------------
 There are 0 register/latch pins with no clock.


2. checking constant_clock (0)
------------------------------
 There are 0 register/latch pins with constant_clock.


3. checking pulse_width_clock (0)
---------------------------------
 There are 0 register/latch pins which need pulse_width check


4. checking unconstrained_internal_endpoints (0)
------------------------------------------------
 There are 0 pins that are not constrained for maximum delay.

 There are 0 pins that are not constrained for maximum delay due to constant clock.


5. checking no_input_delay (73)
-------------------------------
 There are 73 input ports with no input delay specified. (HIGH)

aresetn
m_axis_tready
s_axi_araddr[0]
s_axi_araddr[1]
s_axi_araddr[2]
s_axi_araddr[3]
s_axi_araddr[4]
s_axi_araddr[5]
s_axi_arvalid
s_axi_awaddr[0]
s_axi_awaddr[1]
s_axi_awaddr[2]
s_axi_awaddr[3]
s_axi_awaddr[4]
s_axi_awaddr[5]
s_axi_awvalid
s_axi_bready
s_axi_rready
s_axi_wdata[0]
s_axi_wdata[10]
s_axi_wdata[11]
s_axi_wdata[12]
s_axi_wdata[13]
s_axi_wdata[14]
s_axi_wdata[15]
s_axi_wdata[16]
s_axi_wdata[17]
s_axi_wdata[18]
s_axi_wdata[19]
s_axi_wdata[1]
s_axi_wdata[20]
s_axi_wdata[21]
s_axi_wdata[22]
s_axi_wdata[23]
s_axi_wdata[24]
s_axi_wdata[25]
s_axi_wdata[26]
s_axi_wdata[27]
s_axi_wdata[28]
s_axi_wdata[29]
s_axi_wdata[2]
s_axi_wdata[30]
s_axi_wdata[31]
s_axi_wdata[3]
s_axi_wdata[4]
s_axi_wdata[5]
s_axi_wdata[6]
s_axi_wdata[7]
s_axi_wdata[8]
s_axi_wdata[9]
s_axi_wstrb[0]
s_axi_wstrb[1]
s_axi_wstrb[2]
s_axi_wstrb[3]
s_axi_wvalid
s_axis_tdata[0]
s_axis_tdata[10]
s_axis_tdata[11]
s_axis_tdata[12]
s_axis_tdata[13]
s_axis_tdata[14]
s_axis_tdata[15]
s_axis_tdata[1]
s_axis_tdata[2]
s_axis_tdata[3]
s_axis_tdata[4]
s_axis_tdata[5]
s_axis_tdata[6]
s_axis_tdata[7]
s_axis_tdata[8]
s_axis_tdata[9]
s_axis_tlast
s_axis_tvalid

 There are 0 input ports with no input delay but user has a false path constraint.


6. checking no_output_delay (94)
--------------------------------
 There are 94 ports with no output delay specified. (HIGH)

m_axis_tdata[0]
m_axis_tdata[10]
m_axis_tdata[11]
m_axis_tdata[12]
m_axis_tdata[13]
m_axis_tdata[14]
m_axis_tdata[15]
m_axis_tdata[16]
m_axis_tdata[17]
m_axis_tdata[18]
m_axis_tdata[19]
m_axis_tdata[1]
m_axis_tdata[20]
m_axis_tdata[21]
m_axis_tdata[22]
m_axis_tdata[23]
m_axis_tdata[24]
m_axis_tdata[25]
m_axis_tdata[26]
m_axis_tdata[27]
m_axis_tdata[28]
m_axis_tdata[29]
m_axis_tdata[2]
m_axis_tdata[30]
m_axis_tdata[31]
m_axis_tdata[32]
m_axis_tdata[33]
m_axis_tdata[34]
m_axis_tdata[35]
m_axis_tdata[36]
m_axis_tdata[37]
m_axis_tdata[38]
m_axis_tdata[39]
m_axis_tdata[3]
m_axis_tdata[40]
m_axis_tdata[41]
m_axis_tdata[42]
m_axis_tdata[43]
m_axis_tdata[44]
m_axis_tdata[45]
m_axis_tdata[46]
m_axis_tdata[47]
m_axis_tdata[48]
m_axis_tdata[49]
m_axis_tdata[4]
m_axis_tdata[50]
m_axis_tdata[51]
m_axis_tdata[52]
m_axis_tdata[53]
m_axis_tdata[5]
m_axis_tdata[6]
m_axis_tdata[7]
m_axis_tdata[8]
m_axis_tdata[9]
m_axis_tlast
m_axis_tvalid
s_axi_arready
s_axi_awready
s_axi_bvalid
s_axi_rdata[0]
s_axi_rdata[10]
s_axi_rdata[11]
s_axi_rdata[12]
s_axi_rdata[13]
s_axi_rdata[14]
s_axi_rdata[15]
s_axi_rdata[16]
s_axi_rdata[17]
s_axi_rdata[18]
s_axi_rdata[19]
s_axi_rdata[1]
s_axi_rdata[20]
s_axi_rdata[21]
s_axi_rdata[22]
s_axi_rdata[23]
s_axi_rdata[24]
s_axi_rdata[25]
s_axi_rdata[26]
s_axi_rdata[27]
s_axi_rdata[28]
s_axi_rdata[29]
s_axi_rdata[2]
s_axi_rdata[30]
s_axi_rdata[31]
s_axi_rdata[3]
s_axi_rdata[4]
s_axi_rdata[5]
s_axi_rdata[6]
s_axi_rdata[7]
s_axi_rdata[8]
s_axi_rdata[9]
s_axi_rvalid
s_axi_wready
s_axis_tready

 There are 0 ports with no output delay but user has a false path constraint

 There are 0 ports with no output delay but with a timing clock defined on it or propagating through it


7. checking multiple_clock (0)
------------------------------
 There are 0 register/latch pins with multiple clocks.


8. checking generated_clocks (0)
--------------------------------
 There are 0 generated clocks that are not connected to a clock source.


9. checking loops (0)
---------------------
 There are 0 combinational loops in the design.


10. checking partial_input_delay (0)
------------------------------------
 There are 0 input ports with partial input delay specified.


11. checking partial_output_delay (0)
-------------------------------------
 There are 0 ports with partial output delay specified.


12. checking latch_loops (0)
----------------------------
 There are 0 combinational latch loops in the design through latch input



------------------------------------------------------------------------------------------------
| Design Timing Summary
| ---------------------
------------------------------------------------------------------------------------------------

    WNS(ns)      TNS(ns)  TNS Failing Endpoints  TNS Total Endpoints      WHS(ns)      THS(ns)  THS Failing Endpoints  THS Total Endpoints     WPWS(ns)     TPWS(ns)  TPWS Failing Endpoints  TPWS Total Endpoints  
    -------      -------  ---------------------  -------------------      -------      -------  ---------------------  -------------------     --------     --------  ----------------------  --------------------  
      3.893        0.000                      0                13496        0.065        0.000                      0                13496        3.058        0.000                       0                  3172  


All user specified timing constraints are met.


------------------------------------------------------------------------------------------------
| Clock Summary
| -------------
------------------------------------------------------------------------------------------------

Clock            Waveform(ns)         Period(ns)      Frequency(MHz)
-----            ------------         ----------      --------------
accelerator_clk  {0.000 3.333}        6.667           149.992         


------------------------------------------------------------------------------------------------
| Intra Clock Table
| -----------------
------------------------------------------------------------------------------------------------

Clock                WNS(ns)      TNS(ns)  TNS Failing Endpoints  TNS Total Endpoints      WHS(ns)      THS(ns)  THS Failing Endpoints  THS Total Endpoints     WPWS(ns)     TPWS(ns)  TPWS Failing Endpoints  TPWS Total Endpoints  
-----                -------      -------  ---------------------  -------------------      -------      -------  ---------------------  -------------------     --------     --------  ----------------------  --------------------  
accelerator_clk        3.893        0.000                      0                13496        0.065        0.000                      0                13496        3.058        0.000                       0                  3172  


------------------------------------------------------------------------------------------------
| Inter Clock Table
| -----------------
------------------------------------------------------------------------------------------------

From Clock    To Clock          WNS(ns)      TNS(ns)  TNS Failing Endpoints  TNS Total Endpoints      WHS(ns)      THS(ns)  THS Failing Endpoints  THS Total Endpoints  
----------    --------          -------      -------  ---------------------  -------------------      -------      -------  ---------------------  -------------------  


------------------------------------------------------------------------------------------------
| Other Path Groups Table
| -----------------------
------------------------------------------------------------------------------------------------

Path Group    From Clock    To Clock          WNS(ns)      TNS(ns)  TNS Failing Endpoints  TNS Total Endpoints      WHS(ns)      THS(ns)  THS Failing Endpoints  THS Total Endpoints  
----------    ----------    --------          -------      -------  ---------------------  -------------------      -------      -------  ---------------------  -------------------  


------------------------------------------------------------------------------------------------
| User Ignored Path Table
| -----------------------
------------------------------------------------------------------------------------------------

Path Group    From Clock    To Clock    
----------    ----------    --------    


------------------------------------------------------------------------------------------------
| Unconstrained Path Table
| ------------------------
------------------------------------------------------------------------------------------------

Path Group       From Clock       To Clock       
----------       ----------       --------       
(none)                                             
(none)           accelerator_clk                   
(none)                            accelerator_clk  


------------------------------------------------------------------------------------------------
| Timing Details
| --------------
------------------------------------------------------------------------------------------------


---------------------------------------------------------------------------------------------------
From Clock:  accelerator_clk
  To Clock:  accelerator_clk

Setup :            0  Failing Endpoints,  Worst Slack        3.893ns,  Total Violation        0.000ns
Hold  :            0  Failing Endpoints,  Worst Slack        0.065ns,  Total Violation        0.000ns
PW    :            0  Failing Endpoints,  Worst Slack        3.058ns,  Total Violation        0.000ns
---------------------------------------------------------------------------------------------------


Max Delay Paths
--------------------------------------------------------------------------------------
Slack (MET) :             3.893ns  (required time - arrival time)
  Source:                 u_compute_core/u_fir32/sum_s5_reg[14]/C
                            (rising edge-triggered cell FDRE clocked by accelerator_clk  {rise@0.000ns fall@3.333ns period=6.667ns})
  Destination:            u_compute_core/u_energy64/energy_acc1/DSP_A_B_DATA_INST/A[24]
                            (rising edge-triggered cell DSP_A_B_DATA clocked by accelerator_clk  {rise@0.000ns fall@3.333ns period=6.667ns})
  Path Group:             accelerator_clk
  Path Type:              Setup (Max at Slow Process Corner)
  Requirement:            6.667ns  (accelerator_clk rise@6.667ns - accelerator_clk rise@0.000ns)
  Data Path Delay:        2.470ns  (logic 0.964ns (39.028%)  route 1.506ns (60.972%))
  Logic Levels:           10  (CARRY8=6 LUT1=2 LUT3=1 LUT6=1)
  Clock Path Skew:        0.013ns (DCD - SCD + CPR)
    Destination Clock Delay (DCD):    0.043ns = ( 6.710 - 6.667 ) 
    Source Clock Delay      (SCD):    0.030ns
    Clock Pessimism Removal (CPR):    0.000ns
  Clock Uncertainty:      0.035ns  ((TSJ^2 + TIJ^2)^1/2 + DJ) / 2 + PE
    Total System Jitter     (TSJ):    0.071ns
    Total Input Jitter      (TIJ):    0.000ns
    Discrete Jitter          (DJ):    0.000ns
    Phase Error              (PE):    0.000ns

    Location             Delay type                Incr(ns)  Path(ns)    Netlist Resource(s)
  -------------------------------------------------------------------    -------------------
                         (clock accelerator_clk rise edge)
                                                      0.000     0.000 r  
                                                      0.000     0.000 r  aclk (IN)
                         net (fo=3362, unset)         0.030     0.030    u_compute_core/u_fir32/aclk
                         FDRE                                         r  u_compute_core/u_fir32/sum_s5_reg[14]/C
  -------------------------------------------------------------------    -------------------
                         FDRE (Prop_FDRE_C_Q)         0.078     0.108 f  u_compute_core/u_fir32/sum_s5_reg[14]/Q
                         net (fo=4, unplaced)         0.149     0.257    u_compute_core/u_fir32/sum_s5[14]
                         LUT1 (Prop_LUT1_I0_O)        0.074     0.331 r  u_compute_core/u_fir32/energy_acc1_i_21/O
                         net (fo=1, unplaced)         0.238     0.569    u_compute_core/u_fir32/energy_acc1_i_21_n_0
                         CARRY8 (Prop_CARRY8_DI[5]_CO[7])
                                                      0.097     0.666 r  u_compute_core/u_fir32/energy_acc1_i_19/CO[7]
                         net (fo=1, unplaced)         0.005     0.671    u_compute_core/u_fir32/energy_acc1_i_19_n_0
                         CARRY8 (Prop_CARRY8_CI_O[4])
                                                      0.086     0.757 f  u_compute_core/u_fir32/i__carry_i_10__0/O[4]
                         net (fo=1, unplaced)         0.184     0.941    u_compute_core/u_fir32/rounded2[21]
                         LUT1 (Prop_LUT1_I0_O)        0.037     0.978 r  u_compute_core/u_fir32/i__carry_i_4__1/O
                         net (fo=1, unplaced)         0.029     1.007    u_compute_core/u_fir32/i__carry_i_4__1_n_0
                         CARRY8 (Prop_CARRY8_S[5]_CO[7])
                                                      0.166     1.173 r  u_compute_core/u_fir32/_inferred__8/i__carry/CO[7]
                         net (fo=1, unplaced)         0.005     1.178    u_compute_core/u_fir32/_inferred__8/i__carry_n_0
                         CARRY8 (Prop_CARRY8_CI_O[6])
                                                      0.103     1.281 f  u_compute_core/u_fir32/_inferred__8/i__carry__0/O[6]
                         net (fo=6, unplaced)         0.160     1.441    u_compute_core/u_fir32/rounded0[15]
                         LUT3 (Prop_LUT3_I1_O)        0.070     1.511 f  u_compute_core/u_fir32/i__carry_i_5__1/O
                         net (fo=1, unplaced)         0.260     1.771    u_compute_core/u_fir32/i__carry_i_5__1_n_0
                         CARRY8 (Prop_CARRY8_DI[0]_CO[7])
                                                      0.140     1.911 f  u_compute_core/u_fir32/quantize_q151_inferred__0/i__carry/CO[7]
                         net (fo=1, unplaced)         0.005     1.916    u_compute_core/u_fir32/quantize_q151_inferred__0/i__carry_n_0
                         CARRY8 (Prop_CARRY8_CI_CO[3])
                                                      0.060     1.976 f  u_compute_core/u_fir32/quantize_q151_inferred__0/i__carry__0/CO[3]
                         net (fo=32, unplaced)        0.197     2.173    u_compute_core/u_fir32/quantize_q1510_in
                         LUT6 (Prop_LUT6_I1_O)        0.053     2.226 r  u_compute_core/u_fir32/energy_acc1_i_2/O
                         net (fo=18, unplaced)        0.274     2.500    u_compute_core/u_energy64/energy_acc1/A[24]
                         DSP_A_B_DATA                                 r  u_compute_core/u_energy64/energy_acc1/DSP_A_B_DATA_INST/A[24]
  -------------------------------------------------------------------    -------------------

                         (clock accelerator_clk rise edge)
                                                      6.667     6.667 r  
                                                      0.000     6.667 r  aclk (IN)
                         net (fo=3362, unset)         0.043     6.710    u_compute_core/u_energy64/energy_acc1/CLK
                         DSP_A_B_DATA                                 r  u_compute_core/u_energy64/energy_acc1/DSP_A_B_DATA_INST/CLK
                         clock pessimism              0.000     6.710    
                         clock uncertainty           -0.035     6.675    
                         DSP_A_B_DATA (Setup_DSP_A_B_DATA_CLK_A[24])
                                                     -0.282     6.393    u_compute_core/u_energy64/energy_acc1/DSP_A_B_DATA_INST
  -------------------------------------------------------------------
                         required time                          6.393    
                         arrival time                          -2.500    
  -------------------------------------------------------------------
                         slack                                  3.893    

Slack (MET) :             3.906ns  (required time - arrival time)
  Source:                 u_compute_core/u_fir32/sum_s5_reg[14]/C
                            (rising edge-triggered cell FDRE clocked by accelerator_clk  {rise@0.000ns fall@3.333ns period=6.667ns})
  Destination:            u_compute_core/u_energy64/energy_acc1/DSP_A_B_DATA_INST/A[0]
                            (rising edge-triggered cell DSP_A_B_DATA clocked by accelerator_clk  {rise@0.000ns fall@3.333ns period=6.667ns})
  Path Group:             accelerator_clk
  Path Type:              Setup (Max at Slow Process Corner)
  Requirement:            6.667ns  (accelerator_clk rise@6.667ns - accelerator_clk rise@0.000ns)
  Data Path Delay:        2.442ns  (logic 0.957ns (39.189%)  route 1.485ns (60.811%))
  Logic Levels:           10  (CARRY8=6 LUT1=2 LUT3=1 LUT6=1)
  Clock Path Skew:        0.013ns (DCD - SCD + CPR)
    Destination Clock Delay (DCD):    0.043ns = ( 6.710 - 6.667 ) 
    Source Clock Delay      (SCD):    0.030ns
    Clock Pessimism Removal (CPR):    0.000ns
  Clock Uncertainty:      0.035ns  ((TSJ^2 + TIJ^2)^1/2 + DJ) / 2 + PE
    Total System Jitter     (TSJ):    0.071ns
    Total Input Jitter      (TIJ):    0.000ns
    Discrete Jitter          (DJ):    0.000ns
    Phase Error              (PE):    0.000ns

    Location             Delay type                Incr(ns)  Path(ns)    Netlist Resource(s)
  -------------------------------------------------------------------    -------------------
                         (clock accelerator_clk rise edge)
                                                      0.000     0.000 r  
                                                      0.000     0.000 r  aclk (IN)
                         net (fo=3362, unset)         0.030     0.030    u_compute_core/u_fir32/aclk
                         FDRE                                         r  u_compute_core/u_fir32/sum_s5_reg[14]/C
  -------------------------------------------------------------------    -------------------
                         FDRE (Prop_FDRE_C_Q)         0.078     0.108 f  u_compute_core/u_fir32/sum_s5_reg[14]/Q
                         net (fo=4, unplaced)         0.149     0.257    u_compute_core/u_fir32/sum_s5[14]
                         LUT1 (Prop_LUT1_I0_O)        0.074     0.331 r  u_compute_core/u_fir32/energy_acc1_i_21/O
                         net (fo=1, unplaced)         0.238     0.569    u_compute_core/u_fir32/energy_acc1_i_21_n_0
                         CARRY8 (Prop_CARRY8_DI[5]_CO[7])
                                                      0.097     0.666 r  u_compute_core/u_fir32/energy_acc1_i_19/CO[7]
                         net (fo=1, unplaced)         0.005     0.671    u_compute_core/u_fir32/energy_acc1_i_19_n_0
                         CARRY8 (Prop_CARRY8_CI_CO[7])
                                                      0.022     0.693 r  u_compute_core/u_fir32/i__carry_i_10__0/CO[7]
                         net (fo=1, unplaced)         0.005     0.698    u_compute_core/u_fir32/i__carry_i_10__0_n_0
                         CARRY8 (Prop_CARRY8_CI_O[4])
                                                      0.086     0.784 f  u_compute_core/u_fir32/i__carry__0_i_9__0/O[4]
                         net (fo=1, unplaced)         0.184     0.968    u_compute_core/u_fir32/rounded2[29]
                         LUT1 (Prop_LUT1_I0_O)        0.037     1.005 r  u_compute_core/u_fir32/i__carry__0_i_3__0/O
                         net (fo=1, unplaced)         0.029     1.034    u_compute_core/u_fir32/i__carry__0_i_3__0_n_0
                         CARRY8 (Prop_CARRY8_S[5]_CO[7])
                                                      0.166     1.200 f  u_compute_core/u_fir32/_inferred__8/i__carry__0/CO[7]
                         net (fo=1, unplaced)         0.005     1.205    u_compute_core/u_fir32/_inferred__8/i__carry__0_n_0
                         CARRY8 (Prop_CARRY8_CI_CO[6])
                                                      0.092     1.297 f  u_compute_core/u_fir32/_inferred__8/i__carry__1/CO[6]
                         net (fo=24, unplaced)        0.191     1.488    u_compute_core/u_fir32/_inferred__8/i__carry__1_n_1
                         LUT3 (Prop_LUT3_I0_O)        0.070     1.558 f  u_compute_core/u_fir32/quantize_q151_carry__0_i_3/O
                         net (fo=1, unplaced)         0.260     1.818    u_compute_core/u_fir32/quantize_q151_carry__0_i_3_n_0
                         CARRY8 (Prop_CARRY8_DI[0]_CO[3])
                                                      0.182     2.000 f  u_compute_core/u_fir32/quantize_q151_carry__0/CO[3]
                         net (fo=32, unplaced)        0.197     2.197    u_compute_core/u_fir32/quantize_q151
                         LUT6 (Prop_LUT6_I4_O)        0.053     2.250 r  u_compute_core/u_fir32/energy_acc1_i_17/O
                         net (fo=2, unplaced)         0.222     2.472    u_compute_core/u_energy64/energy_acc1/A[0]
                         DSP_A_B_DATA                                 r  u_compute_core/u_energy64/energy_acc1/DSP_A_B_DATA_INST/A[0]
  -------------------------------------------------------------------    -------------------

                         (clock accelerator_clk rise edge)
                                                      6.667     6.667 r  
                                                      0.000     6.667 r  aclk (IN)
                         net (fo=3362, unset)         0.043     6.710    u_compute_core/u_energy64/energy_acc1/CLK
                         DSP_A_B_DATA                                 r  u_compute_core/u_energy64/energy_acc1/DSP_A_B_DATA_INST/CLK
                         clock pessimism              0.000     6.710    
                         clock uncertainty           -0.035     6.675    
                         DSP_A_B_DATA (Setup_DSP_A_B_DATA_CLK_A[0])
                                                     -0.297     6.378    u_compute_core/u_energy64/energy_acc1/DSP_A_B_DATA_INST
  -------------------------------------------------------------------
                         required time                          6.378    
                         arrival time                          -2.472    
  -------------------------------------------------------------------
                         slack                                  3.906    

Slack (MET) :             3.917ns  (required time - arrival time)
  Source:                 u_compute_core/u_fir32/sum_s5_reg[14]/C
                            (rising edge-triggered cell FDRE clocked by accelerator_clk  {rise@0.000ns fall@3.333ns period=6.667ns})
  Destination:            u_compute_core/u_energy64/energy_acc1/DSP_A_B_DATA_INST/A[25]
                            (rising edge-triggered cell DSP_A_B_DATA clocked by accelerator_clk  {rise@0.000ns fall@3.333ns period=6.667ns})
  Path Group:             accelerator_clk
  Path Type:              Setup (Max at Slow Process Corner)
  Requirement:            6.667ns  (accelerator_clk rise@6.667ns - accelerator_clk rise@0.000ns)
  Data Path Delay:        2.429ns  (logic 0.964ns (39.687%)  route 1.465ns (60.313%))
  Logic Levels:           10  (CARRY8=6 LUT1=2 LUT3=1 LUT6=1)
  Clock Path Skew:        0.013ns (DCD - SCD + CPR)
    Destination Clock Delay (DCD):    0.043ns = ( 6.710 - 6.667 ) 
    Source Clock Delay      (SCD):    0.030ns
    Clock Pessimism Removal (CPR):    0.000ns
  Clock Uncertainty:      0.035ns  ((TSJ^2 + TIJ^2)^1/2 + DJ) / 2 + PE
    Total System Jitter     (TSJ):    0.071ns
    Total Input Jitter      (TIJ):    0.000ns
    Discrete Jitter          (DJ):    0.000ns
    Phase Error              (PE):    0.000ns

    Location             Delay type                Incr(ns)  Path(ns)    Netlist Resource(s)
  -------------------------------------------------------------------    -------------------
                         (clock accelerator_clk rise edge)
                                                      0.000     0.000 r  
                                                      0.000     0.000 r  aclk (IN)
                         net (fo=3362, unset)         0.030     0.030    u_compute_core/u_fir32/aclk
                         FDRE                                         r  u_compute_core/u_fir32/sum_s5_reg[14]/C
  -------------------------------------------------------------------    -------------------
                         FDRE (Prop_FDRE_C_Q)         0.078     0.108 f  u_compute_core/u_fir32/sum_s5_reg[14]/Q
                         net (fo=4, unplaced)         0.149     0.257    u_compute_core/u_fir32/sum_s5[14]
                         LUT1 (Prop_LUT1_I0_O)        0.074     0.331 r  u_compute_core/u_fir32/energy_acc1_i_21/O
                         net (fo=1, unplaced)         0.238     0.569    u_compute_core/u_fir32/energy_acc1_i_21_n_0
                         CARRY8 (Prop_CARRY8_DI[5]_CO[7])
                                                      0.097     0.666 r  u_compute_core/u_fir32/energy_acc1_i_19/CO[7]
                         net (fo=1, unplaced)         0.005     0.671    u_compute_core/u_fir32/energy_acc1_i_19_n_0
                         CARRY8 (Prop_CARRY8_CI_O[4])
                                                      0.086     0.757 f  u_compute_core/u_fir32/i__carry_i_10__0/O[4]
                         net (fo=1, unplaced)         0.184     0.941    u_compute_core/u_fir32/rounded2[21]
                         LUT1 (Prop_LUT1_I0_O)        0.037     0.978 r  u_compute_core/u_fir32/i__carry_i_4__1/O
                         net (fo=1, unplaced)         0.029     1.007    u_compute_core/u_fir32/i__carry_i_4__1_n_0
                         CARRY8 (Prop_CARRY8_S[5]_CO[7])
                                                      0.166     1.173 r  u_compute_core/u_fir32/_inferred__8/i__carry/CO[7]
                         net (fo=1, unplaced)         0.005     1.178    u_compute_core/u_fir32/_inferred__8/i__carry_n_0
                         CARRY8 (Prop_CARRY8_CI_O[6])
                                                      0.103     1.281 f  u_compute_core/u_fir32/_inferred__8/i__carry__0/O[6]
                         net (fo=6, unplaced)         0.160     1.441    u_compute_core/u_fir32/rounded0[15]
                         LUT3 (Prop_LUT3_I1_O)        0.070     1.511 f  u_compute_core/u_fir32/i__carry_i_5__1/O
                         net (fo=1, unplaced)         0.260     1.771    u_compute_core/u_fir32/i__carry_i_5__1_n_0
                         CARRY8 (Prop_CARRY8_DI[0]_CO[7])
                                                      0.140     1.911 f  u_compute_core/u_fir32/quantize_q151_inferred__0/i__carry/CO[7]
                         net (fo=1, unplaced)         0.005     1.916    u_compute_core/u_fir32/quantize_q151_inferred__0/i__carry_n_0
                         CARRY8 (Prop_CARRY8_CI_CO[3])
                                                      0.060     1.976 f  u_compute_core/u_fir32/quantize_q151_inferred__0/i__carry__0/CO[3]
                         net (fo=32, unplaced)        0.197     2.173    u_compute_core/u_fir32/quantize_q1510_in
                         LUT6 (Prop_LUT6_I1_O)        0.053     2.226 r  u_compute_core/u_fir32/energy_acc1_i_2/O
                         net (fo=18, unplaced)        0.233     2.459    u_compute_core/u_energy64/energy_acc1/A[25]
                         DSP_A_B_DATA                                 r  u_compute_core/u_energy64/energy_acc1/DSP_A_B_DATA_INST/A[25]
  -------------------------------------------------------------------    -------------------

                         (clock accelerator_clk rise edge)
                                                      6.667     6.667 r  
                                                      0.000     6.667 r  aclk (IN)
                         net (fo=3362, unset)         0.043     6.710    u_compute_core/u_energy64/energy_acc1/CLK
                         DSP_A_B_DATA                                 r  u_compute_core/u_energy64/energy_acc1/DSP_A_B_DATA_INST/CLK
                         clock pessimism              0.000     6.710    
                         clock uncertainty           -0.035     6.675    
                         DSP_A_B_DATA (Setup_DSP_A_B_DATA_CLK_A[25])
                                                     -0.299     6.376    u_compute_core/u_energy64/energy_acc1/DSP_A_B_DATA_INST
  -------------------------------------------------------------------
                         required time                          6.376    
                         arrival time                          -2.459    
  -------------------------------------------------------------------
                         slack                                  3.917    

Slack (MET) :             3.921ns  (required time - arrival time)
  Source:                 u_compute_core/u_fir32/sum_s5_reg[14]/C
                            (rising edge-triggered cell FDRE clocked by accelerator_clk  {rise@0.000ns fall@3.333ns period=6.667ns})
  Destination:            u_compute_core/u_energy64/energy_acc1/DSP_A_B_DATA_INST/B[16]
                            (rising edge-triggered cell DSP_A_B_DATA clocked by accelerator_clk  {rise@0.000ns fall@3.333ns period=6.667ns})
  Path Group:             accelerator_clk
  Path Type:              Setup (Max at Slow Process Corner)
  Requirement:            6.667ns  (accelerator_clk rise@6.667ns - accelerator_clk rise@0.000ns)
  Data Path Delay:        2.470ns  (logic 0.964ns (39.028%)  route 1.506ns (60.972%))
  Logic Levels:           10  (CARRY8=6 LUT1=2 LUT3=1 LUT6=1)
  Clock Path Skew:        0.013ns (DCD - SCD + CPR)
    Destination Clock Delay (DCD):    0.043ns = ( 6.710 - 6.667 ) 
    Source Clock Delay      (SCD):    0.030ns
    Clock Pessimism Removal (CPR):    0.000ns
  Clock Uncertainty:      0.035ns  ((TSJ^2 + TIJ^2)^1/2 + DJ) / 2 + PE
    Total System Jitter     (TSJ):    0.071ns
    Total Input Jitter      (TIJ):    0.000ns
    Discrete Jitter          (DJ):    0.000ns
    Phase Error              (PE):    0.000ns

    Location             Delay type                Incr(ns)  Path(ns)    Netlist Resource(s)
  -------------------------------------------------------------------    -------------------
                         (clock accelerator_clk rise edge)
                                                      0.000     0.000 r  
                                                      0.000     0.000 r  aclk (IN)
                         net (fo=3362, unset)         0.030     0.030    u_compute_core/u_fir32/aclk
                         FDRE                                         r  u_compute_core/u_fir32/sum_s5_reg[14]/C
  -------------------------------------------------------------------    -------------------
                         FDRE (Prop_FDRE_C_Q)         0.078     0.108 f  u_compute_core/u_fir32/sum_s5_reg[14]/Q
                         net (fo=4, unplaced)         0.149     0.257    u_compute_core/u_fir32/sum_s5[14]
                         LUT1 (Prop_LUT1_I0_O)        0.074     0.331 r  u_compute_core/u_fir32/energy_acc1_i_21/O
                         net (fo=1, unplaced)         0.238     0.569    u_compute_core/u_fir32/energy_acc1_i_21_n_0
                         CARRY8 (Prop_CARRY8_DI[5]_CO[7])
                                                      0.097     0.666 r  u_compute_core/u_fir32/energy_acc1_i_19/CO[7]
                         net (fo=1, unplaced)         0.005     0.671    u_compute_core/u_fir32/energy_acc1_i_19_n_0
                         CARRY8 (Prop_CARRY8_CI_O[4])
                                                      0.086     0.757 f  u_compute_core/u_fir32/i__carry_i_10__0/O[4]
                         net (fo=1, unplaced)         0.184     0.941    u_compute_core/u_fir32/rounded2[21]
                         LUT1 (Prop_LUT1_I0_O)        0.037     0.978 r  u_compute_core/u_fir32/i__carry_i_4__1/O
                         net (fo=1, unplaced)         0.029     1.007    u_compute_core/u_fir32/i__carry_i_4__1_n_0
                         CARRY8 (Prop_CARRY8_S[5]_CO[7])
                                                      0.166     1.173 r  u_compute_core/u_fir32/_inferred__8/i__carry/CO[7]
                         net (fo=1, unplaced)         0.005     1.178    u_compute_core/u_fir32/_inferred__8/i__carry_n_0
                         CARRY8 (Prop_CARRY8_CI_O[6])
                                                      0.103     1.281 f  u_compute_core/u_fir32/_inferred__8/i__carry__0/O[6]
                         net (fo=6, unplaced)         0.160     1.441    u_compute_core/u_fir32/rounded0[15]
                         LUT3 (Prop_LUT3_I1_O)        0.070     1.511 f  u_compute_core/u_fir32/i__carry_i_5__1/O
                         net (fo=1, unplaced)         0.260     1.771    u_compute_core/u_fir32/i__carry_i_5__1_n_0
                         CARRY8 (Prop_CARRY8_DI[0]_CO[7])
                                                      0.140     1.911 f  u_compute_core/u_fir32/quantize_q151_inferred__0/i__carry/CO[7]
                         net (fo=1, unplaced)         0.005     1.916    u_compute_core/u_fir32/quantize_q151_inferred__0/i__carry_n_0
                         CARRY8 (Prop_CARRY8_CI_CO[3])
                                                      0.060     1.976 f  u_compute_core/u_fir32/quantize_q151_inferred__0/i__carry__0/CO[3]
                         net (fo=32, unplaced)        0.197     2.173    u_compute_core/u_fir32/quantize_q1510_in
                         LUT6 (Prop_LUT6_I1_O)        0.053     2.226 r  u_compute_core/u_fir32/energy_acc1_i_2/O
                         net (fo=18, unplaced)        0.274     2.500    u_compute_core/u_energy64/energy_acc1/B[16]
                         DSP_A_B_DATA                                 r  u_compute_core/u_energy64/energy_acc1/DSP_A_B_DATA_INST/B[16]
  -------------------------------------------------------------------    -------------------

                         (clock accelerator_clk rise edge)
                                                      6.667     6.667 r  
                                                      0.000     6.667 r  aclk (IN)
                         net (fo=3362, unset)         0.043     6.710    u_compute_core/u_energy64/energy_acc1/CLK
                         DSP_A_B_DATA                                 r  u_compute_core/u_energy64/energy_acc1/DSP_A_B_DATA_INST/CLK
                         clock pessimism              0.000     6.710    
                         clock uncertainty           -0.035     6.675    
                         DSP_A_B_DATA (Setup_DSP_A_B_DATA_CLK_B[16])
                                                     -0.254     6.421    u_compute_core/u_energy64/energy_acc1/DSP_A_B_DATA_INST
  -------------------------------------------------------------------
                         required time                          6.421    
                         arrival time                          -2.500    
  -------------------------------------------------------------------
                         slack                                  3.921    

Slack (MET) :             3.925ns  (required time - arrival time)
  Source:                 u_compute_core/u_fir32/sum_s5_reg[14]/C
                            (rising edge-triggered cell FDRE clocked by accelerator_clk  {rise@0.000ns fall@3.333ns period=6.667ns})
  Destination:            u_compute_core/u_energy64/energy_acc1/DSP_A_B_DATA_INST/B[0]
                            (rising edge-triggered cell DSP_A_B_DATA clocked by accelerator_clk  {rise@0.000ns fall@3.333ns period=6.667ns})
  Path Group:             accelerator_clk
  Path Type:              Setup (Max at Slow Process Corner)
  Requirement:            6.667ns  (accelerator_clk rise@6.667ns - accelerator_clk rise@0.000ns)
  Data Path Delay:        2.447ns  (logic 0.957ns (39.109%)  route 1.490ns (60.891%))
  Logic Levels:           10  (CARRY8=6 LUT1=2 LUT3=1 LUT6=1)
  Clock Path Skew:        0.013ns (DCD - SCD + CPR)
    Destination Clock Delay (DCD):    0.043ns = ( 6.710 - 6.667 ) 
    Source Clock Delay      (SCD):    0.030ns
    Clock Pessimism Removal (CPR):    0.000ns
  Clock Uncertainty:      0.035ns  ((TSJ^2 + TIJ^2)^1/2 + DJ) / 2 + PE
    Total System Jitter     (TSJ):    0.071ns
    Total Input Jitter      (TIJ):    0.000ns
    Discrete Jitter          (DJ):    0.000ns
    Phase Error              (PE):    0.000ns

    Location             Delay type                Incr(ns)  Path(ns)    Netlist Resource(s)
  -------------------------------------------------------------------    -------------------
                         (clock accelerator_clk rise edge)
                                                      0.000     0.000 r  
                                                      0.000     0.000 r  aclk (IN)
                         net (fo=3362, unset)         0.030     0.030    u_compute_core/u_fir32/aclk
                         FDRE                                         r  u_compute_core/u_fir32/sum_s5_reg[14]/C
  -------------------------------------------------------------------    -------------------
                         FDRE (Prop_FDRE_C_Q)         0.078     0.108 f  u_compute_core/u_fir32/sum_s5_reg[14]/Q
                         net (fo=4, unplaced)         0.149     0.257    u_compute_core/u_fir32/sum_s5[14]
                         LUT1 (Prop_LUT1_I0_O)        0.074     0.331 r  u_compute_core/u_fir32/energy_acc1_i_21/O
                         net (fo=1, unplaced)         0.238     0.569    u_compute_core/u_fir32/energy_acc1_i_21_n_0
                         CARRY8 (Prop_CARRY8_DI[5]_CO[7])
                                                      0.097     0.666 r  u_compute_core/u_fir32/energy_acc1_i_19/CO[7]
                         net (fo=1, unplaced)         0.005     0.671    u_compute_core/u_fir32/energy_acc1_i_19_n_0
                         CARRY8 (Prop_CARRY8_CI_CO[7])
                                                      0.022     0.693 r  u_compute_core/u_fir32/i__carry_i_10__0/CO[7]
                         net (fo=1, unplaced)         0.005     0.698    u_compute_core/u_fir32/i__carry_i_10__0_n_0
                         CARRY8 (Prop_CARRY8_CI_O[4])
                                                      0.086     0.784 f  u_compute_core/u_fir32/i__carry__0_i_9__0/O[4]
                         net (fo=1, unplaced)         0.184     0.968    u_compute_core/u_fir32/rounded2[29]
                         LUT1 (Prop_LUT1_I0_O)        0.037     1.005 r  u_compute_core/u_fir32/i__carry__0_i_3__0/O
                         net (fo=1, unplaced)         0.029     1.034    u_compute_core/u_fir32/i__carry__0_i_3__0_n_0
                         CARRY8 (Prop_CARRY8_S[5]_CO[7])
                                                      0.166     1.200 f  u_compute_core/u_fir32/_inferred__8/i__carry__0/CO[7]
                         net (fo=1, unplaced)         0.005     1.205    u_compute_core/u_fir32/_inferred__8/i__carry__0_n_0
                         CARRY8 (Prop_CARRY8_CI_CO[6])
                                                      0.092     1.297 f  u_compute_core/u_fir32/_inferred__8/i__carry__1/CO[6]
                         net (fo=24, unplaced)        0.191     1.488    u_compute_core/u_fir32/_inferred__8/i__carry__1_n_1
                         LUT3 (Prop_LUT3_I0_O)        0.070     1.558 f  u_compute_core/u_fir32/quantize_q151_carry__0_i_3/O
                         net (fo=1, unplaced)         0.260     1.818    u_compute_core/u_fir32/quantize_q151_carry__0_i_3_n_0
                         CARRY8 (Prop_CARRY8_DI[0]_CO[3])
                                                      0.182     2.000 f  u_compute_core/u_fir32/quantize_q151_carry__0/CO[3]
                         net (fo=32, unplaced)        0.197     2.197    u_compute_core/u_fir32/quantize_q151
                         LUT6 (Prop_LUT6_I4_O)        0.053     2.250 r  u_compute_core/u_fir32/energy_acc1_i_17/O
                         net (fo=2, unplaced)         0.227     2.477    u_compute_core/u_energy64/energy_acc1/B[0]
                         DSP_A_B_DATA                                 r  u_compute_core/u_energy64/energy_acc1/DSP_A_B_DATA_INST/B[0]
  -------------------------------------------------------------------    -------------------

                         (clock accelerator_clk rise edge)
                                                      6.667     6.667 r  
                                                      0.000     6.667 r  aclk (IN)
                         net (fo=3362, unset)         0.043     6.710    u_compute_core/u_energy64/energy_acc1/CLK
                         DSP_A_B_DATA                                 r  u_compute_core/u_energy64/energy_acc1/DSP_A_B_DATA_INST/CLK
                         clock pessimism              0.000     6.710    
                         clock uncertainty           -0.035     6.675    
                         DSP_A_B_DATA (Setup_DSP_A_B_DATA_CLK_B[0])
                                                     -0.273     6.402    u_compute_core/u_energy64/energy_acc1/DSP_A_B_DATA_INST
  -------------------------------------------------------------------
                         required time                          6.402    
                         arrival time                          -2.477    
  -------------------------------------------------------------------
                         slack                                  3.925    

Slack (MET) :             3.925ns  (required time - arrival time)
  Source:                 u_compute_core/u_fir32/sum_s5_reg[14]/C
                            (rising edge-triggered cell FDRE clocked by accelerator_clk  {rise@0.000ns fall@3.333ns period=6.667ns})
  Destination:            u_compute_core/u_energy64/energy_acc1/DSP_A_B_DATA_INST/B[8]
                            (rising edge-triggered cell DSP_A_B_DATA clocked by accelerator_clk  {rise@0.000ns fall@3.333ns period=6.667ns})
  Path Group:             accelerator_clk
  Path Type:              Setup (Max at Slow Process Corner)
  Requirement:            6.667ns  (accelerator_clk rise@6.667ns - accelerator_clk rise@0.000ns)
  Data Path Delay:        2.444ns  (logic 0.957ns (39.157%)  route 1.487ns (60.843%))
  Logic Levels:           10  (CARRY8=6 LUT1=2 LUT3=1 LUT6=1)
  Clock Path Skew:        0.013ns (DCD - SCD + CPR)
    Destination Clock Delay (DCD):    0.043ns = ( 6.710 - 6.667 ) 
    Source Clock Delay      (SCD):    0.030ns
    Clock Pessimism Removal (CPR):    0.000ns
  Clock Uncertainty:      0.035ns  ((TSJ^2 + TIJ^2)^1/2 + DJ) / 2 + PE
    Total System Jitter     (TSJ):    0.071ns
    Total Input Jitter      (TIJ):    0.000ns
    Discrete Jitter          (DJ):    0.000ns
    Phase Error              (PE):    0.000ns

    Location             Delay type                Incr(ns)  Path(ns)    Netlist Resource(s)
  -------------------------------------------------------------------    -------------------
                         (clock accelerator_clk rise edge)
                                                      0.000     0.000 r  
                                                      0.000     0.000 r  aclk (IN)
                         net (fo=3362, unset)         0.030     0.030    u_compute_core/u_fir32/aclk
                         FDRE                                         r  u_compute_core/u_fir32/sum_s5_reg[14]/C
  -------------------------------------------------------------------    -------------------
                         FDRE (Prop_FDRE_C_Q)         0.078     0.108 f  u_compute_core/u_fir32/sum_s5_reg[14]/Q
                         net (fo=4, unplaced)         0.149     0.257    u_compute_core/u_fir32/sum_s5[14]
                         LUT1 (Prop_LUT1_I0_O)        0.074     0.331 r  u_compute_core/u_fir32/energy_acc1_i_21/O
                         net (fo=1, unplaced)         0.238     0.569    u_compute_core/u_fir32/energy_acc1_i_21_n_0
                         CARRY8 (Prop_CARRY8_DI[5]_CO[7])
                                                      0.097     0.666 r  u_compute_core/u_fir32/energy_acc1_i_19/CO[7]
                         net (fo=1, unplaced)         0.005     0.671    u_compute_core/u_fir32/energy_acc1_i_19_n_0
                         CARRY8 (Prop_CARRY8_CI_CO[7])
                                                      0.022     0.693 r  u_compute_core/u_fir32/i__carry_i_10__0/CO[7]
                         net (fo=1, unplaced)         0.005     0.698    u_compute_core/u_fir32/i__carry_i_10__0_n_0
                         CARRY8 (Prop_CARRY8_CI_O[4])
                                                      0.086     0.784 f  u_compute_core/u_fir32/i__carry__0_i_9__0/O[4]
                         net (fo=1, unplaced)         0.184     0.968    u_compute_core/u_fir32/rounded2[29]
                         LUT1 (Prop_LUT1_I0_O)        0.037     1.005 r  u_compute_core/u_fir32/i__carry__0_i_3__0/O
                         net (fo=1, unplaced)         0.029     1.034    u_compute_core/u_fir32/i__carry__0_i_3__0_n_0
                         CARRY8 (Prop_CARRY8_S[5]_CO[7])
                                                      0.166     1.200 f  u_compute_core/u_fir32/_inferred__8/i__carry__0/CO[7]
                         net (fo=1, unplaced)         0.005     1.205    u_compute_core/u_fir32/_inferred__8/i__carry__0_n_0
                         CARRY8 (Prop_CARRY8_CI_CO[6])
                                                      0.092     1.297 f  u_compute_core/u_fir32/_inferred__8/i__carry__1/CO[6]
                         net (fo=24, unplaced)        0.191     1.488    u_compute_core/u_fir32/_inferred__8/i__carry__1_n_1
                         LUT3 (Prop_LUT3_I0_O)        0.070     1.558 f  u_compute_core/u_fir32/quantize_q151_carry__0_i_3/O
                         net (fo=1, unplaced)         0.260     1.818    u_compute_core/u_fir32/quantize_q151_carry__0_i_3_n_0
                         CARRY8 (Prop_CARRY8_DI[0]_CO[3])
                                                      0.182     2.000 f  u_compute_core/u_fir32/quantize_q151_carry__0/CO[3]
                         net (fo=32, unplaced)        0.197     2.197    u_compute_core/u_fir32/quantize_q151
                         LUT6 (Prop_LUT6_I4_O)        0.053     2.250 r  u_compute_core/u_fir32/energy_acc1_i_9/O
                         net (fo=2, unplaced)         0.224     2.474    u_compute_core/u_energy64/energy_acc1/B[8]
                         DSP_A_B_DATA                                 r  u_compute_core/u_energy64/energy_acc1/DSP_A_B_DATA_INST/B[8]
  -------------------------------------------------------------------    -------------------

                         (clock accelerator_clk rise edge)
                                                      6.667     6.667 r  
                                                      0.000     6.667 r  aclk (IN)
                         net (fo=3362, unset)         0.043     6.710    u_compute_core/u_energy64/energy_acc1/CLK
                         DSP_A_B_DATA                                 r  u_compute_core/u_energy64/energy_acc1/DSP_A_B_DATA_INST/CLK
                         clock pessimism              0.000     6.710    
                         clock uncertainty           -0.035     6.675    
                         DSP_A_B_DATA (Setup_DSP_A_B_DATA_CLK_B[8])
                                                     -0.276     6.399    u_compute_core/u_energy64/energy_acc1/DSP_A_B_DATA_INST
  -------------------------------------------------------------------
                         required time                          6.399    
                         arrival time                          -2.474    
  -------------------------------------------------------------------
                         slack                                  3.925    

Slack (MET) :             3.928ns  (required time - arrival time)
  Source:                 u_compute_core/u_fir32/sum_s5_reg[14]/C
                            (rising edge-triggered cell FDRE clocked by accelerator_clk  {rise@0.000ns fall@3.333ns period=6.667ns})
  Destination:            u_compute_core/u_energy64/energy_acc1/DSP_A_B_DATA_INST/A[16]
                            (rising edge-triggered cell DSP_A_B_DATA clocked by accelerator_clk  {rise@0.000ns fall@3.333ns period=6.667ns})
  Path Group:             accelerator_clk
  Path Type:              Setup (Max at Slow Process Corner)
  Requirement:            6.667ns  (accelerator_clk rise@6.667ns - accelerator_clk rise@0.000ns)
  Data Path Delay:        2.462ns  (logic 0.964ns (39.155%)  route 1.498ns (60.845%))
  Logic Levels:           10  (CARRY8=6 LUT1=2 LUT3=1 LUT6=1)
  Clock Path Skew:        0.013ns (DCD - SCD + CPR)
    Destination Clock Delay (DCD):    0.043ns = ( 6.710 - 6.667 ) 
    Source Clock Delay      (SCD):    0.030ns
    Clock Pessimism Removal (CPR):    0.000ns
  Clock Uncertainty:      0.035ns  ((TSJ^2 + TIJ^2)^1/2 + DJ) / 2 + PE
    Total System Jitter     (TSJ):    0.071ns
    Total Input Jitter      (TIJ):    0.000ns
    Discrete Jitter          (DJ):    0.000ns
    Phase Error              (PE):    0.000ns

    Location             Delay type                Incr(ns)  Path(ns)    Netlist Resource(s)
  -------------------------------------------------------------------    -------------------
                         (clock accelerator_clk rise edge)
                                                      0.000     0.000 r  
                                                      0.000     0.000 r  aclk (IN)
                         net (fo=3362, unset)         0.030     0.030    u_compute_core/u_fir32/aclk
                         FDRE                                         r  u_compute_core/u_fir32/sum_s5_reg[14]/C
  -------------------------------------------------------------------    -------------------
                         FDRE (Prop_FDRE_C_Q)         0.078     0.108 f  u_compute_core/u_fir32/sum_s5_reg[14]/Q
                         net (fo=4, unplaced)         0.149     0.257    u_compute_core/u_fir32/sum_s5[14]
                         LUT1 (Prop_LUT1_I0_O)        0.074     0.331 r  u_compute_core/u_fir32/energy_acc1_i_21/O
                         net (fo=1, unplaced)         0.238     0.569    u_compute_core/u_fir32/energy_acc1_i_21_n_0
                         CARRY8 (Prop_CARRY8_DI[5]_CO[7])
                                                      0.097     0.666 r  u_compute_core/u_fir32/energy_acc1_i_19/CO[7]
                         net (fo=1, unplaced)         0.005     0.671    u_compute_core/u_fir32/energy_acc1_i_19_n_0
                         CARRY8 (Prop_CARRY8_CI_O[4])
                                                      0.086     0.757 f  u_compute_core/u_fir32/i__carry_i_10__0/O[4]
                         net (fo=1, unplaced)         0.184     0.941    u_compute_core/u_fir32/rounded2[21]
                         LUT1 (Prop_LUT1_I0_O)        0.037     0.978 r  u_compute_core/u_fir32/i__carry_i_4__1/O
                         net (fo=1, unplaced)         0.029     1.007    u_compute_core/u_fir32/i__carry_i_4__1_n_0
                         CARRY8 (Prop_CARRY8_S[5]_CO[7])
                                                      0.166     1.173 r  u_compute_core/u_fir32/_inferred__8/i__carry/CO[7]
                         net (fo=1, unplaced)         0.005     1.178    u_compute_core/u_fir32/_inferred__8/i__carry_n_0
                         CARRY8 (Prop_CARRY8_CI_O[6])
                                                      0.103     1.281 f  u_compute_core/u_fir32/_inferred__8/i__carry__0/O[6]
                         net (fo=6, unplaced)         0.160     1.441    u_compute_core/u_fir32/rounded0[15]
                         LUT3 (Prop_LUT3_I1_O)        0.070     1.511 f  u_compute_core/u_fir32/i__carry_i_5__1/O
                         net (fo=1, unplaced)         0.260     1.771    u_compute_core/u_fir32/i__carry_i_5__1_n_0
                         CARRY8 (Prop_CARRY8_DI[0]_CO[7])
                                                      0.140     1.911 f  u_compute_core/u_fir32/quantize_q151_inferred__0/i__carry/CO[7]
                         net (fo=1, unplaced)         0.005     1.916    u_compute_core/u_fir32/quantize_q151_inferred__0/i__carry_n_0
                         CARRY8 (Prop_CARRY8_CI_CO[3])
                                                      0.060     1.976 f  u_compute_core/u_fir32/quantize_q151_inferred__0/i__carry__0/CO[3]
                         net (fo=32, unplaced)        0.197     2.173    u_compute_core/u_fir32/quantize_q1510_in
                         LUT6 (Prop_LUT6_I1_O)        0.053     2.226 r  u_compute_core/u_fir32/energy_acc1_i_2/O
                         net (fo=18, unplaced)        0.266     2.492    u_compute_core/u_energy64/energy_acc1/A[16]
                         DSP_A_B_DATA                                 r  u_compute_core/u_energy64/energy_acc1/DSP_A_B_DATA_INST/A[16]
  -------------------------------------------------------------------    -------------------

                         (clock accelerator_clk rise edge)
                                                      6.667     6.667 r  
                                                      0.000     6.667 r  aclk (IN)
                         net (fo=3362, unset)         0.043     6.710    u_compute_core/u_energy64/energy_acc1/CLK
                         DSP_A_B_DATA                                 r  u_compute_core/u_energy64/energy_acc1/DSP_A_B_DATA_INST/CLK
                         clock pessimism              0.000     6.710    
                         clock uncertainty           -0.035     6.675    
                         DSP_A_B_DATA (Setup_DSP_A_B_DATA_CLK_A[16])
                                                     -0.255     6.420    u_compute_core/u_energy64/energy_acc1/DSP_A_B_DATA_INST
  -------------------------------------------------------------------
                         required time                          6.420    
                         arrival time                          -2.492    
  -------------------------------------------------------------------
                         slack                                  3.928    

Slack (MET) :             3.931ns  (required time - arrival time)
  Source:                 u_compute_core/u_fir32/sum_s5_reg[14]/C
                            (rising edge-triggered cell FDRE clocked by accelerator_clk  {rise@0.000ns fall@3.333ns period=6.667ns})
  Destination:            u_compute_core/u_energy64/energy_acc1/DSP_A_B_DATA_INST/A[8]
                            (rising edge-triggered cell DSP_A_B_DATA clocked by accelerator_clk  {rise@0.000ns fall@3.333ns period=6.667ns})
  Path Group:             accelerator_clk
  Path Type:              Setup (Max at Slow Process Corner)
  Requirement:            6.667ns  (accelerator_clk rise@6.667ns - accelerator_clk rise@0.000ns)
  Data Path Delay:        2.448ns  (logic 0.957ns (39.093%)  route 1.491ns (60.907%))
  Logic Levels:           10  (CARRY8=6 LUT1=2 LUT3=1 LUT6=1)
  Clock Path Skew:        0.013ns (DCD - SCD + CPR)
    Destination Clock Delay (DCD):    0.043ns = ( 6.710 - 6.667 ) 
    Source Clock Delay      (SCD):    0.030ns
    Clock Pessimism Removal (CPR):    0.000ns
  Clock Uncertainty:      0.035ns  ((TSJ^2 + TIJ^2)^1/2 + DJ) / 2 + PE
    Total System Jitter     (TSJ):    0.071ns
    Total Input Jitter      (TIJ):    0.000ns
    Discrete Jitter          (DJ):    0.000ns
    Phase Error              (PE):    0.000ns

    Location             Delay type                Incr(ns)  Path(ns)    Netlist Resource(s)
  -------------------------------------------------------------------    -------------------
                         (clock accelerator_clk rise edge)
                                                      0.000     0.000 r  
                                                      0.000     0.000 r  aclk (IN)
                         net (fo=3362, unset)         0.030     0.030    u_compute_core/u_fir32/aclk
                         FDRE                                         r  u_compute_core/u_fir32/sum_s5_reg[14]/C
  -------------------------------------------------------------------    -------------------
                         FDRE (Prop_FDRE_C_Q)         0.078     0.108 f  u_compute_core/u_fir32/sum_s5_reg[14]/Q
                         net (fo=4, unplaced)         0.149     0.257    u_compute_core/u_fir32/sum_s5[14]
                         LUT1 (Prop_LUT1_I0_O)        0.074     0.331 r  u_compute_core/u_fir32/energy_acc1_i_21/O
                         net (fo=1, unplaced)         0.238     0.569    u_compute_core/u_fir32/energy_acc1_i_21_n_0
                         CARRY8 (Prop_CARRY8_DI[5]_CO[7])
                                                      0.097     0.666 r  u_compute_core/u_fir32/energy_acc1_i_19/CO[7]
                         net (fo=1, unplaced)         0.005     0.671    u_compute_core/u_fir32/energy_acc1_i_19_n_0
                         CARRY8 (Prop_CARRY8_CI_CO[7])
                                                      0.022     0.693 r  u_compute_core/u_fir32/i__carry_i_10__0/CO[7]
                         net (fo=1, unplaced)         0.005     0.698    u_compute_core/u_fir32/i__carry_i_10__0_n_0
                         CARRY8 (Prop_CARRY8_CI_O[4])
                                                      0.086     0.784 f  u_compute_core/u_fir32/i__carry__0_i_9__0/O[4]
                         net (fo=1, unplaced)         0.184     0.968    u_compute_core/u_fir32/rounded2[29]
                         LUT1 (Prop_LUT1_I0_O)        0.037     1.005 r  u_compute_core/u_fir32/i__carry__0_i_3__0/O
                         net (fo=1, unplaced)         0.029     1.034    u_compute_core/u_fir32/i__carry__0_i_3__0_n_0
                         CARRY8 (Prop_CARRY8_S[5]_CO[7])
                                                      0.166     1.200 f  u_compute_core/u_fir32/_inferred__8/i__carry__0/CO[7]
                         net (fo=1, unplaced)         0.005     1.205    u_compute_core/u_fir32/_inferred__8/i__carry__0_n_0
                         CARRY8 (Prop_CARRY8_CI_CO[6])
                                                      0.092     1.297 f  u_compute_core/u_fir32/_inferred__8/i__carry__1/CO[6]
                         net (fo=24, unplaced)        0.191     1.488    u_compute_core/u_fir32/_inferred__8/i__carry__1_n_1
                         LUT3 (Prop_LUT3_I0_O)        0.070     1.558 f  u_compute_core/u_fir32/quantize_q151_carry__0_i_3/O
                         net (fo=1, unplaced)         0.260     1.818    u_compute_core/u_fir32/quantize_q151_carry__0_i_3_n_0
                         CARRY8 (Prop_CARRY8_DI[0]_CO[3])
                                                      0.182     2.000 f  u_compute_core/u_fir32/quantize_q151_carry__0/CO[3]
                         net (fo=32, unplaced)        0.197     2.197    u_compute_core/u_fir32/quantize_q151
                         LUT6 (Prop_LUT6_I4_O)        0.053     2.250 r  u_compute_core/u_fir32/energy_acc1_i_9/O
                         net (fo=2, unplaced)         0.228     2.478    u_compute_core/u_energy64/energy_acc1/A[8]
                         DSP_A_B_DATA                                 r  u_compute_core/u_energy64/energy_acc1/DSP_A_B_DATA_INST/A[8]
  -------------------------------------------------------------------    -------------------

                         (clock accelerator_clk rise edge)
                                                      6.667     6.667 r  
                                                      0.000     6.667 r  aclk (IN)
                         net (fo=3362, unset)         0.043     6.710    u_compute_core/u_energy64/energy_acc1/CLK
                         DSP_A_B_DATA                                 r  u_compute_core/u_energy64/energy_acc1/DSP_A_B_DATA_INST/CLK
                         clock pessimism              0.000     6.710    
                         clock uncertainty           -0.035     6.675    
                         DSP_A_B_DATA (Setup_DSP_A_B_DATA_CLK_A[8])
                                                     -0.266     6.409    u_compute_core/u_energy64/energy_acc1/DSP_A_B_DATA_INST
  -------------------------------------------------------------------
                         required time                          6.409    
                         arrival time                          -2.478    
  -------------------------------------------------------------------
                         slack                                  3.931    

Slack (MET) :             3.936ns  (required time - arrival time)
  Source:                 u_compute_core/u_fir32/sum_s5_reg[14]/C
                            (rising edge-triggered cell FDRE clocked by accelerator_clk  {rise@0.000ns fall@3.333ns period=6.667ns})
  Destination:            u_compute_core/u_energy64/energy_acc1/DSP_A_B_DATA_INST/A[23]
                            (rising edge-triggered cell DSP_A_B_DATA clocked by accelerator_clk  {rise@0.000ns fall@3.333ns period=6.667ns})
  Path Group:             accelerator_clk
  Path Type:              Setup (Max at Slow Process Corner)
  Requirement:            6.667ns  (accelerator_clk rise@6.667ns - accelerator_clk rise@0.000ns)
  Data Path Delay:        2.423ns  (logic 0.964ns (39.785%)  route 1.459ns (60.215%))
  Logic Levels:           10  (CARRY8=6 LUT1=2 LUT3=1 LUT6=1)
  Clock Path Skew:        0.013ns (DCD - SCD + CPR)
    Destination Clock Delay (DCD):    0.043ns = ( 6.710 - 6.667 ) 
    Source Clock Delay      (SCD):    0.030ns
    Clock Pessimism Removal (CPR):    0.000ns
  Clock Uncertainty:      0.035ns  ((TSJ^2 + TIJ^2)^1/2 + DJ) / 2 + PE
    Total System Jitter     (TSJ):    0.071ns
    Total Input Jitter      (TIJ):    0.000ns
    Discrete Jitter          (DJ):    0.000ns
    Phase Error              (PE):    0.000ns

    Location             Delay type                Incr(ns)  Path(ns)    Netlist Resource(s)
  -------------------------------------------------------------------    -------------------
                         (clock accelerator_clk rise edge)
                                                      0.000     0.000 r  
                                                      0.000     0.000 r  aclk (IN)
                         net (fo=3362, unset)         0.030     0.030    u_compute_core/u_fir32/aclk
                         FDRE                                         r  u_compute_core/u_fir32/sum_s5_reg[14]/C
  -------------------------------------------------------------------    -------------------
                         FDRE (Prop_FDRE_C_Q)         0.078     0.108 f  u_compute_core/u_fir32/sum_s5_reg[14]/Q
                         net (fo=4, unplaced)         0.149     0.257    u_compute_core/u_fir32/sum_s5[14]
                         LUT1 (Prop_LUT1_I0_O)        0.074     0.331 r  u_compute_core/u_fir32/energy_acc1_i_21/O
                         net (fo=1, unplaced)         0.238     0.569    u_compute_core/u_fir32/energy_acc1_i_21_n_0
                         CARRY8 (Prop_CARRY8_DI[5]_CO[7])
                                                      0.097     0.666 r  u_compute_core/u_fir32/energy_acc1_i_19/CO[7]
                         net (fo=1, unplaced)         0.005     0.671    u_compute_core/u_fir32/energy_acc1_i_19_n_0
                         CARRY8 (Prop_CARRY8_CI_O[4])
                                                      0.086     0.757 f  u_compute_core/u_fir32/i__carry_i_10__0/O[4]
                         net (fo=1, unplaced)         0.184     0.941    u_compute_core/u_fir32/rounded2[21]
                         LUT1 (Prop_LUT1_I0_O)        0.037     0.978 r  u_compute_core/u_fir32/i__carry_i_4__1/O
                         net (fo=1, unplaced)         0.029     1.007    u_compute_core/u_fir32/i__carry_i_4__1_n_0
                         CARRY8 (Prop_CARRY8_S[5]_CO[7])
                                                      0.166     1.173 r  u_compute_core/u_fir32/_inferred__8/i__carry/CO[7]
                         net (fo=1, unplaced)         0.005     1.178    u_compute_core/u_fir32/_inferred__8/i__carry_n_0
                         CARRY8 (Prop_CARRY8_CI_O[6])
                                                      0.103     1.281 f  u_compute_core/u_fir32/_inferred__8/i__carry__0/O[6]
                         net (fo=6, unplaced)         0.160     1.441    u_compute_core/u_fir32/rounded0[15]
                         LUT3 (Prop_LUT3_I1_O)        0.070     1.511 f  u_compute_core/u_fir32/i__carry_i_5__1/O
                         net (fo=1, unplaced)         0.260     1.771    u_compute_core/u_fir32/i__carry_i_5__1_n_0
                         CARRY8 (Prop_CARRY8_DI[0]_CO[7])
                                                      0.140     1.911 f  u_compute_core/u_fir32/quantize_q151_inferred__0/i__carry/CO[7]
                         net (fo=1, unplaced)         0.005     1.916    u_compute_core/u_fir32/quantize_q151_inferred__0/i__carry_n_0
                         CARRY8 (Prop_CARRY8_CI_CO[3])
                                                      0.060     1.976 f  u_compute_core/u_fir32/quantize_q151_inferred__0/i__carry__0/CO[3]
                         net (fo=32, unplaced)        0.197     2.173    u_compute_core/u_fir32/quantize_q1510_in
                         LUT6 (Prop_LUT6_I1_O)        0.053     2.226 r  u_compute_core/u_fir32/energy_acc1_i_2/O
                         net (fo=18, unplaced)        0.227     2.453    u_compute_core/u_energy64/energy_acc1/A[23]
                         DSP_A_B_DATA                                 r  u_compute_core/u_energy64/energy_acc1/DSP_A_B_DATA_INST/A[23]
  -------------------------------------------------------------------    -------------------

                         (clock accelerator_clk rise edge)
                                                      6.667     6.667 r  
                                                      0.000     6.667 r  aclk (IN)
                         net (fo=3362, unset)         0.043     6.710    u_compute_core/u_energy64/energy_acc1/CLK
                         DSP_A_B_DATA                                 r  u_compute_core/u_energy64/energy_acc1/DSP_A_B_DATA_INST/CLK
                         clock pessimism              0.000     6.710    
                         clock uncertainty           -0.035     6.675    
                         DSP_A_B_DATA (Setup_DSP_A_B_DATA_CLK_A[23])
                                                     -0.286     6.389    u_compute_core/u_energy64/energy_acc1/DSP_A_B_DATA_INST
  -------------------------------------------------------------------
                         required time                          6.389    
                         arrival time                          -2.453    
  -------------------------------------------------------------------
                         slack                                  3.936    

Slack (MET) :             3.939ns  (required time - arrival time)
  Source:                 u_compute_core/u_energy64/energy_acc1/DSP_A_B_DATA_INST/CLK
                            (rising edge-triggered cell DSP_A_B_DATA clocked by accelerator_clk  {rise@0.000ns fall@3.333ns period=6.667ns})
  Destination:            u_compute_core/u_energy64/m_axis_tdata_reg[47]/D
                            (rising edge-triggered cell FDRE clocked by accelerator_clk  {rise@0.000ns fall@3.333ns period=6.667ns})
  Path Group:             accelerator_clk
  Path Type:              Setup (Max at Slow Process Corner)
  Requirement:            6.667ns  (accelerator_clk rise@6.667ns - accelerator_clk rise@0.000ns)
  Data Path Delay:        2.679ns  (logic 2.114ns (78.910%)  route 0.565ns (21.090%))
  Logic Levels:           11  (CARRY8=4 DSP_ALU=1 DSP_M_DATA=1 DSP_MULTIPLIER=1 DSP_OUTPUT=1 DSP_PREADD_DATA=1 LUT2=1 LUT4=1)
  Clock Path Skew:        -0.039ns (DCD - SCD + CPR)
    Destination Clock Delay (DCD):    0.021ns = ( 6.688 - 6.667 ) 
    Source Clock Delay      (SCD):    0.060ns
    Clock Pessimism Removal (CPR):    0.000ns
  Clock Uncertainty:      0.035ns  ((TSJ^2 + TIJ^2)^1/2 + DJ) / 2 + PE
    Total System Jitter     (TSJ):    0.071ns
    Total Input Jitter      (TIJ):    0.000ns
    Discrete Jitter          (DJ):    0.000ns
    Phase Error              (PE):    0.000ns

    Location             Delay type                Incr(ns)  Path(ns)    Netlist Resource(s)
  -------------------------------------------------------------------    -------------------
                         (clock accelerator_clk rise edge)
                                                      0.000     0.000 r  
                                                      0.000     0.000 r  aclk (IN)
                         net (fo=3362, unset)         0.060     0.060    u_compute_core/u_energy64/energy_acc1/CLK
                         DSP_A_B_DATA                                 r  u_compute_core/u_energy64/energy_acc1/DSP_A_B_DATA_INST/CLK
  -------------------------------------------------------------------    -------------------
                         DSP_A_B_DATA (Prop_DSP_A_B_DATA_CLK_B2_DATA[1])
                                                      0.212     0.272 r  u_compute_core/u_energy64/energy_acc1/DSP_A_B_DATA_INST/B2_DATA[1]
                         net (fo=1, unplaced)         0.000     0.272    u_compute_core/u_energy64/energy_acc1/DSP_A_B_DATA.B2_DATA<1>
                         DSP_PREADD_DATA (Prop_DSP_PREADD_DATA_B2_DATA[1]_B2B1[1])
                                                      0.073     0.345 r  u_compute_core/u_energy64/energy_acc1/DSP_PREADD_DATA_INST/B2B1[1]
                         net (fo=1, unplaced)         0.000     0.345    u_compute_core/u_energy64/energy_acc1/DSP_PREADD_DATA.B2B1<1>
                         DSP_MULTIPLIER (Prop_DSP_MULTIPLIER_B2B1[1]_V[0])
                                                      0.609     0.954 f  u_compute_core/u_energy64/energy_acc1/DSP_MULTIPLIER_INST/V[0]
                         net (fo=1, unplaced)         0.000     0.954    u_compute_core/u_energy64/energy_acc1/DSP_MULTIPLIER.V<0>
                         DSP_M_DATA (Prop_DSP_M_DATA_V[0]_V_DATA[0])
                                                      0.046     1.000 r  u_compute_core/u_energy64/energy_acc1/DSP_M_DATA_INST/V_DATA[0]
                         net (fo=1, unplaced)         0.000     1.000    u_compute_core/u_energy64/energy_acc1/DSP_M_DATA.V_DATA<0>
                         DSP_ALU (Prop_DSP_ALU_V_DATA[0]_ALU_OUT[0])
                                                      0.571     1.571 f  u_compute_core/u_energy64/energy_acc1/DSP_ALU_INST/ALU_OUT[0]
                         net (fo=1, unplaced)         0.000     1.571    u_compute_core/u_energy64/energy_acc1/DSP_ALU.ALU_OUT<0>
                         DSP_OUTPUT (Prop_DSP_OUTPUT_ALU_OUT[0]_P[0])
                                                      0.109     1.680 r  u_compute_core/u_energy64/energy_acc1/DSP_OUTPUT_INST/P[0]
                         net (fo=66, unplaced)        0.282     1.962    u_compute_core/u_energy64/energy_acc1_n_105
                         LUT2 (Prop_LUT2_I0_O)        0.100     2.062 r  u_compute_core/u_energy64/energy_acc0_carry_i_7/O
                         net (fo=2, unplaced)         0.219     2.281    u_compute_core/u_energy64/energy_acc0_carry_i_7_n_0
                         LUT4 (Prop_LUT4_I3_O)        0.037     2.318 r  u_compute_core/u_energy64/energy_acc0_carry_i_14/O
                         net (fo=1, unplaced)         0.023     2.341    u_compute_core/u_energy64/energy_acc0_carry_i_14_n_0
                         CARRY8 (Prop_CARRY8_S[1]_CO[7])
                                                      0.197     2.538 r  u_compute_core/u_energy64/energy_acc0_carry/CO[7]
                         net (fo=1, unplaced)         0.005     2.543    u_compute_core/u_energy64/energy_acc0_carry_n_0
                         CARRY8 (Prop_CARRY8_CI_CO[7])
                                                      0.022     2.565 r  u_compute_core/u_energy64/energy_acc0_carry__0/CO[7]
                         net (fo=1, unplaced)         0.005     2.570    u_compute_core/u_energy64/energy_acc0_carry__0_n_0
                         CARRY8 (Prop_CARRY8_CI_CO[7])
                                                      0.022     2.592 r  u_compute_core/u_energy64/energy_acc0_carry__1/CO[7]
                         net (fo=1, unplaced)         0.005     2.597    u_compute_core/u_energy64/energy_acc0_carry__1_n_0
                         CARRY8 (Prop_CARRY8_CI_O[7])
                                                      0.116     2.713 r  u_compute_core/u_energy64/energy_acc0_carry__2/O[7]
                         net (fo=1, unplaced)         0.026     2.739    u_compute_core/u_energy64/energy_next_ext[31]
                         FDRE                                         r  u_compute_core/u_energy64/m_axis_tdata_reg[47]/D
  -------------------------------------------------------------------    -------------------

                         (clock accelerator_clk rise edge)
                                                      6.667     6.667 r  
                                                      0.000     6.667 r  aclk (IN)
                         net (fo=3362, unset)         0.021     6.688    u_compute_core/u_energy64/aclk
                         FDRE                                         r  u_compute_core/u_energy64/m_axis_tdata_reg[47]/C
                         clock pessimism              0.000     6.688    
                         clock uncertainty           -0.035     6.653    
                         FDRE (Setup_FDRE_C_D)        0.025     6.678    u_compute_core/u_energy64/m_axis_tdata_reg[47]
  -------------------------------------------------------------------
                         required time                          6.678    
                         arrival time                          -2.739    
  -------------------------------------------------------------------
                         slack                                  3.939    

Slack (MET) :             3.940ns  (required time - arrival time)
  Source:                 u_compute_core/u_energy64/energy_acc1/DSP_A_B_DATA_INST/CLK
                            (rising edge-triggered cell DSP_A_B_DATA clocked by accelerator_clk  {rise@0.000ns fall@3.333ns period=6.667ns})
  Destination:            u_compute_core/u_energy64/m_axis_tdata_reg[45]/D
                            (rising edge-triggered cell FDRE clocked by accelerator_clk  {rise@0.000ns fall@3.333ns period=6.667ns})
  Path Group:             accelerator_clk
  Path Type:              Setup (Max at Slow Process Corner)
  Requirement:            6.667ns  (accelerator_clk rise@6.667ns - accelerator_clk rise@0.000ns)
  Data Path Delay:        2.678ns  (logic 2.114ns (78.940%)  route 0.564ns (21.060%))
  Logic Levels:           11  (CARRY8=4 DSP_ALU=1 DSP_M_DATA=1 DSP_MULTIPLIER=1 DSP_OUTPUT=1 DSP_PREADD_DATA=1 LUT2=1 LUT4=1)
  Clock Path Skew:        -0.039ns (DCD - SCD + CPR)
    Destination Clock Delay (DCD):    0.021ns = ( 6.688 - 6.667 ) 
    Source Clock Delay      (SCD):    0.060ns
    Clock Pessimism Removal (CPR):    0.000ns
  Clock Uncertainty:      0.035ns  ((TSJ^2 + TIJ^2)^1/2 + DJ) / 2 + PE
    Total System Jitter     (TSJ):    0.071ns
    Total Input Jitter      (TIJ):    0.000ns
    Discrete Jitter          (DJ):    0.000ns
    Phase Error              (PE):    0.000ns

    Location             Delay type                Incr(ns)  Path(ns)    Netlist Resource(s)
  -------------------------------------------------------------------    -------------------
                         (clock accelerator_clk rise edge)
                                                      0.000     0.000 r  
                                                      0.000     0.000 r  aclk (IN)
                         net (fo=3362, unset)         0.060     0.060    u_compute_core/u_energy64/energy_acc1/CLK
                         DSP_A_B_DATA                                 r  u_compute_core/u_energy64/energy_acc1/DSP_A_B_DATA_INST/CLK
  -------------------------------------------------------------------    -------------------
                         DSP_A_B_DATA (Prop_DSP_A_B_DATA_CLK_B2_DATA[1])
                                                      0.212     0.272 r  u_compute_core/u_energy64/energy_acc1/DSP_A_B_DATA_INST/B2_DATA[1]
                         net (fo=1, unplaced)         0.000     0.272    u_compute_core/u_energy64/energy_acc1/DSP_A_B_DATA.B2_DATA<1>
                         DSP_PREADD_DATA (Prop_DSP_PREADD_DATA_B2_DATA[1]_B2B1[1])
                                                      0.073     0.345 r  u_compute_core/u_energy64/energy_acc1/DSP_PREADD_DATA_INST/B2B1[1]
                         net (fo=1, unplaced)         0.000     0.345    u_compute_core/u_energy64/energy_acc1/DSP_PREADD_DATA.B2B1<1>
                         DSP_MULTIPLIER (Prop_DSP_MULTIPLIER_B2B1[1]_V[0])
                                                      0.609     0.954 f  u_compute_core/u_energy64/energy_acc1/DSP_MULTIPLIER_INST/V[0]
                         net (fo=1, unplaced)         0.000     0.954    u_compute_core/u_energy64/energy_acc1/DSP_MULTIPLIER.V<0>
                         DSP_M_DATA (Prop_DSP_M_DATA_V[0]_V_DATA[0])
                                                      0.046     1.000 r  u_compute_core/u_energy64/energy_acc1/DSP_M_DATA_INST/V_DATA[0]
                         net (fo=1, unplaced)         0.000     1.000    u_compute_core/u_energy64/energy_acc1/DSP_M_DATA.V_DATA<0>
                         DSP_ALU (Prop_DSP_ALU_V_DATA[0]_ALU_OUT[0])
                                                      0.571     1.571 f  u_compute_core/u_energy64/energy_acc1/DSP_ALU_INST/ALU_OUT[0]
                         net (fo=1, unplaced)         0.000     1.571    u_compute_core/u_energy64/energy_acc1/DSP_ALU.ALU_OUT<0>
                         DSP_OUTPUT (Prop_DSP_OUTPUT_ALU_OUT[0]_P[0])
                                                      0.109     1.680 r  u_compute_core/u_energy64/energy_acc1/DSP_OUTPUT_INST/P[0]
                         net (fo=66, unplaced)        0.282     1.962    u_compute_core/u_energy64/energy_acc1_n_105
                         LUT2 (Prop_LUT2_I0_O)        0.100     2.062 r  u_compute_core/u_energy64/energy_acc0_carry_i_7/O
                         net (fo=2, unplaced)         0.219     2.281    u_compute_core/u_energy64/energy_acc0_carry_i_7_n_0
                         LUT4 (Prop_LUT4_I3_O)        0.037     2.318 r  u_compute_core/u_energy64/energy_acc0_carry_i_14/O
                         net (fo=1, unplaced)         0.023     2.341    u_compute_core/u_energy64/energy_acc0_carry_i_14_n_0
                         CARRY8 (Prop_CARRY8_S[1]_CO[7])
                                                      0.197     2.538 r  u_compute_core/u_energy64/energy_acc0_carry/CO[7]
                         net (fo=1, unplaced)         0.005     2.543    u_compute_core/u_energy64/energy_acc0_carry_n_0
                         CARRY8 (Prop_CARRY8_CI_CO[7])
                                                      0.022     2.565 r  u_compute_core/u_energy64/energy_acc0_carry__0/CO[7]
                         net (fo=1, unplaced)         0.005     2.570    u_compute_core/u_energy64/energy_acc0_carry__0_n_0
                         CARRY8 (Prop_CARRY8_CI_CO[7])
                                                      0.022     2.592 r  u_compute_core/u_energy64/energy_acc0_carry__1/CO[7]
                         net (fo=1, unplaced)         0.005     2.597    u_compute_core/u_energy64/energy_acc0_carry__1_n_0
                         CARRY8 (Prop_CARRY8_CI_O[5])
                                                      0.116     2.713 r  u_compute_core/u_energy64/energy_acc0_carry__2/O[5]
                         net (fo=1, unplaced)         0.025     2.738    u_compute_core/u_energy64/energy_next_ext[29]
                         FDRE                                         r  u_compute_core/u_energy64/m_axis_tdata_reg[45]/D
  -------------------------------------------------------------------    -------------------

                         (clock accelerator_clk rise edge)
                                                      6.667     6.667 r  
                                                      0.000     6.667 r  aclk (IN)
                         net (fo=3362, unset)         0.021     6.688    u_compute_core/u_energy64/aclk
                         FDRE                                         r  u_compute_core/u_energy64/m_axis_tdata_reg[45]/C
                         clock pessimism              0.000     6.688    
                         clock uncertainty           -0.035     6.653    
                         FDRE (Setup_FDRE_C_D)        0.025     6.678    u_compute_core/u_energy64/m_axis_tdata_reg[45]
  -------------------------------------------------------------------
                         required time                          6.678    
                         arrival time                          -2.738    
  -------------------------------------------------------------------
                         slack                                  3.940    

Slack (MET) :             3.941ns  (required time - arrival time)
  Source:                 u_compute_core/u_fir32/sum_s5_reg[14]/C
                            (rising edge-triggered cell FDRE clocked by accelerator_clk  {rise@0.000ns fall@3.333ns period=6.667ns})
  Destination:            u_compute_core/u_energy64/energy_acc1/DSP_A_B_DATA_INST/A[26]
                            (rising edge-triggered cell DSP_A_B_DATA clocked by accelerator_clk  {rise@0.000ns fall@3.333ns period=6.667ns})
  Path Group:             accelerator_clk
  Path Type:              Setup (Max at Slow Process Corner)
  Requirement:            6.667ns  (accelerator_clk rise@6.667ns - accelerator_clk rise@0.000ns)
  Data Path Delay:        2.419ns  (logic 0.964ns (39.851%)  route 1.455ns (60.149%))
  Logic Levels:           10  (CARRY8=6 LUT1=2 LUT3=1 LUT6=1)
  Clock Path Skew:        0.013ns (DCD - SCD + CPR)
    Destination Clock Delay (DCD):    0.043ns = ( 6.710 - 6.667 ) 
    Source Clock Delay      (SCD):    0.030ns
    Clock Pessimism Removal (CPR):    0.000ns
  Clock Uncertainty:      0.035ns  ((TSJ^2 + TIJ^2)^1/2 + DJ) / 2 + PE
    Total System Jitter     (TSJ):    0.071ns
    Total Input Jitter      (TIJ):    0.000ns
    Discrete Jitter          (DJ):    0.000ns
    Phase Error              (PE):    0.000ns

    Location             Delay type                Incr(ns)  Path(ns)    Netlist Resource(s)
  -------------------------------------------------------------------    -------------------
                         (clock accelerator_clk rise edge)
                                                      0.000     0.000 r  
                                                      0.000     0.000 r  aclk (IN)
                         net (fo=3362, unset)         0.030     0.030    u_compute_core/u_fir32/aclk
                         FDRE                                         r  u_compute_core/u_fir32/sum_s5_reg[14]/C
  -------------------------------------------------------------------    -------------------
                         FDRE (Prop_FDRE_C_Q)         0.078     0.108 f  u_compute_core/u_fir32/sum_s5_reg[14]/Q
                         net (fo=4, unplaced)         0.149     0.257    u_compute_core/u_fir32/sum_s5[14]
                         LUT1 (Prop_LUT1_I0_O)        0.074     0.331 r  u_compute_core/u_fir32/energy_acc1_i_21/O
                         net (fo=1, unplaced)         0.238     0.569    u_compute_core/u_fir32/energy_acc1_i_21_n_0
                         CARRY8 (Prop_CARRY8_DI[5]_CO[7])
                                                      0.097     0.666 r  u_compute_core/u_fir32/energy_acc1_i_19/CO[7]
                         net (fo=1, unplaced)         0.005     0.671    u_compute_core/u_fir32/energy_acc1_i_19_n_0
                         CARRY8 (Prop_CARRY8_CI_O[4])
                                                      0.086     0.757 f  u_compute_core/u_fir32/i__carry_i_10__0/O[4]
                         net (fo=1, unplaced)         0.184     0.941    u_compute_core/u_fir32/rounded2[21]
                         LUT1 (Prop_LUT1_I0_O)        0.037     0.978 r  u_compute_core/u_fir32/i__carry_i_4__1/O
                         net (fo=1, unplaced)         0.029     1.007    u_compute_core/u_fir32/i__carry_i_4__1_n_0
                         CARRY8 (Prop_CARRY8_S[5]_CO[7])
                                                      0.166     1.173 r  u_compute_core/u_fir32/_inferred__8/i__carry/CO[7]
                         net (fo=1, unplaced)         0.005     1.178    u_compute_core/u_fir32/_inferred__8/i__carry_n_0
                         CARRY8 (Prop_CARRY8_CI_O[6])
                                                      0.103     1.281 f  u_compute_core/u_fir32/_inferred__8/i__carry__0/O[6]
                         net (fo=6, unplaced)         0.160     1.441    u_compute_core/u_fir32/rounded0[15]
                         LUT3 (Prop_LUT3_I1_O)        0.070     1.511 f  u_compute_core/u_fir32/i__carry_i_5__1/O
                         net (fo=1, unplaced)         0.260     1.771    u_compute_core/u_fir32/i__carry_i_5__1_n_0
                         CARRY8 (Prop_CARRY8_DI[0]_CO[7])
                                                      0.140     1.911 f  u_compute_core/u_fir32/quantize_q151_inferred__0/i__carry/CO[7]
                         net (fo=1, unplaced)         0.005     1.916    u_compute_core/u_fir32/quantize_q151_inferred__0/i__carry_n_0
                         CARRY8 (Prop_CARRY8_CI_CO[3])
                                                      0.060     1.976 f  u_compute_core/u_fir32/quantize_q151_inferred__0/i__carry__0/CO[3]
                         net (fo=32, unplaced)        0.197     2.173    u_compute_core/u_fir32/quantize_q1510_in
                         LUT6 (Prop_LUT6_I1_O)        0.053     2.226 r  u_compute_core/u_fir32/energy_acc1_i_2/O
                         net (fo=18, unplaced)        0.223     2.449    u_compute_core/u_energy64/energy_acc1/A[26]
                         DSP_A_B_DATA                                 r  u_compute_core/u_energy64/energy_acc1/DSP_A_B_DATA_INST/A[26]
  -------------------------------------------------------------------    -------------------

                         (clock accelerator_clk rise edge)
                                                      6.667     6.667 r  
                                                      0.000     6.667 r  aclk (IN)
                         net (fo=3362, unset)         0.043     6.710    u_compute_core/u_energy64/energy_acc1/CLK
                         DSP_A_B_DATA                                 r  u_compute_core/u_energy64/energy_acc1/DSP_A_B_DATA_INST/CLK
                         clock pessimism              0.000     6.710    
                         clock uncertainty           -0.035     6.675    
                         DSP_A_B_DATA (Setup_DSP_A_B_DATA_CLK_A[26])
                                                     -0.285     6.390    u_compute_core/u_energy64/energy_acc1/DSP_A_B_DATA_INST
  -------------------------------------------------------------------
                         required time                          6.390    
                         arrival time                          -2.449    
  -------------------------------------------------------------------
                         slack                                  3.941    

Slack (MET) :             3.943ns  (required time - arrival time)
  Source:                 u_compute_core/u_energy64/energy_acc1/DSP_A_B_DATA_INST/CLK
                            (rising edge-triggered cell DSP_A_B_DATA clocked by accelerator_clk  {rise@0.000ns fall@3.333ns period=6.667ns})
  Destination:            u_compute_core/u_energy64/m_axis_tdata_reg[52]/D
                            (rising edge-triggered cell FDRE clocked by accelerator_clk  {rise@0.000ns fall@3.333ns period=6.667ns})
  Path Group:             accelerator_clk
  Path Type:              Setup (Max at Slow Process Corner)
  Requirement:            6.667ns  (accelerator_clk rise@6.667ns - accelerator_clk rise@0.000ns)
  Data Path Delay:        2.675ns  (logic 2.106ns (78.729%)  route 0.569ns (21.271%))
  Logic Levels:           12  (CARRY8=5 DSP_ALU=1 DSP_M_DATA=1 DSP_MULTIPLIER=1 DSP_OUTPUT=1 DSP_PREADD_DATA=1 LUT2=1 LUT4=1)
  Clock Path Skew:        -0.039ns (DCD - SCD + CPR)
    Destination Clock Delay (DCD):    0.021ns = ( 6.688 - 6.667 ) 
    Source Clock Delay      (SCD):    0.060ns
    Clock Pessimism Removal (CPR):    0.000ns
  Clock Uncertainty:      0.035ns  ((TSJ^2 + TIJ^2)^1/2 + DJ) / 2 + PE
    Total System Jitter     (TSJ):    0.071ns
    Total Input Jitter      (TIJ):    0.000ns
    Discrete Jitter          (DJ):    0.000ns
    Phase Error              (PE):    0.000ns

    Location             Delay type                Incr(ns)  Path(ns)    Netlist Resource(s)
  -------------------------------------------------------------------    -------------------
                         (clock accelerator_clk rise edge)
                                                      0.000     0.000 r  
                                                      0.000     0.000 r  aclk (IN)
                         net (fo=3362, unset)         0.060     0.060    u_compute_core/u_energy64/energy_acc1/CLK
                         DSP_A_B_DATA                                 r  u_compute_core/u_energy64/energy_acc1/DSP_A_B_DATA_INST/CLK
  -------------------------------------------------------------------    -------------------
                         DSP_A_B_DATA (Prop_DSP_A_B_DATA_CLK_B2_DATA[1])
                                                      0.212     0.272 r  u_compute_core/u_energy64/energy_acc1/DSP_A_B_DATA_INST/B2_DATA[1]
                         net (fo=1, unplaced)         0.000     0.272    u_compute_core/u_energy64/energy_acc1/DSP_A_B_DATA.B2_DATA<1>
                         DSP_PREADD_DATA (Prop_DSP_PREADD_DATA_B2_DATA[1]_B2B1[1])
                                                      0.073     0.345 r  u_compute_core/u_energy64/energy_acc1/DSP_PREADD_DATA_INST/B2B1[1]
                         net (fo=1, unplaced)         0.000     0.345    u_compute_core/u_energy64/energy_acc1/DSP_PREADD_DATA.B2B1<1>
                         DSP_MULTIPLIER (Prop_DSP_MULTIPLIER_B2B1[1]_V[0])
                                                      0.609     0.954 f  u_compute_core/u_energy64/energy_acc1/DSP_MULTIPLIER_INST/V[0]
                         net (fo=1, unplaced)         0.000     0.954    u_compute_core/u_energy64/energy_acc1/DSP_MULTIPLIER.V<0>
                         DSP_M_DATA (Prop_DSP_M_DATA_V[0]_V_DATA[0])
                                                      0.046     1.000 r  u_compute_core/u_energy64/energy_acc1/DSP_M_DATA_INST/V_DATA[0]
                         net (fo=1, unplaced)         0.000     1.000    u_compute_core/u_energy64/energy_acc1/DSP_M_DATA.V_DATA<0>
                         DSP_ALU (Prop_DSP_ALU_V_DATA[0]_ALU_OUT[0])
                                                      0.571     1.571 f  u_compute_core/u_energy64/energy_acc1/DSP_ALU_INST/ALU_OUT[0]
                         net (fo=1, unplaced)         0.000     1.571    u_compute_core/u_energy64/energy_acc1/DSP_ALU.ALU_OUT<0>
                         DSP_OUTPUT (Prop_DSP_OUTPUT_ALU_OUT[0]_P[0])
                                                      0.109     1.680 r  u_compute_core/u_energy64/energy_acc1/DSP_OUTPUT_INST/P[0]
                         net (fo=66, unplaced)        0.282     1.962    u_compute_core/u_energy64/energy_acc1_n_105
                         LUT2 (Prop_LUT2_I0_O)        0.100     2.062 r  u_compute_core/u_energy64/energy_acc0_carry_i_7/O
                         net (fo=2, unplaced)         0.219     2.281    u_compute_core/u_energy64/energy_acc0_carry_i_7_n_0
                         LUT4 (Prop_LUT4_I3_O)        0.037     2.318 r  u_compute_core/u_energy64/energy_acc0_carry_i_14/O
                         net (fo=1, unplaced)         0.023     2.341    u_compute_core/u_energy64/energy_acc0_carry_i_14_n_0
                         CARRY8 (Prop_CARRY8_S[1]_CO[7])
                                                      0.197     2.538 r  u_compute_core/u_energy64/energy_acc0_carry/CO[7]
                         net (fo=1, unplaced)         0.005     2.543    u_compute_core/u_energy64/energy_acc0_carry_n_0
                         CARRY8 (Prop_CARRY8_CI_CO[7])
                                                      0.022     2.565 r  u_compute_core/u_energy64/energy_acc0_carry__0/CO[7]
                         net (fo=1, unplaced)         0.005     2.570    u_compute_core/u_energy64/energy_acc0_carry__0_n_0
                         CARRY8 (Prop_CARRY8_CI_CO[7])
                                                      0.022     2.592 r  u_compute_core/u_energy64/energy_acc0_carry__1/CO[7]
                         net (fo=1, unplaced)         0.005     2.597    u_compute_core/u_energy64/energy_acc0_carry__1_n_0
                         CARRY8 (Prop_CARRY8_CI_CO[7])
                                                      0.022     2.619 r  u_compute_core/u_energy64/energy_acc0_carry__2/CO[7]
                         net (fo=1, unplaced)         0.005     2.624    u_compute_core/u_energy64/energy_acc0_carry__2_n_0
                         CARRY8 (Prop_CARRY8_CI_O[4])
                                                      0.086     2.710 r  u_compute_core/u_energy64/energy_acc0_carry__3/O[4]
                         net (fo=1, unplaced)         0.025     2.735    u_compute_core/u_energy64/energy_next_ext[36]
                         FDRE                                         r  u_compute_core/u_energy64/m_axis_tdata_reg[52]/D
  -------------------------------------------------------------------    -------------------

                         (clock accelerator_clk rise edge)
                                                      6.667     6.667 r  
                                                      0.000     6.667 r  aclk (IN)
                         net (fo=3362, unset)         0.021     6.688    u_compute_core/u_energy64/aclk
                         FDRE                                         r  u_compute_core/u_energy64/m_axis_tdata_reg[52]/C
                         clock pessimism              0.000     6.688    
                         clock uncertainty           -0.035     6.653    
                         FDRE (Setup_FDRE_C_D)        0.025     6.678    u_compute_core/u_energy64/m_axis_tdata_reg[52]
  -------------------------------------------------------------------
                         required time                          6.678    
                         arrival time                          -2.735    
  -------------------------------------------------------------------
                         slack                                  3.943    

Slack (MET) :             3.946ns  (required time - arrival time)
  Source:                 u_compute_core/u_energy64/energy_acc1/DSP_A_B_DATA_INST/CLK
                            (rising edge-triggered cell DSP_A_B_DATA clocked by accelerator_clk  {rise@0.000ns fall@3.333ns period=6.667ns})
  Destination:            u_compute_core/u_energy64/m_axis_tdata_reg[51]/D
                            (rising edge-triggered cell FDRE clocked by accelerator_clk  {rise@0.000ns fall@3.333ns period=6.667ns})
  Path Group:             accelerator_clk
  Path Type:              Setup (Max at Slow Process Corner)
  Requirement:            6.667ns  (accelerator_clk rise@6.667ns - accelerator_clk rise@0.000ns)
  Data Path Delay:        2.672ns  (logic 2.102ns (78.668%)  route 0.570ns (21.332%))
  Logic Levels:           12  (CARRY8=5 DSP_ALU=1 DSP_M_DATA=1 DSP_MULTIPLIER=1 DSP_OUTPUT=1 DSP_PREADD_DATA=1 LUT2=1 LUT4=1)
  Clock Path Skew:        -0.039ns (DCD - SCD + CPR)
    Destination Clock Delay (DCD):    0.021ns = ( 6.688 - 6.667 ) 
    Source Clock Delay      (SCD):    0.060ns
    Clock Pessimism Removal (CPR):    0.000ns
  Clock Uncertainty:      0.035ns  ((TSJ^2 + TIJ^2)^1/2 + DJ) / 2 + PE
    Total System Jitter     (TSJ):    0.071ns
    Total Input Jitter      (TIJ):    0.000ns
    Discrete Jitter          (DJ):    0.000ns
    Phase Error              (PE):    0.000ns

    Location             Delay type                Incr(ns)  Path(ns)    Netlist Resource(s)
  -------------------------------------------------------------------    -------------------
                         (clock accelerator_clk rise edge)
                                                      0.000     0.000 r  
                                                      0.000     0.000 r  aclk (IN)
                         net (fo=3362, unset)         0.060     0.060    u_compute_core/u_energy64/energy_acc1/CLK
                         DSP_A_B_DATA                                 r  u_compute_core/u_energy64/energy_acc1/DSP_A_B_DATA_INST/CLK
  -------------------------------------------------------------------    -------------------
                         DSP_A_B_DATA (Prop_DSP_A_B_DATA_CLK_B2_DATA[1])
                                                      0.212     0.272 r  u_compute_core/u_energy64/energy_acc1/DSP_A_B_DATA_INST/B2_DATA[1]
                         net (fo=1, unplaced)         0.000     0.272    u_compute_core/u_energy64/energy_acc1/DSP_A_B_DATA.B2_DATA<1>
                         DSP_PREADD_DATA (Prop_DSP_PREADD_DATA_B2_DATA[1]_B2B1[1])
                                                      0.073     0.345 r  u_compute_core/u_energy64/energy_acc1/DSP_PREADD_DATA_INST/B2B1[1]
                         net (fo=1, unplaced)         0.000     0.345    u_compute_core/u_energy64/energy_acc1/DSP_PREADD_DATA.B2B1<1>
                         DSP_MULTIPLIER (Prop_DSP_MULTIPLIER_B2B1[1]_V[0])
                                                      0.609     0.954 f  u_compute_core/u_energy64/energy_acc1/DSP_MULTIPLIER_INST/V[0]
                         net (fo=1, unplaced)         0.000     0.954    u_compute_core/u_energy64/energy_acc1/DSP_MULTIPLIER.V<0>
                         DSP_M_DATA (Prop_DSP_M_DATA_V[0]_V_DATA[0])
                                                      0.046     1.000 r  u_compute_core/u_energy64/energy_acc1/DSP_M_DATA_INST/V_DATA[0]
                         net (fo=1, unplaced)         0.000     1.000    u_compute_core/u_energy64/energy_acc1/DSP_M_DATA.V_DATA<0>
                         DSP_ALU (Prop_DSP_ALU_V_DATA[0]_ALU_OUT[0])
                                                      0.571     1.571 f  u_compute_core/u_energy64/energy_acc1/DSP_ALU_INST/ALU_OUT[0]
                         net (fo=1, unplaced)         0.000     1.571    u_compute_core/u_energy64/energy_acc1/DSP_ALU.ALU_OUT<0>
                         DSP_OUTPUT (Prop_DSP_OUTPUT_ALU_OUT[0]_P[0])
                                                      0.109     1.680 r  u_compute_core/u_energy64/energy_acc1/DSP_OUTPUT_INST/P[0]
                         net (fo=66, unplaced)        0.282     1.962    u_compute_core/u_energy64/energy_acc1_n_105
                         LUT2 (Prop_LUT2_I0_O)        0.100     2.062 r  u_compute_core/u_energy64/energy_acc0_carry_i_7/O
                         net (fo=2, unplaced)         0.219     2.281    u_compute_core/u_energy64/energy_acc0_carry_i_7_n_0
                         LUT4 (Prop_LUT4_I3_O)        0.037     2.318 r  u_compute_core/u_energy64/energy_acc0_carry_i_14/O
                         net (fo=1, unplaced)         0.023     2.341    u_compute_core/u_energy64/energy_acc0_carry_i_14_n_0
                         CARRY8 (Prop_CARRY8_S[1]_CO[7])
                                                      0.197     2.538 r  u_compute_core/u_energy64/energy_acc0_carry/CO[7]
                         net (fo=1, unplaced)         0.005     2.543    u_compute_core/u_energy64/energy_acc0_carry_n_0
                         CARRY8 (Prop_CARRY8_CI_CO[7])
                                                      0.022     2.565 r  u_compute_core/u_energy64/energy_acc0_carry__0/CO[7]
                         net (fo=1, unplaced)         0.005     2.570    u_compute_core/u_energy64/energy_acc0_carry__0_n_0
                         CARRY8 (Prop_CARRY8_CI_CO[7])
                                                      0.022     2.592 r  u_compute_core/u_energy64/energy_acc0_carry__1/CO[7]
                         net (fo=1, unplaced)         0.005     2.597    u_compute_core/u_energy64/energy_acc0_carry__1_n_0
                         CARRY8 (Prop_CARRY8_CI_CO[7])
                                                      0.022     2.619 r  u_compute_core/u_energy64/energy_acc0_carry__2/CO[7]
                         net (fo=1, unplaced)         0.005     2.624    u_compute_core/u_energy64/energy_acc0_carry__2_n_0
                         CARRY8 (Prop_CARRY8_CI_O[3])
                                                      0.082     2.706 r  u_compute_core/u_energy64/energy_acc0_carry__3/O[3]
                         net (fo=1, unplaced)         0.026     2.732    u_compute_core/u_energy64/energy_next_ext[35]
                         FDRE                                         r  u_compute_core/u_energy64/m_axis_tdata_reg[51]/D
  -------------------------------------------------------------------    -------------------

                         (clock accelerator_clk rise edge)
                                                      6.667     6.667 r  
                                                      0.000     6.667 r  aclk (IN)
                         net (fo=3362, unset)         0.021     6.688    u_compute_core/u_energy64/aclk
                         FDRE                                         r  u_compute_core/u_energy64/m_axis_tdata_reg[51]/C
                         clock pessimism              0.000     6.688    
                         clock uncertainty           -0.035     6.653    
                         FDRE (Setup_FDRE_C_D)        0.025     6.678    u_compute_core/u_energy64/m_axis_tdata_reg[51]
  -------------------------------------------------------------------
                         required time                          6.678    
                         arrival time                          -2.732    
  -------------------------------------------------------------------
                         slack                                  3.946    

Slack (MET) :             3.948ns  (required time - arrival time)
  Source:                 u_compute_core/u_fir32/sum_s5_reg[14]/C
                            (rising edge-triggered cell FDRE clocked by accelerator_clk  {rise@0.000ns fall@3.333ns period=6.667ns})
  Destination:            u_compute_core/u_energy64/energy_acc1/DSP_A_B_DATA_INST/A[27]
                            (rising edge-triggered cell DSP_A_B_DATA clocked by accelerator_clk  {rise@0.000ns fall@3.333ns period=6.667ns})
  Path Group:             accelerator_clk
  Path Type:              Setup (Max at Slow Process Corner)
  Requirement:            6.667ns  (accelerator_clk rise@6.667ns - accelerator_clk rise@0.000ns)
  Data Path Delay:        2.415ns  (logic 0.964ns (39.917%)  route 1.451ns (60.083%))
  Logic Levels:           10  (CARRY8=6 LUT1=2 LUT3=1 LUT6=1)
  Clock Path Skew:        0.013ns (DCD - SCD + CPR)
    Destination Clock Delay (DCD):    0.043ns = ( 6.710 - 6.667 ) 
    Source Clock Delay      (SCD):    0.030ns
    Clock Pessimism Removal (CPR):    0.000ns
  Clock Uncertainty:      0.035ns  ((TSJ^2 + TIJ^2)^1/2 + DJ) / 2 + PE
    Total System Jitter     (TSJ):    0.071ns
    Total Input Jitter      (TIJ):    0.000ns
    Discrete Jitter          (DJ):    0.000ns
    Phase Error              (PE):    0.000ns

    Location             Delay type                Incr(ns)  Path(ns)    Netlist Resource(s)
  -------------------------------------------------------------------    -------------------
                         (clock accelerator_clk rise edge)
                                                      0.000     0.000 r  
                                                      0.000     0.000 r  aclk (IN)
                         net (fo=3362, unset)         0.030     0.030    u_compute_core/u_fir32/aclk
                         FDRE                                         r  u_compute_core/u_fir32/sum_s5_reg[14]/C
  -------------------------------------------------------------------    -------------------
                         FDRE (Prop_FDRE_C_Q)         0.078     0.108 f  u_compute_core/u_fir32/sum_s5_reg[14]/Q
                         net (fo=4, unplaced)         0.149     0.257    u_compute_core/u_fir32/sum_s5[14]
                         LUT1 (Prop_LUT1_I0_O)        0.074     0.331 r  u_compute_core/u_fir32/energy_acc1_i_21/O
                         net (fo=1, unplaced)         0.238     0.569    u_compute_core/u_fir32/energy_acc1_i_21_n_0
                         CARRY8 (Prop_CARRY8_DI[5]_CO[7])
                                                      0.097     0.666 r  u_compute_core/u_fir32/energy_acc1_i_19/CO[7]
                         net (fo=1, unplaced)         0.005     0.671    u_compute_core/u_fir32/energy_acc1_i_19_n_0
                         CARRY8 (Prop_CARRY8_CI_O[4])
                                                      0.086     0.757 f  u_compute_core/u_fir32/i__carry_i_10__0/O[4]
                         net (fo=1, unplaced)         0.184     0.941    u_compute_core/u_fir32/rounded2[21]
                         LUT1 (Prop_LUT1_I0_O)        0.037     0.978 r  u_compute_core/u_fir32/i__carry_i_4__1/O
                         net (fo=1, unplaced)         0.029     1.007    u_compute_core/u_fir32/i__carry_i_4__1_n_0
                         CARRY8 (Prop_CARRY8_S[5]_CO[7])
                                                      0.166     1.173 r  u_compute_core/u_fir32/_inferred__8/i__carry/CO[7]
                         net (fo=1, unplaced)         0.005     1.178    u_compute_core/u_fir32/_inferred__8/i__carry_n_0
                         CARRY8 (Prop_CARRY8_CI_O[6])
                                                      0.103     1.281 f  u_compute_core/u_fir32/_inferred__8/i__carry__0/O[6]
                         net (fo=6, unplaced)         0.160     1.441    u_compute_core/u_fir32/rounded0[15]
                         LUT3 (Prop_LUT3_I1_O)        0.070     1.511 f  u_compute_core/u_fir32/i__carry_i_5__1/O
                         net (fo=1, unplaced)         0.260     1.771    u_compute_core/u_fir32/i__carry_i_5__1_n_0
                         CARRY8 (Prop_CARRY8_DI[0]_CO[7])
                                                      0.140     1.911 f  u_compute_core/u_fir32/quantize_q151_inferred__0/i__carry/CO[7]
                         net (fo=1, unplaced)         0.005     1.916    u_compute_core/u_fir32/quantize_q151_inferred__0/i__carry_n_0
                         CARRY8 (Prop_CARRY8_CI_CO[3])
                                                      0.060     1.976 f  u_compute_core/u_fir32/quantize_q151_inferred__0/i__carry__0/CO[3]
                         net (fo=32, unplaced)        0.197     2.173    u_compute_core/u_fir32/quantize_q1510_in
                         LUT6 (Prop_LUT6_I1_O)        0.053     2.226 r  u_compute_core/u_fir32/energy_acc1_i_2/O
                         net (fo=18, unplaced)        0.219     2.445    u_compute_core/u_energy64/energy_acc1/A[27]
                         DSP_A_B_DATA                                 r  u_compute_core/u_energy64/energy_acc1/DSP_A_B_DATA_INST/A[27]
  -------------------------------------------------------------------    -------------------

                         (clock accelerator_clk rise edge)
                                                      6.667     6.667 r  
                                                      0.000     6.667 r  aclk (IN)
                         net (fo=3362, unset)         0.043     6.710    u_compute_core/u_energy64/energy_acc1/CLK
                         DSP_A_B_DATA                                 r  u_compute_core/u_energy64/energy_acc1/DSP_A_B_DATA_INST/CLK
                         clock pessimism              0.000     6.710    
                         clock uncertainty           -0.035     6.675    
                         DSP_A_B_DATA (Setup_DSP_A_B_DATA_CLK_A[27])
                                                     -0.282     6.393    u_compute_core/u_energy64/energy_acc1/DSP_A_B_DATA_INST
  -------------------------------------------------------------------
                         required time                          6.393    
                         arrival time                          -2.445    
  -------------------------------------------------------------------
                         slack                                  3.948    

Slack (MET) :             3.952ns  (required time - arrival time)
  Source:                 u_compute_core/u_energy64/energy_acc1/DSP_A_B_DATA_INST/CLK
                            (rising edge-triggered cell DSP_A_B_DATA clocked by accelerator_clk  {rise@0.000ns fall@3.333ns period=6.667ns})
  Destination:            u_compute_core/u_energy64/m_axis_tdata_reg[46]/D
                            (rising edge-triggered cell FDRE clocked by accelerator_clk  {rise@0.000ns fall@3.333ns period=6.667ns})
  Path Group:             accelerator_clk
  Path Type:              Setup (Max at Slow Process Corner)
  Requirement:            6.667ns  (accelerator_clk rise@6.667ns - accelerator_clk rise@0.000ns)
  Data Path Delay:        2.666ns  (logic 2.101ns (78.807%)  route 0.565ns (21.193%))
  Logic Levels:           11  (CARRY8=4 DSP_ALU=1 DSP_M_DATA=1 DSP_MULTIPLIER=1 DSP_OUTPUT=1 DSP_PREADD_DATA=1 LUT2=1 LUT4=1)
  Clock Path Skew:        -0.039ns (DCD - SCD + CPR)
    Destination Clock Delay (DCD):    0.021ns = ( 6.688 - 6.667 ) 
    Source Clock Delay      (SCD):    0.060ns
    Clock Pessimism Removal (CPR):    0.000ns
  Clock Uncertainty:      0.035ns  ((TSJ^2 + TIJ^2)^1/2 + DJ) / 2 + PE
    Total System Jitter     (TSJ):    0.071ns
    Total Input Jitter      (TIJ):    0.000ns
    Discrete Jitter          (DJ):    0.000ns
    Phase Error              (PE):    0.000ns

    Location             Delay type                Incr(ns)  Path(ns)    Netlist Resource(s)
  -------------------------------------------------------------------    -------------------
                         (clock accelerator_clk rise edge)
                                                      0.000     0.000 r  
                                                      0.000     0.000 r  aclk (IN)
                         net (fo=3362, unset)         0.060     0.060    u_compute_core/u_energy64/energy_acc1/CLK
                         DSP_A_B_DATA                                 r  u_compute_core/u_energy64/energy_acc1/DSP_A_B_DATA_INST/CLK
  -------------------------------------------------------------------    -------------------
                         DSP_A_B_DATA (Prop_DSP_A_B_DATA_CLK_B2_DATA[1])
                                                      0.212     0.272 r  u_compute_core/u_energy64/energy_acc1/DSP_A_B_DATA_INST/B2_DATA[1]
                         net (fo=1, unplaced)         0.000     0.272    u_compute_core/u_energy64/energy_acc1/DSP_A_B_DATA.B2_DATA<1>
                         DSP_PREADD_DATA (Prop_DSP_PREADD_DATA_B2_DATA[1]_B2B1[1])
                                                      0.073     0.345 r  u_compute_core/u_energy64/energy_acc1/DSP_PREADD_DATA_INST/B2B1[1]
                         net (fo=1, unplaced)         0.000     0.345    u_compute_core/u_energy64/energy_acc1/DSP_PREADD_DATA.B2B1<1>
                         DSP_MULTIPLIER (Prop_DSP_MULTIPLIER_B2B1[1]_V[0])
                                                      0.609     0.954 f  u_compute_core/u_energy64/energy_acc1/DSP_MULTIPLIER_INST/V[0]
                         net (fo=1, unplaced)         0.000     0.954    u_compute_core/u_energy64/energy_acc1/DSP_MULTIPLIER.V<0>
                         DSP_M_DATA (Prop_DSP_M_DATA_V[0]_V_DATA[0])
                                                      0.046     1.000 r  u_compute_core/u_energy64/energy_acc1/DSP_M_DATA_INST/V_DATA[0]
                         net (fo=1, unplaced)         0.000     1.000    u_compute_core/u_energy64/energy_acc1/DSP_M_DATA.V_DATA<0>
                         DSP_ALU (Prop_DSP_ALU_V_DATA[0]_ALU_OUT[0])
                                                      0.571     1.571 f  u_compute_core/u_energy64/energy_acc1/DSP_ALU_INST/ALU_OUT[0]
                         net (fo=1, unplaced)         0.000     1.571    u_compute_core/u_energy64/energy_acc1/DSP_ALU.ALU_OUT<0>
                         DSP_OUTPUT (Prop_DSP_OUTPUT_ALU_OUT[0]_P[0])
                                                      0.109     1.680 r  u_compute_core/u_energy64/energy_acc1/DSP_OUTPUT_INST/P[0]
                         net (fo=66, unplaced)        0.282     1.962    u_compute_core/u_energy64/energy_acc1_n_105
                         LUT2 (Prop_LUT2_I0_O)        0.100     2.062 r  u_compute_core/u_energy64/energy_acc0_carry_i_7/O
                         net (fo=2, unplaced)         0.219     2.281    u_compute_core/u_energy64/energy_acc0_carry_i_7_n_0
                         LUT4 (Prop_LUT4_I3_O)        0.037     2.318 r  u_compute_core/u_energy64/energy_acc0_carry_i_14/O
                         net (fo=1, unplaced)         0.023     2.341    u_compute_core/u_energy64/energy_acc0_carry_i_14_n_0
                         CARRY8 (Prop_CARRY8_S[1]_CO[7])
                                                      0.197     2.538 r  u_compute_core/u_energy64/energy_acc0_carry/CO[7]
                         net (fo=1, unplaced)         0.005     2.543    u_compute_core/u_energy64/energy_acc0_carry_n_0
                         CARRY8 (Prop_CARRY8_CI_CO[7])
                                                      0.022     2.565 r  u_compute_core/u_energy64/energy_acc0_carry__0/CO[7]
                         net (fo=1, unplaced)         0.005     2.570    u_compute_core/u_energy64/energy_acc0_carry__0_n_0
                         CARRY8 (Prop_CARRY8_CI_CO[7])
                                                      0.022     2.592 r  u_compute_core/u_energy64/energy_acc0_carry__1/CO[7]
                         net (fo=1, unplaced)         0.005     2.597    u_compute_core/u_energy64/energy_acc0_carry__1_n_0
                         CARRY8 (Prop_CARRY8_CI_O[6])
                                                      0.103     2.700 r  u_compute_core/u_energy64/energy_acc0_carry__2/O[6]
                         net (fo=1, unplaced)         0.026     2.726    u_compute_core/u_energy64/energy_next_ext[30]
                         FDRE                                         r  u_compute_core/u_energy64/m_axis_tdata_reg[46]/D
  -------------------------------------------------------------------    -------------------

                         (clock accelerator_clk rise edge)
                                                      6.667     6.667 r  
                                                      0.000     6.667 r  aclk (IN)
                         net (fo=3362, unset)         0.021     6.688    u_compute_core/u_energy64/aclk
                         FDRE                                         r  u_compute_core/u_energy64/m_axis_tdata_reg[46]/C
                         clock pessimism              0.000     6.688    
                         clock uncertainty           -0.035     6.653    
                         FDRE (Setup_FDRE_C_D)        0.025     6.678    u_compute_core/u_energy64/m_axis_tdata_reg[46]
  -------------------------------------------------------------------
                         required time                          6.678    
                         arrival time                          -2.726    
  -------------------------------------------------------------------
                         slack                                  3.952    

Slack (MET) :             3.953ns  (required time - arrival time)
  Source:                 u_compute_core/u_energy64/energy_acc1/DSP_A_B_DATA_INST/CLK
                            (rising edge-triggered cell DSP_A_B_DATA clocked by accelerator_clk  {rise@0.000ns fall@3.333ns period=6.667ns})
  Destination:            u_compute_core/u_energy64/m_axis_tdata_reg[49]/D
                            (rising edge-triggered cell FDRE clocked by accelerator_clk  {rise@0.000ns fall@3.333ns period=6.667ns})
  Path Group:             accelerator_clk
  Path Type:              Setup (Max at Slow Process Corner)
  Requirement:            6.667ns  (accelerator_clk rise@6.667ns - accelerator_clk rise@0.000ns)
  Data Path Delay:        2.665ns  (logic 2.096ns (78.649%)  route 0.569ns (21.351%))
  Logic Levels:           12  (CARRY8=5 DSP_ALU=1 DSP_M_DATA=1 DSP_MULTIPLIER=1 DSP_OUTPUT=1 DSP_PREADD_DATA=1 LUT2=1 LUT4=1)
  Clock Path Skew:        -0.039ns (DCD - SCD + CPR)
    Destination Clock Delay (DCD):    0.021ns = ( 6.688 - 6.667 ) 
    Source Clock Delay      (SCD):    0.060ns
    Clock Pessimism Removal (CPR):    0.000ns
  Clock Uncertainty:      0.035ns  ((TSJ^2 + TIJ^2)^1/2 + DJ) / 2 + PE
    Total System Jitter     (TSJ):    0.071ns
    Total Input Jitter      (TIJ):    0.000ns
    Discrete Jitter          (DJ):    0.000ns
    Phase Error              (PE):    0.000ns

    Location             Delay type                Incr(ns)  Path(ns)    Netlist Resource(s)
  -------------------------------------------------------------------    -------------------
                         (clock accelerator_clk rise edge)
                                                      0.000     0.000 r  
                                                      0.000     0.000 r  aclk (IN)
                         net (fo=3362, unset)         0.060     0.060    u_compute_core/u_energy64/energy_acc1/CLK
                         DSP_A_B_DATA                                 r  u_compute_core/u_energy64/energy_acc1/DSP_A_B_DATA_INST/CLK
  -------------------------------------------------------------------    -------------------
                         DSP_A_B_DATA (Prop_DSP_A_B_DATA_CLK_B2_DATA[1])
                                                      0.212     0.272 r  u_compute_core/u_energy64/energy_acc1/DSP_A_B_DATA_INST/B2_DATA[1]
                         net (fo=1, unplaced)         0.000     0.272    u_compute_core/u_energy64/energy_acc1/DSP_A_B_DATA.B2_DATA<1>
                         DSP_PREADD_DATA (Prop_DSP_PREADD_DATA_B2_DATA[1]_B2B1[1])
                                                      0.073     0.345 r  u_compute_core/u_energy64/energy_acc1/DSP_PREADD_DATA_INST/B2B1[1]
                         net (fo=1, unplaced)         0.000     0.345    u_compute_core/u_energy64/energy_acc1/DSP_PREADD_DATA.B2B1<1>
                         DSP_MULTIPLIER (Prop_DSP_MULTIPLIER_B2B1[1]_V[0])
                                                      0.609     0.954 f  u_compute_core/u_energy64/energy_acc1/DSP_MULTIPLIER_INST/V[0]
                         net (fo=1, unplaced)         0.000     0.954    u_compute_core/u_energy64/energy_acc1/DSP_MULTIPLIER.V<0>
                         DSP_M_DATA (Prop_DSP_M_DATA_V[0]_V_DATA[0])
                                                      0.046     1.000 r  u_compute_core/u_energy64/energy_acc1/DSP_M_DATA_INST/V_DATA[0]
                         net (fo=1, unplaced)         0.000     1.000    u_compute_core/u_energy64/energy_acc1/DSP_M_DATA.V_DATA<0>
                         DSP_ALU (Prop_DSP_ALU_V_DATA[0]_ALU_OUT[0])
                                                      0.571     1.571 f  u_compute_core/u_energy64/energy_acc1/DSP_ALU_INST/ALU_OUT[0]
                         net (fo=1, unplaced)         0.000     1.571    u_compute_core/u_energy64/energy_acc1/DSP_ALU.ALU_OUT<0>
                         DSP_OUTPUT (Prop_DSP_OUTPUT_ALU_OUT[0]_P[0])
                                                      0.109     1.680 r  u_compute_core/u_energy64/energy_acc1/DSP_OUTPUT_INST/P[0]
                         net (fo=66, unplaced)        0.282     1.962    u_compute_core/u_energy64/energy_acc1_n_105
                         LUT2 (Prop_LUT2_I0_O)        0.100     2.062 r  u_compute_core/u_energy64/energy_acc0_carry_i_7/O
                         net (fo=2, unplaced)         0.219     2.281    u_compute_core/u_energy64/energy_acc0_carry_i_7_n_0
                         LUT4 (Prop_LUT4_I3_O)        0.037     2.318 r  u_compute_core/u_energy64/energy_acc0_carry_i_14/O
                         net (fo=1, unplaced)         0.023     2.341    u_compute_core/u_energy64/energy_acc0_carry_i_14_n_0
                         CARRY8 (Prop_CARRY8_S[1]_CO[7])
                                                      0.197     2.538 r  u_compute_core/u_energy64/energy_acc0_carry/CO[7]
                         net (fo=1, unplaced)         0.005     2.543    u_compute_core/u_energy64/energy_acc0_carry_n_0
                         CARRY8 (Prop_CARRY8_CI_CO[7])
                                                      0.022     2.565 r  u_compute_core/u_energy64/energy_acc0_carry__0/CO[7]
                         net (fo=1, unplaced)         0.005     2.570    u_compute_core/u_energy64/energy_acc0_carry__0_n_0
                         CARRY8 (Prop_CARRY8_CI_CO[7])
                                                      0.022     2.592 r  u_compute_core/u_energy64/energy_acc0_carry__1/CO[7]
                         net (fo=1, unplaced)         0.005     2.597    u_compute_core/u_energy64/energy_acc0_carry__1_n_0
                         CARRY8 (Prop_CARRY8_CI_CO[7])
                                                      0.022     2.619 r  u_compute_core/u_energy64/energy_acc0_carry__2/CO[7]
                         net (fo=1, unplaced)         0.005     2.624    u_compute_core/u_energy64/energy_acc0_carry__2_n_0
                         CARRY8 (Prop_CARRY8_CI_O[1])
                                                      0.076     2.700 r  u_compute_core/u_energy64/energy_acc0_carry__3/O[1]
                         net (fo=1, unplaced)         0.025     2.725    u_compute_core/u_energy64/energy_next_ext[33]
                         FDRE                                         r  u_compute_core/u_energy64/m_axis_tdata_reg[49]/D
  -------------------------------------------------------------------    -------------------

                         (clock accelerator_clk rise edge)
                                                      6.667     6.667 r  
                                                      0.000     6.667 r  aclk (IN)
                         net (fo=3362, unset)         0.021     6.688    u_compute_core/u_energy64/aclk
                         FDRE                                         r  u_compute_core/u_energy64/m_axis_tdata_reg[49]/C
                         clock pessimism              0.000     6.688    
                         clock uncertainty           -0.035     6.653    
                         FDRE (Setup_FDRE_C_D)        0.025     6.678    u_compute_core/u_energy64/m_axis_tdata_reg[49]
  -------------------------------------------------------------------
                         required time                          6.678    
                         arrival time                          -2.725    
  -------------------------------------------------------------------
                         slack                                  3.953    

Slack (MET) :             3.960ns  (required time - arrival time)
  Source:                 u_compute_core/u_fir32/sum_s5_reg[14]/C
                            (rising edge-triggered cell FDRE clocked by accelerator_clk  {rise@0.000ns fall@3.333ns period=6.667ns})
  Destination:            u_compute_core/u_energy64/energy_acc1/DSP_A_B_DATA_INST/A[28]
                            (rising edge-triggered cell DSP_A_B_DATA clocked by accelerator_clk  {rise@0.000ns fall@3.333ns period=6.667ns})
  Path Group:             accelerator_clk
  Path Type:              Setup (Max at Slow Process Corner)
  Requirement:            6.667ns  (accelerator_clk rise@6.667ns - accelerator_clk rise@0.000ns)
  Data Path Delay:        2.393ns  (logic 0.964ns (40.284%)  route 1.429ns (59.716%))
  Logic Levels:           10  (CARRY8=6 LUT1=2 LUT3=1 LUT6=1)
  Clock Path Skew:        0.013ns (DCD - SCD + CPR)
    Destination Clock Delay (DCD):    0.043ns = ( 6.710 - 6.667 ) 
    Source Clock Delay      (SCD):    0.030ns
    Clock Pessimism Removal (CPR):    0.000ns
  Clock Uncertainty:      0.035ns  ((TSJ^2 + TIJ^2)^1/2 + DJ) / 2 + PE
    Total System Jitter     (TSJ):    0.071ns
    Total Input Jitter      (TIJ):    0.000ns
    Discrete Jitter          (DJ):    0.000ns
    Phase Error              (PE):    0.000ns

    Location             Delay type                Incr(ns)  Path(ns)    Netlist Resource(s)
  -------------------------------------------------------------------    -------------------
                         (clock accelerator_clk rise edge)
                                                      0.000     0.000 r  
                                                      0.000     0.000 r  aclk (IN)
                         net (fo=3362, unset)         0.030     0.030    u_compute_core/u_fir32/aclk
                         FDRE                                         r  u_compute_core/u_fir32/sum_s5_reg[14]/C
  -------------------------------------------------------------------    -------------------
                         FDRE (Prop_FDRE_C_Q)         0.078     0.108 f  u_compute_core/u_fir32/sum_s5_reg[14]/Q
                         net (fo=4, unplaced)         0.149     0.257    u_compute_core/u_fir32/sum_s5[14]
                         LUT1 (Prop_LUT1_I0_O)        0.074     0.331 r  u_compute_core/u_fir32/energy_acc1_i_21/O
                         net (fo=1, unplaced)         0.238     0.569    u_compute_core/u_fir32/energy_acc1_i_21_n_0
                         CARRY8 (Prop_CARRY8_DI[5]_CO[7])
                                                      0.097     0.666 r  u_compute_core/u_fir32/energy_acc1_i_19/CO[7]
                         net (fo=1, unplaced)         0.005     0.671    u_compute_core/u_fir32/energy_acc1_i_19_n_0
                         CARRY8 (Prop_CARRY8_CI_O[4])
                                                      0.086     0.757 f  u_compute_core/u_fir32/i__carry_i_10__0/O[4]
                         net (fo=1, unplaced)         0.184     0.941    u_compute_core/u_fir32/rounded2[21]
                         LUT1 (Prop_LUT1_I0_O)        0.037     0.978 r  u_compute_core/u_fir32/i__carry_i_4__1/O
                         net (fo=1, unplaced)         0.029     1.007    u_compute_core/u_fir32/i__carry_i_4__1_n_0
                         CARRY8 (Prop_CARRY8_S[5]_CO[7])
                                                      0.166     1.173 r  u_compute_core/u_fir32/_inferred__8/i__carry/CO[7]
                         net (fo=1, unplaced)         0.005     1.178    u_compute_core/u_fir32/_inferred__8/i__carry_n_0
                         CARRY8 (Prop_CARRY8_CI_O[6])
                                                      0.103     1.281 f  u_compute_core/u_fir32/_inferred__8/i__carry__0/O[6]
                         net (fo=6, unplaced)         0.160     1.441    u_compute_core/u_fir32/rounded0[15]
                         LUT3 (Prop_LUT3_I1_O)        0.070     1.511 f  u_compute_core/u_fir32/i__carry_i_5__1/O
                         net (fo=1, unplaced)         0.260     1.771    u_compute_core/u_fir32/i__carry_i_5__1_n_0
                         CARRY8 (Prop_CARRY8_DI[0]_CO[7])
                                                      0.140     1.911 f  u_compute_core/u_fir32/quantize_q151_inferred__0/i__carry/CO[7]
                         net (fo=1, unplaced)         0.005     1.916    u_compute_core/u_fir32/quantize_q151_inferred__0/i__carry_n_0
                         CARRY8 (Prop_CARRY8_CI_CO[3])
                                                      0.060     1.976 f  u_compute_core/u_fir32/quantize_q151_inferred__0/i__carry__0/CO[3]
                         net (fo=32, unplaced)        0.197     2.173    u_compute_core/u_fir32/quantize_q1510_in
                         LUT6 (Prop_LUT6_I1_O)        0.053     2.226 r  u_compute_core/u_fir32/energy_acc1_i_2/O
                         net (fo=18, unplaced)        0.197     2.423    u_compute_core/u_energy64/energy_acc1/A[28]
                         DSP_A_B_DATA                                 r  u_compute_core/u_energy64/energy_acc1/DSP_A_B_DATA_INST/A[28]
  -------------------------------------------------------------------    -------------------

                         (clock accelerator_clk rise edge)
                                                      6.667     6.667 r  
                                                      0.000     6.667 r  aclk (IN)
                         net (fo=3362, unset)         0.043     6.710    u_compute_core/u_energy64/energy_acc1/CLK
                         DSP_A_B_DATA                                 r  u_compute_core/u_energy64/energy_acc1/DSP_A_B_DATA_INST/CLK
                         clock pessimism              0.000     6.710    
                         clock uncertainty           -0.035     6.675    
                         DSP_A_B_DATA (Setup_DSP_A_B_DATA_CLK_A[28])
                                                     -0.292     6.383    u_compute_core/u_energy64/energy_acc1/DSP_A_B_DATA_INST
  -------------------------------------------------------------------
                         required time                          6.383    
                         arrival time                          -2.423    
  -------------------------------------------------------------------
                         slack                                  3.960    

Slack (MET) :             3.961ns  (required time - arrival time)
  Source:                 u_compute_core/u_fir32/sum_s5_reg[14]/C
                            (rising edge-triggered cell FDRE clocked by accelerator_clk  {rise@0.000ns fall@3.333ns period=6.667ns})
  Destination:            u_compute_core/u_energy64/energy_acc1/DSP_A_B_DATA_INST/A[15]
                            (rising edge-triggered cell DSP_A_B_DATA clocked by accelerator_clk  {rise@0.000ns fall@3.333ns period=6.667ns})
  Path Group:             accelerator_clk
  Path Type:              Setup (Max at Slow Process Corner)
  Requirement:            6.667ns  (accelerator_clk rise@6.667ns - accelerator_clk rise@0.000ns)
  Data Path Delay:        2.413ns  (logic 0.964ns (39.950%)  route 1.449ns (60.050%))
  Logic Levels:           10  (CARRY8=6 LUT1=2 LUT3=1 LUT6=1)
  Clock Path Skew:        0.013ns (DCD - SCD + CPR)
    Destination Clock Delay (DCD):    0.043ns = ( 6.710 - 6.667 ) 
    Source Clock Delay      (SCD):    0.030ns
    Clock Pessimism Removal (CPR):    0.000ns
  Clock Uncertainty:      0.035ns  ((TSJ^2 + TIJ^2)^1/2 + DJ) / 2 + PE
    Total System Jitter     (TSJ):    0.071ns
    Total Input Jitter      (TIJ):    0.000ns
    Discrete Jitter          (DJ):    0.000ns
    Phase Error              (PE):    0.000ns

    Location             Delay type                Incr(ns)  Path(ns)    Netlist Resource(s)
  -------------------------------------------------------------------    -------------------
                         (clock accelerator_clk rise edge)
                                                      0.000     0.000 r  
                                                      0.000     0.000 r  aclk (IN)
                         net (fo=3362, unset)         0.030     0.030    u_compute_core/u_fir32/aclk
                         FDRE                                         r  u_compute_core/u_fir32/sum_s5_reg[14]/C
  -------------------------------------------------------------------    -------------------
                         FDRE (Prop_FDRE_C_Q)         0.078     0.108 f  u_compute_core/u_fir32/sum_s5_reg[14]/Q
                         net (fo=4, unplaced)         0.149     0.257    u_compute_core/u_fir32/sum_s5[14]
                         LUT1 (Prop_LUT1_I0_O)        0.074     0.331 r  u_compute_core/u_fir32/energy_acc1_i_21/O
                         net (fo=1, unplaced)         0.238     0.569    u_compute_core/u_fir32/energy_acc1_i_21_n_0
                         CARRY8 (Prop_CARRY8_DI[5]_CO[7])
                                                      0.097     0.666 r  u_compute_core/u_fir32/energy_acc1_i_19/CO[7]
                         net (fo=1, unplaced)         0.005     0.671    u_compute_core/u_fir32/energy_acc1_i_19_n_0
                         CARRY8 (Prop_CARRY8_CI_O[4])
                                                      0.086     0.757 f  u_compute_core/u_fir32/i__carry_i_10__0/O[4]
                         net (fo=1, unplaced)         0.184     0.941    u_compute_core/u_fir32/rounded2[21]
                         LUT1 (Prop_LUT1_I0_O)        0.037     0.978 r  u_compute_core/u_fir32/i__carry_i_4__1/O
                         net (fo=1, unplaced)         0.029     1.007    u_compute_core/u_fir32/i__carry_i_4__1_n_0
                         CARRY8 (Prop_CARRY8_S[5]_CO[7])
                                                      0.166     1.173 r  u_compute_core/u_fir32/_inferred__8/i__carry/CO[7]
                         net (fo=1, unplaced)         0.005     1.178    u_compute_core/u_fir32/_inferred__8/i__carry_n_0
                         CARRY8 (Prop_CARRY8_CI_O[6])
                                                      0.103     1.281 f  u_compute_core/u_fir32/_inferred__8/i__carry__0/O[6]
                         net (fo=6, unplaced)         0.160     1.441    u_compute_core/u_fir32/rounded0[15]
                         LUT3 (Prop_LUT3_I1_O)        0.070     1.511 f  u_compute_core/u_fir32/i__carry_i_5__1/O
                         net (fo=1, unplaced)         0.260     1.771    u_compute_core/u_fir32/i__carry_i_5__1_n_0
                         CARRY8 (Prop_CARRY8_DI[0]_CO[7])
                                                      0.140     1.911 f  u_compute_core/u_fir32/quantize_q151_inferred__0/i__carry/CO[7]
                         net (fo=1, unplaced)         0.005     1.916    u_compute_core/u_fir32/quantize_q151_inferred__0/i__carry_n_0
                         CARRY8 (Prop_CARRY8_CI_CO[3])
                                                      0.060     1.976 f  u_compute_core/u_fir32/quantize_q151_inferred__0/i__carry__0/CO[3]
                         net (fo=32, unplaced)        0.197     2.173    u_compute_core/u_fir32/quantize_q1510_in
                         LUT6 (Prop_LUT6_I1_O)        0.053     2.226 r  u_compute_core/u_fir32/energy_acc1_i_2/O
                         net (fo=18, unplaced)        0.217     2.443    u_compute_core/u_energy64/energy_acc1/A[15]
                         DSP_A_B_DATA                                 r  u_compute_core/u_energy64/energy_acc1/DSP_A_B_DATA_INST/A[15]
  -------------------------------------------------------------------    -------------------

                         (clock accelerator_clk rise edge)
                                                      6.667     6.667 r  
                                                      0.000     6.667 r  aclk (IN)
                         net (fo=3362, unset)         0.043     6.710    u_compute_core/u_energy64/energy_acc1/CLK
                         DSP_A_B_DATA                                 r  u_compute_core/u_energy64/energy_acc1/DSP_A_B_DATA_INST/CLK
                         clock pessimism              0.000     6.710    
                         clock uncertainty           -0.035     6.675    
                         DSP_A_B_DATA (Setup_DSP_A_B_DATA_CLK_A[15])
                                                     -0.271     6.404    u_compute_core/u_energy64/energy_acc1/DSP_A_B_DATA_INST
  -------------------------------------------------------------------
                         required time                          6.404    
                         arrival time                          -2.443    
  -------------------------------------------------------------------
                         slack                                  3.961    

Slack (MET) :             3.961ns  (required time - arrival time)
  Source:                 u_compute_core/u_energy64/energy_acc1/DSP_A_B_DATA_INST/CLK
                            (rising edge-triggered cell DSP_A_B_DATA clocked by accelerator_clk  {rise@0.000ns fall@3.333ns period=6.667ns})
  Destination:            u_compute_core/u_energy64/m_axis_tdata_reg[50]/D
                            (rising edge-triggered cell FDRE clocked by accelerator_clk  {rise@0.000ns fall@3.333ns period=6.667ns})
  Path Group:             accelerator_clk
  Path Type:              Setup (Max at Slow Process Corner)
  Requirement:            6.667ns  (accelerator_clk rise@6.667ns - accelerator_clk rise@0.000ns)
  Data Path Delay:        2.657ns  (logic 2.087ns (78.547%)  route 0.570ns (21.453%))
  Logic Levels:           12  (CARRY8=5 DSP_ALU=1 DSP_M_DATA=1 DSP_MULTIPLIER=1 DSP_OUTPUT=1 DSP_PREADD_DATA=1 LUT2=1 LUT4=1)
  Clock Path Skew:        -0.039ns (DCD - SCD + CPR)
    Destination Clock Delay (DCD):    0.021ns = ( 6.688 - 6.667 ) 
    Source Clock Delay      (SCD):    0.060ns
    Clock Pessimism Removal (CPR):    0.000ns
  Clock Uncertainty:      0.035ns  ((TSJ^2 + TIJ^2)^1/2 + DJ) / 2 + PE
    Total System Jitter     (TSJ):    0.071ns
    Total Input Jitter      (TIJ):    0.000ns
    Discrete Jitter          (DJ):    0.000ns
    Phase Error              (PE):    0.000ns

    Location             Delay type                Incr(ns)  Path(ns)    Netlist Resource(s)
  -------------------------------------------------------------------    -------------------
                         (clock accelerator_clk rise edge)
                                                      0.000     0.000 r  
                                                      0.000     0.000 r  aclk (IN)
                         net (fo=3362, unset)         0.060     0.060    u_compute_core/u_energy64/energy_acc1/CLK
                         DSP_A_B_DATA                                 r  u_compute_core/u_energy64/energy_acc1/DSP_A_B_DATA_INST/CLK
  -------------------------------------------------------------------    -------------------
                         DSP_A_B_DATA (Prop_DSP_A_B_DATA_CLK_B2_DATA[1])
                                                      0.212     0.272 r  u_compute_core/u_energy64/energy_acc1/DSP_A_B_DATA_INST/B2_DATA[1]
                         net (fo=1, unplaced)         0.000     0.272    u_compute_core/u_energy64/energy_acc1/DSP_A_B_DATA.B2_DATA<1>
                         DSP_PREADD_DATA (Prop_DSP_PREADD_DATA_B2_DATA[1]_B2B1[1])
                                                      0.073     0.345 r  u_compute_core/u_energy64/energy_acc1/DSP_PREADD_DATA_INST/B2B1[1]
                         net (fo=1, unplaced)         0.000     0.345    u_compute_core/u_energy64/energy_acc1/DSP_PREADD_DATA.B2B1<1>
                         DSP_MULTIPLIER (Prop_DSP_MULTIPLIER_B2B1[1]_V[0])
                                                      0.609     0.954 f  u_compute_core/u_energy64/energy_acc1/DSP_MULTIPLIER_INST/V[0]
                         net (fo=1, unplaced)         0.000     0.954    u_compute_core/u_energy64/energy_acc1/DSP_MULTIPLIER.V<0>
                         DSP_M_DATA (Prop_DSP_M_DATA_V[0]_V_DATA[0])
                                                      0.046     1.000 r  u_compute_core/u_energy64/energy_acc1/DSP_M_DATA_INST/V_DATA[0]
                         net (fo=1, unplaced)         0.000     1.000    u_compute_core/u_energy64/energy_acc1/DSP_M_DATA.V_DATA<0>
                         DSP_ALU (Prop_DSP_ALU_V_DATA[0]_ALU_OUT[0])
                                                      0.571     1.571 f  u_compute_core/u_energy64/energy_acc1/DSP_ALU_INST/ALU_OUT[0]
                         net (fo=1, unplaced)         0.000     1.571    u_compute_core/u_energy64/energy_acc1/DSP_ALU.ALU_OUT<0>
                         DSP_OUTPUT (Prop_DSP_OUTPUT_ALU_OUT[0]_P[0])
                                                      0.109     1.680 r  u_compute_core/u_energy64/energy_acc1/DSP_OUTPUT_INST/P[0]
                         net (fo=66, unplaced)        0.282     1.962    u_compute_core/u_energy64/energy_acc1_n_105
                         LUT2 (Prop_LUT2_I0_O)        0.100     2.062 r  u_compute_core/u_energy64/energy_acc0_carry_i_7/O
                         net (fo=2, unplaced)         0.219     2.281    u_compute_core/u_energy64/energy_acc0_carry_i_7_n_0
                         LUT4 (Prop_LUT4_I3_O)        0.037     2.318 r  u_compute_core/u_energy64/energy_acc0_carry_i_14/O
                         net (fo=1, unplaced)         0.023     2.341    u_compute_core/u_energy64/energy_acc0_carry_i_14_n_0
                         CARRY8 (Prop_CARRY8_S[1]_CO[7])
                                                      0.197     2.538 r  u_compute_core/u_energy64/energy_acc0_carry/CO[7]
                         net (fo=1, unplaced)         0.005     2.543    u_compute_core/u_energy64/energy_acc0_carry_n_0
                         CARRY8 (Prop_CARRY8_CI_CO[7])
                                                      0.022     2.565 r  u_compute_core/u_energy64/energy_acc0_carry__0/CO[7]
                         net (fo=1, unplaced)         0.005     2.570    u_compute_core/u_energy64/energy_acc0_carry__0_n_0
                         CARRY8 (Prop_CARRY8_CI_CO[7])
                                                      0.022     2.592 r  u_compute_core/u_energy64/energy_acc0_carry__1/CO[7]
                         net (fo=1, unplaced)         0.005     2.597    u_compute_core/u_energy64/energy_acc0_carry__1_n_0
                         CARRY8 (Prop_CARRY8_CI_CO[7])
                                                      0.022     2.619 r  u_compute_core/u_energy64/energy_acc0_carry__2/CO[7]
                         net (fo=1, unplaced)         0.005     2.624    u_compute_core/u_energy64/energy_acc0_carry__2_n_0
                         CARRY8 (Prop_CARRY8_CI_O[2])
                                                      0.067     2.691 r  u_compute_core/u_energy64/energy_acc0_carry__3/O[2]
                         net (fo=1, unplaced)         0.026     2.717    u_compute_core/u_energy64/energy_next_ext[34]
                         FDRE                                         r  u_compute_core/u_energy64/m_axis_tdata_reg[50]/D
  -------------------------------------------------------------------    -------------------

                         (clock accelerator_clk rise edge)
                                                      6.667     6.667 r  
                                                      0.000     6.667 r  aclk (IN)
                         net (fo=3362, unset)         0.021     6.688    u_compute_core/u_energy64/aclk
                         FDRE                                         r  u_compute_core/u_energy64/m_axis_tdata_reg[50]/C
                         clock pessimism              0.000     6.688    
                         clock uncertainty           -0.035     6.653    
                         FDRE (Setup_FDRE_C_D)        0.025     6.678    u_compute_core/u_energy64/m_axis_tdata_reg[50]
  -------------------------------------------------------------------
                         required time                          6.678    
                         arrival time                          -2.717    
  -------------------------------------------------------------------
                         slack                                  3.961    

Slack (MET) :             3.966ns  (required time - arrival time)
  Source:                 u_compute_core/u_energy64/energy_acc1/DSP_A_B_DATA_INST/CLK
                            (rising edge-triggered cell DSP_A_B_DATA clocked by accelerator_clk  {rise@0.000ns fall@3.333ns period=6.667ns})
  Destination:            u_compute_core/u_energy64/m_axis_tdata_reg[39]/D
                            (rising edge-triggered cell FDRE clocked by accelerator_clk  {rise@0.000ns fall@3.333ns period=6.667ns})
  Path Group:             accelerator_clk
  Path Type:              Setup (Max at Slow Process Corner)
  Requirement:            6.667ns  (accelerator_clk rise@6.667ns - accelerator_clk rise@0.000ns)
  Data Path Delay:        2.652ns  (logic 2.092ns (78.884%)  route 0.560ns (21.116%))
  Logic Levels:           10  (CARRY8=3 DSP_ALU=1 DSP_M_DATA=1 DSP_MULTIPLIER=1 DSP_OUTPUT=1 DSP_PREADD_DATA=1 LUT2=1 LUT4=1)
  Clock Path Skew:        -0.039ns (DCD - SCD + CPR)
    Destination Clock Delay (DCD):    0.021ns = ( 6.688 - 6.667 ) 
    Source Clock Delay      (SCD):    0.060ns
    Clock Pessimism Removal (CPR):    0.000ns
  Clock Uncertainty:      0.035ns  ((TSJ^2 + TIJ^2)^1/2 + DJ) / 2 + PE
    Total System Jitter     (TSJ):    0.071ns
    Total Input Jitter      (TIJ):    0.000ns
    Discrete Jitter          (DJ):    0.000ns
    Phase Error              (PE):    0.000ns

    Location             Delay type                Incr(ns)  Path(ns)    Netlist Resource(s)
  -------------------------------------------------------------------    -------------------
                         (clock accelerator_clk rise edge)
                                                      0.000     0.000 r  
                                                      0.000     0.000 r  aclk (IN)
                         net (fo=3362, unset)         0.060     0.060    u_compute_core/u_energy64/energy_acc1/CLK
                         DSP_A_B_DATA                                 r  u_compute_core/u_energy64/energy_acc1/DSP_A_B_DATA_INST/CLK
  -------------------------------------------------------------------    -------------------
                         DSP_A_B_DATA (Prop_DSP_A_B_DATA_CLK_B2_DATA[1])
                                                      0.212     0.272 r  u_compute_core/u_energy64/energy_acc1/DSP_A_B_DATA_INST/B2_DATA[1]
                         net (fo=1, unplaced)         0.000     0.272    u_compute_core/u_energy64/energy_acc1/DSP_A_B_DATA.B2_DATA<1>
                         DSP_PREADD_DATA (Prop_DSP_PREADD_DATA_B2_DATA[1]_B2B1[1])
                                                      0.073     0.345 r  u_compute_core/u_energy64/energy_acc1/DSP_PREADD_DATA_INST/B2B1[1]
                         net (fo=1, unplaced)         0.000     0.345    u_compute_core/u_energy64/energy_acc1/DSP_PREADD_DATA.B2B1<1>
                         DSP_MULTIPLIER (Prop_DSP_MULTIPLIER_B2B1[1]_V[0])
                                                      0.609     0.954 f  u_compute_core/u_energy64/energy_acc1/DSP_MULTIPLIER_INST/V[0]
                         net (fo=1, unplaced)         0.000     0.954    u_compute_core/u_energy64/energy_acc1/DSP_MULTIPLIER.V<0>
                         DSP_M_DATA (Prop_DSP_M_DATA_V[0]_V_DATA[0])
                                                      0.046     1.000 r  u_compute_core/u_energy64/energy_acc1/DSP_M_DATA_INST/V_DATA[0]
                         net (fo=1, unplaced)         0.000     1.000    u_compute_core/u_energy64/energy_acc1/DSP_M_DATA.V_DATA<0>
                         DSP_ALU (Prop_DSP_ALU_V_DATA[0]_ALU_OUT[0])
                                                      0.571     1.571 f  u_compute_core/u_energy64/energy_acc1/DSP_ALU_INST/ALU_OUT[0]
                         net (fo=1, unplaced)         0.000     1.571    u_compute_core/u_energy64/energy_acc1/DSP_ALU.ALU_OUT<0>
                         DSP_OUTPUT (Prop_DSP_OUTPUT_ALU_OUT[0]_P[0])
                                                      0.109     1.680 r  u_compute_core/u_energy64/energy_acc1/DSP_OUTPUT_INST/P[0]
                         net (fo=66, unplaced)        0.282     1.962    u_compute_core/u_energy64/energy_acc1_n_105
                         LUT2 (Prop_LUT2_I0_O)        0.100     2.062 r  u_compute_core/u_energy64/energy_acc0_carry_i_7/O
                         net (fo=2, unplaced)         0.219     2.281    u_compute_core/u_energy64/energy_acc0_carry_i_7_n_0
                         LUT4 (Prop_LUT4_I3_O)        0.037     2.318 r  u_compute_core/u_energy64/energy_acc0_carry_i_14/O
                         net (fo=1, unplaced)         0.023     2.341    u_compute_core/u_energy64/energy_acc0_carry_i_14_n_0
                         CARRY8 (Prop_CARRY8_S[1]_CO[7])
                                                      0.197     2.538 r  u_compute_core/u_energy64/energy_acc0_carry/CO[7]
                         net (fo=1, unplaced)         0.005     2.543    u_compute_core/u_energy64/energy_acc0_carry_n_0
                         CARRY8 (Prop_CARRY8_CI_CO[7])
                                                      0.022     2.565 r  u_compute_core/u_energy64/energy_acc0_carry__0/CO[7]
                         net (fo=1, unplaced)         0.005     2.570    u_compute_core/u_energy64/energy_acc0_carry__0_n_0
                         CARRY8 (Prop_CARRY8_CI_O[7])
                                                      0.116     2.686 r  u_compute_core/u_energy64/energy_acc0_carry__1/O[7]
                         net (fo=1, unplaced)         0.026     2.712    u_compute_core/u_energy64/energy_next_ext[23]
                         FDRE                                         r  u_compute_core/u_energy64/m_axis_tdata_reg[39]/D
  -------------------------------------------------------------------    -------------------

                         (clock accelerator_clk rise edge)
                                                      6.667     6.667 r  
                                                      0.000     6.667 r  aclk (IN)
                         net (fo=3362, unset)         0.021     6.688    u_compute_core/u_energy64/aclk
                         FDRE                                         r  u_compute_core/u_energy64/m_axis_tdata_reg[39]/C
                         clock pessimism              0.000     6.688    
                         clock uncertainty           -0.035     6.653    
                         FDRE (Setup_FDRE_C_D)        0.025     6.678    u_compute_core/u_energy64/m_axis_tdata_reg[39]
  -------------------------------------------------------------------
                         required time                          6.678    
                         arrival time                          -2.712    
  -------------------------------------------------------------------
                         slack                                  3.966    

Slack (MET) :             3.967ns  (required time - arrival time)
  Source:                 u_compute_core/u_energy64/energy_acc1/DSP_A_B_DATA_INST/CLK
                            (rising edge-triggered cell DSP_A_B_DATA clocked by accelerator_clk  {rise@0.000ns fall@3.333ns period=6.667ns})
  Destination:            u_compute_core/u_energy64/m_axis_tdata_reg[37]/D
                            (rising edge-triggered cell FDRE clocked by accelerator_clk  {rise@0.000ns fall@3.333ns period=6.667ns})
  Path Group:             accelerator_clk
  Path Type:              Setup (Max at Slow Process Corner)
  Requirement:            6.667ns  (accelerator_clk rise@6.667ns - accelerator_clk rise@0.000ns)
  Data Path Delay:        2.651ns  (logic 2.092ns (78.914%)  route 0.559ns (21.086%))
  Logic Levels:           10  (CARRY8=3 DSP_ALU=1 DSP_M_DATA=1 DSP_MULTIPLIER=1 DSP_OUTPUT=1 DSP_PREADD_DATA=1 LUT2=1 LUT4=1)
  Clock Path Skew:        -0.039ns (DCD - SCD + CPR)
    Destination Clock Delay (DCD):    0.021ns = ( 6.688 - 6.667 ) 
    Source Clock Delay      (SCD):    0.060ns
    Clock Pessimism Removal (CPR):    0.000ns
  Clock Uncertainty:      0.035ns  ((TSJ^2 + TIJ^2)^1/2 + DJ) / 2 + PE
    Total System Jitter     (TSJ):    0.071ns
    Total Input Jitter      (TIJ):    0.000ns
    Discrete Jitter          (DJ):    0.000ns
    Phase Error              (PE):    0.000ns

    Location             Delay type                Incr(ns)  Path(ns)    Netlist Resource(s)
  -------------------------------------------------------------------    -------------------
                         (clock accelerator_clk rise edge)
                                                      0.000     0.000 r  
                                                      0.000     0.000 r  aclk (IN)
                         net (fo=3362, unset)         0.060     0.060    u_compute_core/u_energy64/energy_acc1/CLK
                         DSP_A_B_DATA                                 r  u_compute_core/u_energy64/energy_acc1/DSP_A_B_DATA_INST/CLK
  -------------------------------------------------------------------    -------------------
                         DSP_A_B_DATA (Prop_DSP_A_B_DATA_CLK_B2_DATA[1])
                                                      0.212     0.272 r  u_compute_core/u_energy64/energy_acc1/DSP_A_B_DATA_INST/B2_DATA[1]
                         net (fo=1, unplaced)         0.000     0.272    u_compute_core/u_energy64/energy_acc1/DSP_A_B_DATA.B2_DATA<1>
                         DSP_PREADD_DATA (Prop_DSP_PREADD_DATA_B2_DATA[1]_B2B1[1])
                                                      0.073     0.345 r  u_compute_core/u_energy64/energy_acc1/DSP_PREADD_DATA_INST/B2B1[1]
                         net (fo=1, unplaced)         0.000     0.345    u_compute_core/u_energy64/energy_acc1/DSP_PREADD_DATA.B2B1<1>
                         DSP_MULTIPLIER (Prop_DSP_MULTIPLIER_B2B1[1]_V[0])
                                                      0.609     0.954 f  u_compute_core/u_energy64/energy_acc1/DSP_MULTIPLIER_INST/V[0]
                         net (fo=1, unplaced)         0.000     0.954    u_compute_core/u_energy64/energy_acc1/DSP_MULTIPLIER.V<0>
                         DSP_M_DATA (Prop_DSP_M_DATA_V[0]_V_DATA[0])
                                                      0.046     1.000 r  u_compute_core/u_energy64/energy_acc1/DSP_M_DATA_INST/V_DATA[0]
                         net (fo=1, unplaced)         0.000     1.000    u_compute_core/u_energy64/energy_acc1/DSP_M_DATA.V_DATA<0>
                         DSP_ALU (Prop_DSP_ALU_V_DATA[0]_ALU_OUT[0])
                                                      0.571     1.571 f  u_compute_core/u_energy64/energy_acc1/DSP_ALU_INST/ALU_OUT[0]
                         net (fo=1, unplaced)         0.000     1.571    u_compute_core/u_energy64/energy_acc1/DSP_ALU.ALU_OUT<0>
                         DSP_OUTPUT (Prop_DSP_OUTPUT_ALU_OUT[0]_P[0])
                                                      0.109     1.680 r  u_compute_core/u_energy64/energy_acc1/DSP_OUTPUT_INST/P[0]
                         net (fo=66, unplaced)        0.282     1.962    u_compute_core/u_energy64/energy_acc1_n_105
                         LUT2 (Prop_LUT2_I0_O)        0.100     2.062 r  u_compute_core/u_energy64/energy_acc0_carry_i_7/O
                         net (fo=2, unplaced)         0.219     2.281    u_compute_core/u_energy64/energy_acc0_carry_i_7_n_0
                         LUT4 (Prop_LUT4_I3_O)        0.037     2.318 r  u_compute_core/u_energy64/energy_acc0_carry_i_14/O
                         net (fo=1, unplaced)         0.023     2.341    u_compute_core/u_energy64/energy_acc0_carry_i_14_n_0
                         CARRY8 (Prop_CARRY8_S[1]_CO[7])
                                                      0.197     2.538 r  u_compute_core/u_energy64/energy_acc0_carry/CO[7]
                         net (fo=1, unplaced)         0.005     2.543    u_compute_core/u_energy64/energy_acc0_carry_n_0
                         CARRY8 (Prop_CARRY8_CI_CO[7])
                                                      0.022     2.565 r  u_compute_core/u_energy64/energy_acc0_carry__0/CO[7]
                         net (fo=1, unplaced)         0.005     2.570    u_compute_core/u_energy64/energy_acc0_carry__0_n_0
                         CARRY8 (Prop_CARRY8_CI_O[5])
                                                      0.116     2.686 r  u_compute_core/u_energy64/energy_acc0_carry__1/O[5]
                         net (fo=1, unplaced)         0.025     2.711    u_compute_core/u_energy64/energy_next_ext[21]
                         FDRE                                         r  u_compute_core/u_energy64/m_axis_tdata_reg[37]/D
  -------------------------------------------------------------------    -------------------

                         (clock accelerator_clk rise edge)
                                                      6.667     6.667 r  
                                                      0.000     6.667 r  aclk (IN)
                         net (fo=3362, unset)         0.021     6.688    u_compute_core/u_energy64/aclk
                         FDRE                                         r  u_compute_core/u_energy64/m_axis_tdata_reg[37]/C
                         clock pessimism              0.000     6.688    
                         clock uncertainty           -0.035     6.653    
                         FDRE (Setup_FDRE_C_D)        0.025     6.678    u_compute_core/u_energy64/m_axis_tdata_reg[37]
  -------------------------------------------------------------------
                         required time                          6.678    
                         arrival time                          -2.711    
  -------------------------------------------------------------------
                         slack                                  3.967    

Slack (MET) :             3.969ns  (required time - arrival time)
  Source:                 u_compute_core/u_fir32/sum_s5_reg[14]/C
                            (rising edge-triggered cell FDRE clocked by accelerator_clk  {rise@0.000ns fall@3.333ns period=6.667ns})
  Destination:            u_compute_core/u_energy64/energy_acc1/DSP_A_B_DATA_INST/B[9]
                            (rising edge-triggered cell DSP_A_B_DATA clocked by accelerator_clk  {rise@0.000ns fall@3.333ns period=6.667ns})
  Path Group:             accelerator_clk
  Path Type:              Setup (Max at Slow Process Corner)
  Requirement:            6.667ns  (accelerator_clk rise@6.667ns - accelerator_clk rise@0.000ns)
  Data Path Delay:        2.384ns  (logic 0.957ns (40.143%)  route 1.427ns (59.857%))
  Logic Levels:           10  (CARRY8=6 LUT1=2 LUT3=1 LUT6=1)
  Clock Path Skew:        0.013ns (DCD - SCD + CPR)
    Destination Clock Delay (DCD):    0.043ns = ( 6.710 - 6.667 ) 
    Source Clock Delay      (SCD):    0.030ns
    Clock Pessimism Removal (CPR):    0.000ns
  Clock Uncertainty:      0.035ns  ((TSJ^2 + TIJ^2)^1/2 + DJ) / 2 + PE
    Total System Jitter     (TSJ):    0.071ns
    Total Input Jitter      (TIJ):    0.000ns
    Discrete Jitter          (DJ):    0.000ns
    Phase Error              (PE):    0.000ns

    Location             Delay type                Incr(ns)  Path(ns)    Netlist Resource(s)
  -------------------------------------------------------------------    -------------------
                         (clock accelerator_clk rise edge)
                                                      0.000     0.000 r  
                                                      0.000     0.000 r  aclk (IN)
                         net (fo=3362, unset)         0.030     0.030    u_compute_core/u_fir32/aclk
                         FDRE                                         r  u_compute_core/u_fir32/sum_s5_reg[14]/C
  -------------------------------------------------------------------    -------------------
                         FDRE (Prop_FDRE_C_Q)         0.078     0.108 f  u_compute_core/u_fir32/sum_s5_reg[14]/Q
                         net (fo=4, unplaced)         0.149     0.257    u_compute_core/u_fir32/sum_s5[14]
                         LUT1 (Prop_LUT1_I0_O)        0.074     0.331 r  u_compute_core/u_fir32/energy_acc1_i_21/O
                         net (fo=1, unplaced)         0.238     0.569    u_compute_core/u_fir32/energy_acc1_i_21_n_0
                         CARRY8 (Prop_CARRY8_DI[5]_CO[7])
                                                      0.097     0.666 r  u_compute_core/u_fir32/energy_acc1_i_19/CO[7]
                         net (fo=1, unplaced)         0.005     0.671    u_compute_core/u_fir32/energy_acc1_i_19_n_0
                         CARRY8 (Prop_CARRY8_CI_CO[7])
                                                      0.022     0.693 r  u_compute_core/u_fir32/i__carry_i_10__0/CO[7]
                         net (fo=1, unplaced)         0.005     0.698    u_compute_core/u_fir32/i__carry_i_10__0_n_0
                         CARRY8 (Prop_CARRY8_CI_O[4])
                                                      0.086     0.784 f  u_compute_core/u_fir32/i__carry__0_i_9__0/O[4]
                         net (fo=1, unplaced)         0.184     0.968    u_compute_core/u_fir32/rounded2[29]
                         LUT1 (Prop_LUT1_I0_O)        0.037     1.005 r  u_compute_core/u_fir32/i__carry__0_i_3__0/O
                         net (fo=1, unplaced)         0.029     1.034    u_compute_core/u_fir32/i__carry__0_i_3__0_n_0
                         CARRY8 (Prop_CARRY8_S[5]_CO[7])
                                                      0.166     1.200 f  u_compute_core/u_fir32/_inferred__8/i__carry__0/CO[7]
                         net (fo=1, unplaced)         0.005     1.205    u_compute_core/u_fir32/_inferred__8/i__carry__0_n_0
                         CARRY8 (Prop_CARRY8_CI_CO[6])
                                                      0.092     1.297 f  u_compute_core/u_fir32/_inferred__8/i__carry__1/CO[6]
                         net (fo=24, unplaced)        0.191     1.488    u_compute_core/u_fir32/_inferred__8/i__carry__1_n_1
                         LUT3 (Prop_LUT3_I0_O)        0.070     1.558 f  u_compute_core/u_fir32/quantize_q151_carry__0_i_3/O
                         net (fo=1, unplaced)         0.260     1.818    u_compute_core/u_fir32/quantize_q151_carry__0_i_3_n_0
                         CARRY8 (Prop_CARRY8_DI[0]_CO[3])
                                                      0.182     2.000 f  u_compute_core/u_fir32/quantize_q151_carry__0/CO[3]
                         net (fo=32, unplaced)        0.197     2.197    u_compute_core/u_fir32/quantize_q151
                         LUT6 (Prop_LUT6_I4_O)        0.053     2.250 r  u_compute_core/u_fir32/energy_acc1_i_8/O
                         net (fo=2, unplaced)         0.164     2.414    u_compute_core/u_energy64/energy_acc1/B[9]
                         DSP_A_B_DATA                                 r  u_compute_core/u_energy64/energy_acc1/DSP_A_B_DATA_INST/B[9]
  -------------------------------------------------------------------    -------------------

                         (clock accelerator_clk rise edge)
                                                      6.667     6.667 r  
                                                      0.000     6.667 r  aclk (IN)
                         net (fo=3362, unset)         0.043     6.710    u_compute_core/u_energy64/energy_acc1/CLK
                         DSP_A_B_DATA                                 r  u_compute_core/u_energy64/energy_acc1/DSP_A_B_DATA_INST/CLK
                         clock pessimism              0.000     6.710    
                         clock uncertainty           -0.035     6.675    
                         DSP_A_B_DATA (Setup_DSP_A_B_DATA_CLK_B[9])
                                                     -0.292     6.383    u_compute_core/u_energy64/energy_acc1/DSP_A_B_DATA_INST
  -------------------------------------------------------------------
                         required time                          6.383    
                         arrival time                          -2.414    
  -------------------------------------------------------------------
                         slack                                  3.969    

Slack (MET) :             3.970ns  (required time - arrival time)
  Source:                 u_compute_core/u_fir32/sum_s5_reg[14]/C
                            (rising edge-triggered cell FDRE clocked by accelerator_clk  {rise@0.000ns fall@3.333ns period=6.667ns})
  Destination:            u_compute_core/u_energy64/energy_acc1/DSP_A_B_DATA_INST/A[17]
                            (rising edge-triggered cell DSP_A_B_DATA clocked by accelerator_clk  {rise@0.000ns fall@3.333ns period=6.667ns})
  Path Group:             accelerator_clk
  Path Type:              Setup (Max at Slow Process Corner)
  Requirement:            6.667ns  (accelerator_clk rise@6.667ns - accelerator_clk rise@0.000ns)
  Data Path Delay:        2.406ns  (logic 0.964ns (40.066%)  route 1.442ns (59.933%))
  Logic Levels:           10  (CARRY8=6 LUT1=2 LUT3=1 LUT6=1)
  Clock Path Skew:        0.013ns (DCD - SCD + CPR)
    Destination Clock Delay (DCD):    0.043ns = ( 6.710 - 6.667 ) 
    Source Clock Delay      (SCD):    0.030ns
    Clock Pessimism Removal (CPR):    0.000ns
  Clock Uncertainty:      0.035ns  ((TSJ^2 + TIJ^2)^1/2 + DJ) / 2 + PE
    Total System Jitter     (TSJ):    0.071ns
    Total Input Jitter      (TIJ):    0.000ns
    Discrete Jitter          (DJ):    0.000ns
    Phase Error              (PE):    0.000ns

    Location             Delay type                Incr(ns)  Path(ns)    Netlist Resource(s)
  -------------------------------------------------------------------    -------------------
                         (clock accelerator_clk rise edge)
                                                      0.000     0.000 r  
                                                      0.000     0.000 r  aclk (IN)
                         net (fo=3362, unset)         0.030     0.030    u_compute_core/u_fir32/aclk
                         FDRE                                         r  u_compute_core/u_fir32/sum_s5_reg[14]/C
  -------------------------------------------------------------------    -------------------
                         FDRE (Prop_FDRE_C_Q)         0.078     0.108 f  u_compute_core/u_fir32/sum_s5_reg[14]/Q
                         net (fo=4, unplaced)         0.149     0.257    u_compute_core/u_fir32/sum_s5[14]
                         LUT1 (Prop_LUT1_I0_O)        0.074     0.331 r  u_compute_core/u_fir32/energy_acc1_i_21/O
                         net (fo=1, unplaced)         0.238     0.569    u_compute_core/u_fir32/energy_acc1_i_21_n_0
                         CARRY8 (Prop_CARRY8_DI[5]_CO[7])
                                                      0.097     0.666 r  u_compute_core/u_fir32/energy_acc1_i_19/CO[7]
                         net (fo=1, unplaced)         0.005     0.671    u_compute_core/u_fir32/energy_acc1_i_19_n_0
                         CARRY8 (Prop_CARRY8_CI_O[4])
                                                      0.086     0.757 f  u_compute_core/u_fir32/i__carry_i_10__0/O[4]
                         net (fo=1, unplaced)         0.184     0.941    u_compute_core/u_fir32/rounded2[21]
                         LUT1 (Prop_LUT1_I0_O)        0.037     0.978 r  u_compute_core/u_fir32/i__carry_i_4__1/O
                         net (fo=1, unplaced)         0.029     1.007    u_compute_core/u_fir32/i__carry_i_4__1_n_0
                         CARRY8 (Prop_CARRY8_S[5]_CO[7])
                                                      0.166     1.173 r  u_compute_core/u_fir32/_inferred__8/i__carry/CO[7]
                         net (fo=1, unplaced)         0.005     1.178    u_compute_core/u_fir32/_inferred__8/i__carry_n_0
                         CARRY8 (Prop_CARRY8_CI_O[6])
                                                      0.103     1.281 f  u_compute_core/u_fir32/_inferred__8/i__carry__0/O[6]
                         net (fo=6, unplaced)         0.160     1.441    u_compute_core/u_fir32/rounded0[15]
                         LUT3 (Prop_LUT3_I1_O)        0.070     1.511 f  u_compute_core/u_fir32/i__carry_i_5__1/O
                         net (fo=1, unplaced)         0.260     1.771    u_compute_core/u_fir32/i__carry_i_5__1_n_0
                         CARRY8 (Prop_CARRY8_DI[0]_CO[7])
                                                      0.140     1.911 f  u_compute_core/u_fir32/quantize_q151_inferred__0/i__carry/CO[7]
                         net (fo=1, unplaced)         0.005     1.916    u_compute_core/u_fir32/quantize_q151_inferred__0/i__carry_n_0
                         CARRY8 (Prop_CARRY8_CI_CO[3])
                                                      0.060     1.976 f  u_compute_core/u_fir32/quantize_q151_inferred__0/i__carry__0/CO[3]
                         net (fo=32, unplaced)        0.197     2.173    u_compute_core/u_fir32/quantize_q1510_in
                         LUT6 (Prop_LUT6_I1_O)        0.053     2.226 r  u_compute_core/u_fir32/energy_acc1_i_2/O
                         net (fo=18, unplaced)        0.210     2.436    u_compute_core/u_energy64/energy_acc1/A[17]
                         DSP_A_B_DATA                                 r  u_compute_core/u_energy64/energy_acc1/DSP_A_B_DATA_INST/A[17]
  -------------------------------------------------------------------    -------------------

                         (clock accelerator_clk rise edge)
                                                      6.667     6.667 r  
                                                      0.000     6.667 r  aclk (IN)
                         net (fo=3362, unset)         0.043     6.710    u_compute_core/u_energy64/energy_acc1/CLK
                         DSP_A_B_DATA                                 r  u_compute_core/u_energy64/energy_acc1/DSP_A_B_DATA_INST/CLK
                         clock pessimism              0.000     6.710    
                         clock uncertainty           -0.035     6.675    
                         DSP_A_B_DATA (Setup_DSP_A_B_DATA_CLK_A[17])
                                                     -0.269     6.406    u_compute_core/u_energy64/energy_acc1/DSP_A_B_DATA_INST
  -------------------------------------------------------------------
                         required time                          6.406    
                         arrival time                          -2.436    
  -------------------------------------------------------------------
                         slack                                  3.970    

Slack (MET) :             3.970ns  (required time - arrival time)
  Source:                 u_compute_core/u_energy64/energy_acc1/DSP_A_B_DATA_INST/CLK
                            (rising edge-triggered cell DSP_A_B_DATA clocked by accelerator_clk  {rise@0.000ns fall@3.333ns period=6.667ns})
  Destination:            u_compute_core/u_energy64/m_axis_tdata_reg[44]/D
                            (rising edge-triggered cell FDRE clocked by accelerator_clk  {rise@0.000ns fall@3.333ns period=6.667ns})
  Path Group:             accelerator_clk
  Path Type:              Setup (Max at Slow Process Corner)
  Requirement:            6.667ns  (accelerator_clk rise@6.667ns - accelerator_clk rise@0.000ns)
  Data Path Delay:        2.648ns  (logic 2.084ns (78.701%)  route 0.564ns (21.299%))
  Logic Levels:           11  (CARRY8=4 DSP_ALU=1 DSP_M_DATA=1 DSP_MULTIPLIER=1 DSP_OUTPUT=1 DSP_PREADD_DATA=1 LUT2=1 LUT4=1)
  Clock Path Skew:        -0.039ns (DCD - SCD + CPR)
    Destination Clock Delay (DCD):    0.021ns = ( 6.688 - 6.667 ) 
    Source Clock Delay      (SCD):    0.060ns
    Clock Pessimism Removal (CPR):    0.000ns
  Clock Uncertainty:      0.035ns  ((TSJ^2 + TIJ^2)^1/2 + DJ) / 2 + PE
    Total System Jitter     (TSJ):    0.071ns
    Total Input Jitter      (TIJ):    0.000ns
    Discrete Jitter          (DJ):    0.000ns
    Phase Error              (PE):    0.000ns

    Location             Delay type                Incr(ns)  Path(ns)    Netlist Resource(s)
  -------------------------------------------------------------------    -------------------
                         (clock accelerator_clk rise edge)
                                                      0.000     0.000 r  
                                                      0.000     0.000 r  aclk (IN)
                         net (fo=3362, unset)         0.060     0.060    u_compute_core/u_energy64/energy_acc1/CLK
                         DSP_A_B_DATA                                 r  u_compute_core/u_energy64/energy_acc1/DSP_A_B_DATA_INST/CLK
  -------------------------------------------------------------------    -------------------
                         DSP_A_B_DATA (Prop_DSP_A_B_DATA_CLK_B2_DATA[1])
                                                      0.212     0.272 r  u_compute_core/u_energy64/energy_acc1/DSP_A_B_DATA_INST/B2_DATA[1]
                         net (fo=1, unplaced)         0.000     0.272    u_compute_core/u_energy64/energy_acc1/DSP_A_B_DATA.B2_DATA<1>
                         DSP_PREADD_DATA (Prop_DSP_PREADD_DATA_B2_DATA[1]_B2B1[1])
                                                      0.073     0.345 r  u_compute_core/u_energy64/energy_acc1/DSP_PREADD_DATA_INST/B2B1[1]
                         net (fo=1, unplaced)         0.000     0.345    u_compute_core/u_energy64/energy_acc1/DSP_PREADD_DATA.B2B1<1>
                         DSP_MULTIPLIER (Prop_DSP_MULTIPLIER_B2B1[1]_V[0])
                                                      0.609     0.954 f  u_compute_core/u_energy64/energy_acc1/DSP_MULTIPLIER_INST/V[0]
                         net (fo=1, unplaced)         0.000     0.954    u_compute_core/u_energy64/energy_acc1/DSP_MULTIPLIER.V<0>
                         DSP_M_DATA (Prop_DSP_M_DATA_V[0]_V_DATA[0])
                                                      0.046     1.000 r  u_compute_core/u_energy64/energy_acc1/DSP_M_DATA_INST/V_DATA[0]
                         net (fo=1, unplaced)         0.000     1.000    u_compute_core/u_energy64/energy_acc1/DSP_M_DATA.V_DATA<0>
                         DSP_ALU (Prop_DSP_ALU_V_DATA[0]_ALU_OUT[0])
                                                      0.571     1.571 f  u_compute_core/u_energy64/energy_acc1/DSP_ALU_INST/ALU_OUT[0]
                         net (fo=1, unplaced)         0.000     1.571    u_compute_core/u_energy64/energy_acc1/DSP_ALU.ALU_OUT<0>
                         DSP_OUTPUT (Prop_DSP_OUTPUT_ALU_OUT[0]_P[0])
                                                      0.109     1.680 r  u_compute_core/u_energy64/energy_acc1/DSP_OUTPUT_INST/P[0]
                         net (fo=66, unplaced)        0.282     1.962    u_compute_core/u_energy64/energy_acc1_n_105
                         LUT2 (Prop_LUT2_I0_O)        0.100     2.062 r  u_compute_core/u_energy64/energy_acc0_carry_i_7/O
                         net (fo=2, unplaced)         0.219     2.281    u_compute_core/u_energy64/energy_acc0_carry_i_7_n_0
                         LUT4 (Prop_LUT4_I3_O)        0.037     2.318 r  u_compute_core/u_energy64/energy_acc0_carry_i_14/O
                         net (fo=1, unplaced)         0.023     2.341    u_compute_core/u_energy64/energy_acc0_carry_i_14_n_0
                         CARRY8 (Prop_CARRY8_S[1]_CO[7])
                                                      0.197     2.538 r  u_compute_core/u_energy64/energy_acc0_carry/CO[7]
                         net (fo=1, unplaced)         0.005     2.543    u_compute_core/u_energy64/energy_acc0_carry_n_0
                         CARRY8 (Prop_CARRY8_CI_CO[7])
                                                      0.022     2.565 r  u_compute_core/u_energy64/energy_acc0_carry__0/CO[7]
                         net (fo=1, unplaced)         0.005     2.570    u_compute_core/u_energy64/energy_acc0_carry__0_n_0
                         CARRY8 (Prop_CARRY8_CI_CO[7])
                                                      0.022     2.592 r  u_compute_core/u_energy64/energy_acc0_carry__1/CO[7]
                         net (fo=1, unplaced)         0.005     2.597    u_compute_core/u_energy64/energy_acc0_carry__1_n_0
                         CARRY8 (Prop_CARRY8_CI_O[4])
                                                      0.086     2.683 r  u_compute_core/u_energy64/energy_acc0_carry__2/O[4]
                         net (fo=1, unplaced)         0.025     2.708    u_compute_core/u_energy64/energy_next_ext[28]
                         FDRE                                         r  u_compute_core/u_energy64/m_axis_tdata_reg[44]/D
  -------------------------------------------------------------------    -------------------

                         (clock accelerator_clk rise edge)
                                                      6.667     6.667 r  
                                                      0.000     6.667 r  aclk (IN)
                         net (fo=3362, unset)         0.021     6.688    u_compute_core/u_energy64/aclk
                         FDRE                                         r  u_compute_core/u_energy64/m_axis_tdata_reg[44]/C
                         clock pessimism              0.000     6.688    
                         clock uncertainty           -0.035     6.653    
                         FDRE (Setup_FDRE_C_D)        0.025     6.678    u_compute_core/u_energy64/m_axis_tdata_reg[44]
  -------------------------------------------------------------------
                         required time                          6.678    
                         arrival time                          -2.708    
  -------------------------------------------------------------------
                         slack                                  3.970    

Slack (MET) :             3.971ns  (required time - arrival time)
  Source:                 u_compute_core/u_fir32/sum_s5_reg[14]/C
                            (rising edge-triggered cell FDRE clocked by accelerator_clk  {rise@0.000ns fall@3.333ns period=6.667ns})
  Destination:            u_compute_core/u_energy64/energy_acc1/DSP_A_B_DATA_INST/A[18]
                            (rising edge-triggered cell DSP_A_B_DATA clocked by accelerator_clk  {rise@0.000ns fall@3.333ns period=6.667ns})
  Path Group:             accelerator_clk
  Path Type:              Setup (Max at Slow Process Corner)
  Requirement:            6.667ns  (accelerator_clk rise@6.667ns - accelerator_clk rise@0.000ns)
  Data Path Delay:        2.413ns  (logic 0.964ns (39.950%)  route 1.449ns (60.050%))
  Logic Levels:           10  (CARRY8=6 LUT1=2 LUT3=1 LUT6=1)
  Clock Path Skew:        0.013ns (DCD - SCD + CPR)
    Destination Clock Delay (DCD):    0.043ns = ( 6.710 - 6.667 ) 
    Source Clock Delay      (SCD):    0.030ns
    Clock Pessimism Removal (CPR):    0.000ns
  Clock Uncertainty:      0.035ns  ((TSJ^2 + TIJ^2)^1/2 + DJ) / 2 + PE
    Total System Jitter     (TSJ):    0.071ns
    Total Input Jitter      (TIJ):    0.000ns
    Discrete Jitter          (DJ):    0.000ns
    Phase Error              (PE):    0.000ns

    Location             Delay type                Incr(ns)  Path(ns)    Netlist Resource(s)
  -------------------------------------------------------------------    -------------------
                         (clock accelerator_clk rise edge)
                                                      0.000     0.000 r  
                                                      0.000     0.000 r  aclk (IN)
                         net (fo=3362, unset)         0.030     0.030    u_compute_core/u_fir32/aclk
                         FDRE                                         r  u_compute_core/u_fir32/sum_s5_reg[14]/C
  -------------------------------------------------------------------    -------------------
                         FDRE (Prop_FDRE_C_Q)         0.078     0.108 f  u_compute_core/u_fir32/sum_s5_reg[14]/Q
                         net (fo=4, unplaced)         0.149     0.257    u_compute_core/u_fir32/sum_s5[14]
                         LUT1 (Prop_LUT1_I0_O)        0.074     0.331 r  u_compute_core/u_fir32/energy_acc1_i_21/O
                         net (fo=1, unplaced)         0.238     0.569    u_compute_core/u_fir32/energy_acc1_i_21_n_0
                         CARRY8 (Prop_CARRY8_DI[5]_CO[7])
                                                      0.097     0.666 r  u_compute_core/u_fir32/energy_acc1_i_19/CO[7]
                         net (fo=1, unplaced)         0.005     0.671    u_compute_core/u_fir32/energy_acc1_i_19_n_0
                         CARRY8 (Prop_CARRY8_CI_O[4])
                                                      0.086     0.757 f  u_compute_core/u_fir32/i__carry_i_10__0/O[4]
                         net (fo=1, unplaced)         0.184     0.941    u_compute_core/u_fir32/rounded2[21]
                         LUT1 (Prop_LUT1_I0_O)        0.037     0.978 r  u_compute_core/u_fir32/i__carry_i_4__1/O
                         net (fo=1, unplaced)         0.029     1.007    u_compute_core/u_fir32/i__carry_i_4__1_n_0
                         CARRY8 (Prop_CARRY8_S[5]_CO[7])
                                                      0.166     1.173 r  u_compute_core/u_fir32/_inferred__8/i__carry/CO[7]
                         net (fo=1, unplaced)         0.005     1.178    u_compute_core/u_fir32/_inferred__8/i__carry_n_0
                         CARRY8 (Prop_CARRY8_CI_O[6])
                                                      0.103     1.281 f  u_compute_core/u_fir32/_inferred__8/i__carry__0/O[6]
                         net (fo=6, unplaced)         0.160     1.441    u_compute_core/u_fir32/rounded0[15]
                         LUT3 (Prop_LUT3_I1_O)        0.070     1.511 f  u_compute_core/u_fir32/i__carry_i_5__1/O
                         net (fo=1, unplaced)         0.260     1.771    u_compute_core/u_fir32/i__carry_i_5__1_n_0
                         CARRY8 (Prop_CARRY8_DI[0]_CO[7])
                                                      0.140     1.911 f  u_compute_core/u_fir32/quantize_q151_inferred__0/i__carry/CO[7]
                         net (fo=1, unplaced)         0.005     1.916    u_compute_core/u_fir32/quantize_q151_inferred__0/i__carry_n_0
                         CARRY8 (Prop_CARRY8_CI_CO[3])
                                                      0.060     1.976 f  u_compute_core/u_fir32/quantize_q151_inferred__0/i__carry__0/CO[3]
                         net (fo=32, unplaced)        0.197     2.173    u_compute_core/u_fir32/quantize_q1510_in
                         LUT6 (Prop_LUT6_I1_O)        0.053     2.226 r  u_compute_core/u_fir32/energy_acc1_i_2/O
                         net (fo=18, unplaced)        0.217     2.443    u_compute_core/u_energy64/energy_acc1/A[18]
                         DSP_A_B_DATA                                 r  u_compute_core/u_energy64/energy_acc1/DSP_A_B_DATA_INST/A[18]
  -------------------------------------------------------------------    -------------------

                         (clock accelerator_clk rise edge)
                                                      6.667     6.667 r  
                                                      0.000     6.667 r  aclk (IN)
                         net (fo=3362, unset)         0.043     6.710    u_compute_core/u_energy64/energy_acc1/CLK
                         DSP_A_B_DATA                                 r  u_compute_core/u_energy64/energy_acc1/DSP_A_B_DATA_INST/CLK
                         clock pessimism              0.000     6.710    
                         clock uncertainty           -0.035     6.675    
                         DSP_A_B_DATA (Setup_DSP_A_B_DATA_CLK_A[18])
                                                     -0.261     6.414    u_compute_core/u_energy64/energy_acc1/DSP_A_B_DATA_INST
  -------------------------------------------------------------------
                         required time                          6.414    
                         arrival time                          -2.443    
  -------------------------------------------------------------------
                         slack                                  3.971    

Slack (MET) :             3.972ns  (required time - arrival time)
  Source:                 u_compute_core/u_fir32/sum_s5_reg[14]/C
                            (rising edge-triggered cell FDRE clocked by accelerator_clk  {rise@0.000ns fall@3.333ns period=6.667ns})
  Destination:            u_compute_core/u_energy64/energy_acc1/DSP_A_B_DATA_INST/B[10]
                            (rising edge-triggered cell DSP_A_B_DATA clocked by accelerator_clk  {rise@0.000ns fall@3.333ns period=6.667ns})
  Path Group:             accelerator_clk
  Path Type:              Setup (Max at Slow Process Corner)
  Requirement:            6.667ns  (accelerator_clk rise@6.667ns - accelerator_clk rise@0.000ns)
  Data Path Delay:        2.385ns  (logic 0.957ns (40.126%)  route 1.428ns (59.874%))
  Logic Levels:           10  (CARRY8=6 LUT1=2 LUT3=1 LUT6=1)
  Clock Path Skew:        0.013ns (DCD - SCD + CPR)
    Destination Clock Delay (DCD):    0.043ns = ( 6.710 - 6.667 ) 
    Source Clock Delay      (SCD):    0.030ns
    Clock Pessimism Removal (CPR):    0.000ns
  Clock Uncertainty:      0.035ns  ((TSJ^2 + TIJ^2)^1/2 + DJ) / 2 + PE
    Total System Jitter     (TSJ):    0.071ns
    Total Input Jitter      (TIJ):    0.000ns
    Discrete Jitter          (DJ):    0.000ns
    Phase Error              (PE):    0.000ns

    Location             Delay type                Incr(ns)  Path(ns)    Netlist Resource(s)
  -------------------------------------------------------------------    -------------------
                         (clock accelerator_clk rise edge)
                                                      0.000     0.000 r  
                                                      0.000     0.000 r  aclk (IN)
                         net (fo=3362, unset)         0.030     0.030    u_compute_core/u_fir32/aclk
                         FDRE                                         r  u_compute_core/u_fir32/sum_s5_reg[14]/C
  -------------------------------------------------------------------    -------------------
                         FDRE (Prop_FDRE_C_Q)         0.078     0.108 f  u_compute_core/u_fir32/sum_s5_reg[14]/Q
                         net (fo=4, unplaced)         0.149     0.257    u_compute_core/u_fir32/sum_s5[14]
                         LUT1 (Prop_LUT1_I0_O)        0.074     0.331 r  u_compute_core/u_fir32/energy_acc1_i_21/O
                         net (fo=1, unplaced)         0.238     0.569    u_compute_core/u_fir32/energy_acc1_i_21_n_0
                         CARRY8 (Prop_CARRY8_DI[5]_CO[7])
                                                      0.097     0.666 r  u_compute_core/u_fir32/energy_acc1_i_19/CO[7]
                         net (fo=1, unplaced)         0.005     0.671    u_compute_core/u_fir32/energy_acc1_i_19_n_0
                         CARRY8 (Prop_CARRY8_CI_CO[7])
                                                      0.022     0.693 r  u_compute_core/u_fir32/i__carry_i_10__0/CO[7]
                         net (fo=1, unplaced)         0.005     0.698    u_compute_core/u_fir32/i__carry_i_10__0_n_0
                         CARRY8 (Prop_CARRY8_CI_O[4])
                                                      0.086     0.784 f  u_compute_core/u_fir32/i__carry__0_i_9__0/O[4]
                         net (fo=1, unplaced)         0.184     0.968    u_compute_core/u_fir32/rounded2[29]
                         LUT1 (Prop_LUT1_I0_O)        0.037     1.005 r  u_compute_core/u_fir32/i__carry__0_i_3__0/O
                         net (fo=1, unplaced)         0.029     1.034    u_compute_core/u_fir32/i__carry__0_i_3__0_n_0
                         CARRY8 (Prop_CARRY8_S[5]_CO[7])
                                                      0.166     1.200 f  u_compute_core/u_fir32/_inferred__8/i__carry__0/CO[7]
                         net (fo=1, unplaced)         0.005     1.205    u_compute_core/u_fir32/_inferred__8/i__carry__0_n_0
                         CARRY8 (Prop_CARRY8_CI_CO[6])
                                                      0.092     1.297 f  u_compute_core/u_fir32/_inferred__8/i__carry__1/CO[6]
                         net (fo=24, unplaced)        0.191     1.488    u_compute_core/u_fir32/_inferred__8/i__carry__1_n_1
                         LUT3 (Prop_LUT3_I0_O)        0.070     1.558 f  u_compute_core/u_fir32/quantize_q151_carry__0_i_3/O
                         net (fo=1, unplaced)         0.260     1.818    u_compute_core/u_fir32/quantize_q151_carry__0_i_3_n_0
                         CARRY8 (Prop_CARRY8_DI[0]_CO[3])
                                                      0.182     2.000 f  u_compute_core/u_fir32/quantize_q151_carry__0/CO[3]
                         net (fo=32, unplaced)        0.197     2.197    u_compute_core/u_fir32/quantize_q151
                         LUT6 (Prop_LUT6_I4_O)        0.053     2.250 r  u_compute_core/u_fir32/energy_acc1_i_7/O
                         net (fo=2, unplaced)         0.165     2.415    u_compute_core/u_energy64/energy_acc1/B[10]
                         DSP_A_B_DATA                                 r  u_compute_core/u_energy64/energy_acc1/DSP_A_B_DATA_INST/B[10]
  -------------------------------------------------------------------    -------------------

                         (clock accelerator_clk rise edge)
                                                      6.667     6.667 r  
                                                      0.000     6.667 r  aclk (IN)
                         net (fo=3362, unset)         0.043     6.710    u_compute_core/u_energy64/energy_acc1/CLK
                         DSP_A_B_DATA                                 r  u_compute_core/u_energy64/energy_acc1/DSP_A_B_DATA_INST/CLK
                         clock pessimism              0.000     6.710    
                         clock uncertainty           -0.035     6.675    
                         DSP_A_B_DATA (Setup_DSP_A_B_DATA_CLK_B[10])
                                                     -0.288     6.387    u_compute_core/u_energy64/energy_acc1/DSP_A_B_DATA_INST
  -------------------------------------------------------------------
                         required time                          6.387    
                         arrival time                          -2.415    
  -------------------------------------------------------------------
                         slack                                  3.972    

Slack (MET) :             3.973ns  (required time - arrival time)
  Source:                 u_compute_core/u_fir32/sum_s5_reg[14]/C
                            (rising edge-triggered cell FDRE clocked by accelerator_clk  {rise@0.000ns fall@3.333ns period=6.667ns})
  Destination:            u_compute_core/u_energy64/energy_acc1/DSP_A_B_DATA_INST/A[7]
                            (rising edge-triggered cell DSP_A_B_DATA clocked by accelerator_clk  {rise@0.000ns fall@3.333ns period=6.667ns})
  Path Group:             accelerator_clk
  Path Type:              Setup (Max at Slow Process Corner)
  Requirement:            6.667ns  (accelerator_clk rise@6.667ns - accelerator_clk rise@0.000ns)
  Data Path Delay:        2.416ns  (logic 0.957ns (39.611%)  route 1.459ns (60.389%))
  Logic Levels:           10  (CARRY8=6 LUT1=2 LUT3=1 LUT6=1)
  Clock Path Skew:        0.013ns (DCD - SCD + CPR)
    Destination Clock Delay (DCD):    0.043ns = ( 6.710 - 6.667 ) 
    Source Clock Delay      (SCD):    0.030ns
    Clock Pessimism Removal (CPR):    0.000ns
  Clock Uncertainty:      0.035ns  ((TSJ^2 + TIJ^2)^1/2 + DJ) / 2 + PE
    Total System Jitter     (TSJ):    0.071ns
    Total Input Jitter      (TIJ):    0.000ns
    Discrete Jitter          (DJ):    0.000ns
    Phase Error              (PE):    0.000ns

    Location             Delay type                Incr(ns)  Path(ns)    Netlist Resource(s)
  -------------------------------------------------------------------    -------------------
                         (clock accelerator_clk rise edge)
                                                      0.000     0.000 r  
                                                      0.000     0.000 r  aclk (IN)
                         net (fo=3362, unset)         0.030     0.030    u_compute_core/u_fir32/aclk
                         FDRE                                         r  u_compute_core/u_fir32/sum_s5_reg[14]/C
  -------------------------------------------------------------------    -------------------
                         FDRE (Prop_FDRE_C_Q)         0.078     0.108 f  u_compute_core/u_fir32/sum_s5_reg[14]/Q
                         net (fo=4, unplaced)         0.149     0.257    u_compute_core/u_fir32/sum_s5[14]
                         LUT1 (Prop_LUT1_I0_O)        0.074     0.331 r  u_compute_core/u_fir32/energy_acc1_i_21/O
                         net (fo=1, unplaced)         0.238     0.569    u_compute_core/u_fir32/energy_acc1_i_21_n_0
                         CARRY8 (Prop_CARRY8_DI[5]_CO[7])
                                                      0.097     0.666 r  u_compute_core/u_fir32/energy_acc1_i_19/CO[7]
                         net (fo=1, unplaced)         0.005     0.671    u_compute_core/u_fir32/energy_acc1_i_19_n_0
                         CARRY8 (Prop_CARRY8_CI_CO[7])
                                                      0.022     0.693 r  u_compute_core/u_fir32/i__carry_i_10__0/CO[7]
                         net (fo=1, unplaced)         0.005     0.698    u_compute_core/u_fir32/i__carry_i_10__0_n_0
                         CARRY8 (Prop_CARRY8_CI_O[4])
                                                      0.086     0.784 f  u_compute_core/u_fir32/i__carry__0_i_9__0/O[4]
                         net (fo=1, unplaced)         0.184     0.968    u_compute_core/u_fir32/rounded2[29]
                         LUT1 (Prop_LUT1_I0_O)        0.037     1.005 r  u_compute_core/u_fir32/i__carry__0_i_3__0/O
                         net (fo=1, unplaced)         0.029     1.034    u_compute_core/u_fir32/i__carry__0_i_3__0_n_0
                         CARRY8 (Prop_CARRY8_S[5]_CO[7])
                                                      0.166     1.200 f  u_compute_core/u_fir32/_inferred__8/i__carry__0/CO[7]
                         net (fo=1, unplaced)         0.005     1.205    u_compute_core/u_fir32/_inferred__8/i__carry__0_n_0
                         CARRY8 (Prop_CARRY8_CI_CO[6])
                                                      0.092     1.297 f  u_compute_core/u_fir32/_inferred__8/i__carry__1/CO[6]
                         net (fo=24, unplaced)        0.191     1.488    u_compute_core/u_fir32/_inferred__8/i__carry__1_n_1
                         LUT3 (Prop_LUT3_I0_O)        0.070     1.558 f  u_compute_core/u_fir32/quantize_q151_carry__0_i_3/O
                         net (fo=1, unplaced)         0.260     1.818    u_compute_core/u_fir32/quantize_q151_carry__0_i_3_n_0
                         CARRY8 (Prop_CARRY8_DI[0]_CO[3])
                                                      0.182     2.000 f  u_compute_core/u_fir32/quantize_q151_carry__0/CO[3]
                         net (fo=32, unplaced)        0.197     2.197    u_compute_core/u_fir32/quantize_q151
                         LUT6 (Prop_LUT6_I4_O)        0.053     2.250 r  u_compute_core/u_fir32/energy_acc1_i_10/O
                         net (fo=2, unplaced)         0.196     2.446    u_compute_core/u_energy64/energy_acc1/A[7]
                         DSP_A_B_DATA                                 r  u_compute_core/u_energy64/energy_acc1/DSP_A_B_DATA_INST/A[7]
  -------------------------------------------------------------------    -------------------

                         (clock accelerator_clk rise edge)
                                                      6.667     6.667 r  
                                                      0.000     6.667 r  aclk (IN)
                         net (fo=3362, unset)         0.043     6.710    u_compute_core/u_energy64/energy_acc1/CLK
                         DSP_A_B_DATA                                 r  u_compute_core/u_energy64/energy_acc1/DSP_A_B_DATA_INST/CLK
                         clock pessimism              0.000     6.710    
                         clock uncertainty           -0.035     6.675    
                         DSP_A_B_DATA (Setup_DSP_A_B_DATA_CLK_A[7])
                                                     -0.256     6.419    u_compute_core/u_energy64/energy_acc1/DSP_A_B_DATA_INST
  -------------------------------------------------------------------
                         required time                          6.419    
                         arrival time                          -2.446    
  -------------------------------------------------------------------
                         slack                                  3.973    

Slack (MET) :             3.973ns  (required time - arrival time)
  Source:                 u_compute_core/u_energy64/energy_acc1/DSP_A_B_DATA_INST/CLK
                            (rising edge-triggered cell DSP_A_B_DATA clocked by accelerator_clk  {rise@0.000ns fall@3.333ns period=6.667ns})
  Destination:            u_compute_core/u_energy64/m_axis_tdata_reg[43]/D
                            (rising edge-triggered cell FDRE clocked by accelerator_clk  {rise@0.000ns fall@3.333ns period=6.667ns})
  Path Group:             accelerator_clk
  Path Type:              Setup (Max at Slow Process Corner)
  Requirement:            6.667ns  (accelerator_clk rise@6.667ns - accelerator_clk rise@0.000ns)
  Data Path Delay:        2.645ns  (logic 2.080ns (78.639%)  route 0.565ns (21.361%))
  Logic Levels:           11  (CARRY8=4 DSP_ALU=1 DSP_M_DATA=1 DSP_MULTIPLIER=1 DSP_OUTPUT=1 DSP_PREADD_DATA=1 LUT2=1 LUT4=1)
  Clock Path Skew:        -0.039ns (DCD - SCD + CPR)
    Destination Clock Delay (DCD):    0.021ns = ( 6.688 - 6.667 ) 
    Source Clock Delay      (SCD):    0.060ns
    Clock Pessimism Removal (CPR):    0.000ns
  Clock Uncertainty:      0.035ns  ((TSJ^2 + TIJ^2)^1/2 + DJ) / 2 + PE
    Total System Jitter     (TSJ):    0.071ns
    Total Input Jitter      (TIJ):    0.000ns
    Discrete Jitter          (DJ):    0.000ns
    Phase Error              (PE):    0.000ns

    Location             Delay type                Incr(ns)  Path(ns)    Netlist Resource(s)
  -------------------------------------------------------------------    -------------------
                         (clock accelerator_clk rise edge)
                                                      0.000     0.000 r  
                                                      0.000     0.000 r  aclk (IN)
                         net (fo=3362, unset)         0.060     0.060    u_compute_core/u_energy64/energy_acc1/CLK
                         DSP_A_B_DATA                                 r  u_compute_core/u_energy64/energy_acc1/DSP_A_B_DATA_INST/CLK
  -------------------------------------------------------------------    -------------------
                         DSP_A_B_DATA (Prop_DSP_A_B_DATA_CLK_B2_DATA[1])
                                                      0.212     0.272 r  u_compute_core/u_energy64/energy_acc1/DSP_A_B_DATA_INST/B2_DATA[1]
                         net (fo=1, unplaced)         0.000     0.272    u_compute_core/u_energy64/energy_acc1/DSP_A_B_DATA.B2_DATA<1>
                         DSP_PREADD_DATA (Prop_DSP_PREADD_DATA_B2_DATA[1]_B2B1[1])
                                                      0.073     0.345 r  u_compute_core/u_energy64/energy_acc1/DSP_PREADD_DATA_INST/B2B1[1]
                         net (fo=1, unplaced)         0.000     0.345    u_compute_core/u_energy64/energy_acc1/DSP_PREADD_DATA.B2B1<1>
                         DSP_MULTIPLIER (Prop_DSP_MULTIPLIER_B2B1[1]_V[0])
                                                      0.609     0.954 f  u_compute_core/u_energy64/energy_acc1/DSP_MULTIPLIER_INST/V[0]
                         net (fo=1, unplaced)         0.000     0.954    u_compute_core/u_energy64/energy_acc1/DSP_MULTIPLIER.V<0>
                         DSP_M_DATA (Prop_DSP_M_DATA_V[0]_V_DATA[0])
                                                      0.046     1.000 r  u_compute_core/u_energy64/energy_acc1/DSP_M_DATA_INST/V_DATA[0]
                         net (fo=1, unplaced)         0.000     1.000    u_compute_core/u_energy64/energy_acc1/DSP_M_DATA.V_DATA<0>
                         DSP_ALU (Prop_DSP_ALU_V_DATA[0]_ALU_OUT[0])
                                                      0.571     1.571 f  u_compute_core/u_energy64/energy_acc1/DSP_ALU_INST/ALU_OUT[0]
                         net (fo=1, unplaced)         0.000     1.571    u_compute_core/u_energy64/energy_acc1/DSP_ALU.ALU_OUT<0>
                         DSP_OUTPUT (Prop_DSP_OUTPUT_ALU_OUT[0]_P[0])
                                                      0.109     1.680 r  u_compute_core/u_energy64/energy_acc1/DSP_OUTPUT_INST/P[0]
                         net (fo=66, unplaced)        0.282     1.962    u_compute_core/u_energy64/energy_acc1_n_105
                         LUT2 (Prop_LUT2_I0_O)        0.100     2.062 r  u_compute_core/u_energy64/energy_acc0_carry_i_7/O
                         net (fo=2, unplaced)         0.219     2.281    u_compute_core/u_energy64/energy_acc0_carry_i_7_n_0
                         LUT4 (Prop_LUT4_I3_O)        0.037     2.318 r  u_compute_core/u_energy64/energy_acc0_carry_i_14/O
                         net (fo=1, unplaced)         0.023     2.341    u_compute_core/u_energy64/energy_acc0_carry_i_14_n_0
                         CARRY8 (Prop_CARRY8_S[1]_CO[7])
                                                      0.197     2.538 r  u_compute_core/u_energy64/energy_acc0_carry/CO[7]
                         net (fo=1, unplaced)         0.005     2.543    u_compute_core/u_energy64/energy_acc0_carry_n_0
                         CARRY8 (Prop_CARRY8_CI_CO[7])
                                                      0.022     2.565 r  u_compute_core/u_energy64/energy_acc0_carry__0/CO[7]
                         net (fo=1, unplaced)         0.005     2.570    u_compute_core/u_energy64/energy_acc0_carry__0_n_0
                         CARRY8 (Prop_CARRY8_CI_CO[7])
                                                      0.022     2.592 r  u_compute_core/u_energy64/energy_acc0_carry__1/CO[7]
                         net (fo=1, unplaced)         0.005     2.597    u_compute_core/u_energy64/energy_acc0_carry__1_n_0
                         CARRY8 (Prop_CARRY8_CI_O[3])
                                                      0.082     2.679 r  u_compute_core/u_energy64/energy_acc0_carry__2/O[3]
                         net (fo=1, unplaced)         0.026     2.705    u_compute_core/u_energy64/energy_next_ext[27]
                         FDRE                                         r  u_compute_core/u_energy64/m_axis_tdata_reg[43]/D
  -------------------------------------------------------------------    -------------------

                         (clock accelerator_clk rise edge)
                                                      6.667     6.667 r  
                                                      0.000     6.667 r  aclk (IN)
                         net (fo=3362, unset)         0.021     6.688    u_compute_core/u_energy64/aclk
                         FDRE                                         r  u_compute_core/u_energy64/m_axis_tdata_reg[43]/C
                         clock pessimism              0.000     6.688    
                         clock uncertainty           -0.035     6.653    
                         FDRE (Setup_FDRE_C_D)        0.025     6.678    u_compute_core/u_energy64/m_axis_tdata_reg[43]
  -------------------------------------------------------------------
                         required time                          6.678    
                         arrival time                          -2.705    
  -------------------------------------------------------------------
                         slack                                  3.973    

Slack (MET) :             3.973ns  (required time - arrival time)
  Source:                 u_compute_core/u_energy64/energy_acc1/DSP_A_B_DATA_INST/CLK
                            (rising edge-triggered cell DSP_A_B_DATA clocked by accelerator_clk  {rise@0.000ns fall@3.333ns period=6.667ns})
  Destination:            u_compute_core/u_energy64/m_axis_tdata_reg[48]/D
                            (rising edge-triggered cell FDRE clocked by accelerator_clk  {rise@0.000ns fall@3.333ns period=6.667ns})
  Path Group:             accelerator_clk
  Path Type:              Setup (Max at Slow Process Corner)
  Requirement:            6.667ns  (accelerator_clk rise@6.667ns - accelerator_clk rise@0.000ns)
  Data Path Delay:        2.645ns  (logic 2.076ns (78.488%)  route 0.569ns (21.512%))
  Logic Levels:           12  (CARRY8=5 DSP_ALU=1 DSP_M_DATA=1 DSP_MULTIPLIER=1 DSP_OUTPUT=1 DSP_PREADD_DATA=1 LUT2=1 LUT4=1)
  Clock Path Skew:        -0.039ns (DCD - SCD + CPR)
    Destination Clock Delay (DCD):    0.021ns = ( 6.688 - 6.667 ) 
    Source Clock Delay      (SCD):    0.060ns
    Clock Pessimism Removal (CPR):    0.000ns
  Clock Uncertainty:      0.035ns  ((TSJ^2 + TIJ^2)^1/2 + DJ) / 2 + PE
    Total System Jitter     (TSJ):    0.071ns
    Total Input Jitter      (TIJ):    0.000ns
    Discrete Jitter          (DJ):    0.000ns
    Phase Error              (PE):    0.000ns

    Location             Delay type                Incr(ns)  Path(ns)    Netlist Resource(s)
  -------------------------------------------------------------------    -------------------
                         (clock accelerator_clk rise edge)
                                                      0.000     0.000 r  
                                                      0.000     0.000 r  aclk (IN)
                         net (fo=3362, unset)         0.060     0.060    u_compute_core/u_energy64/energy_acc1/CLK
                         DSP_A_B_DATA                                 r  u_compute_core/u_energy64/energy_acc1/DSP_A_B_DATA_INST/CLK
  -------------------------------------------------------------------    -------------------
                         DSP_A_B_DATA (Prop_DSP_A_B_DATA_CLK_B2_DATA[1])
                                                      0.212     0.272 r  u_compute_core/u_energy64/energy_acc1/DSP_A_B_DATA_INST/B2_DATA[1]
                         net (fo=1, unplaced)         0.000     0.272    u_compute_core/u_energy64/energy_acc1/DSP_A_B_DATA.B2_DATA<1>
                         DSP_PREADD_DATA (Prop_DSP_PREADD_DATA_B2_DATA[1]_B2B1[1])
                                                      0.073     0.345 r  u_compute_core/u_energy64/energy_acc1/DSP_PREADD_DATA_INST/B2B1[1]
                         net (fo=1, unplaced)         0.000     0.345    u_compute_core/u_energy64/energy_acc1/DSP_PREADD_DATA.B2B1<1>
                         DSP_MULTIPLIER (Prop_DSP_MULTIPLIER_B2B1[1]_V[0])
                                                      0.609     0.954 f  u_compute_core/u_energy64/energy_acc1/DSP_MULTIPLIER_INST/V[0]
                         net (fo=1, unplaced)         0.000     0.954    u_compute_core/u_energy64/energy_acc1/DSP_MULTIPLIER.V<0>
                         DSP_M_DATA (Prop_DSP_M_DATA_V[0]_V_DATA[0])
                                                      0.046     1.000 r  u_compute_core/u_energy64/energy_acc1/DSP_M_DATA_INST/V_DATA[0]
                         net (fo=1, unplaced)         0.000     1.000    u_compute_core/u_energy64/energy_acc1/DSP_M_DATA.V_DATA<0>
                         DSP_ALU (Prop_DSP_ALU_V_DATA[0]_ALU_OUT[0])
                                                      0.571     1.571 f  u_compute_core/u_energy64/energy_acc1/DSP_ALU_INST/ALU_OUT[0]
                         net (fo=1, unplaced)         0.000     1.571    u_compute_core/u_energy64/energy_acc1/DSP_ALU.ALU_OUT<0>
                         DSP_OUTPUT (Prop_DSP_OUTPUT_ALU_OUT[0]_P[0])
                                                      0.109     1.680 r  u_compute_core/u_energy64/energy_acc1/DSP_OUTPUT_INST/P[0]
                         net (fo=66, unplaced)        0.282     1.962    u_compute_core/u_energy64/energy_acc1_n_105
                         LUT2 (Prop_LUT2_I0_O)        0.100     2.062 r  u_compute_core/u_energy64/energy_acc0_carry_i_7/O
                         net (fo=2, unplaced)         0.219     2.281    u_compute_core/u_energy64/energy_acc0_carry_i_7_n_0
                         LUT4 (Prop_LUT4_I3_O)        0.037     2.318 r  u_compute_core/u_energy64/energy_acc0_carry_i_14/O
                         net (fo=1, unplaced)         0.023     2.341    u_compute_core/u_energy64/energy_acc0_carry_i_14_n_0
                         CARRY8 (Prop_CARRY8_S[1]_CO[7])
                                                      0.197     2.538 r  u_compute_core/u_energy64/energy_acc0_carry/CO[7]
                         net (fo=1, unplaced)         0.005     2.543    u_compute_core/u_energy64/energy_acc0_carry_n_0
                         CARRY8 (Prop_CARRY8_CI_CO[7])
                                                      0.022     2.565 r  u_compute_core/u_energy64/energy_acc0_carry__0/CO[7]
                         net (fo=1, unplaced)         0.005     2.570    u_compute_core/u_energy64/energy_acc0_carry__0_n_0
                         CARRY8 (Prop_CARRY8_CI_CO[7])
                                                      0.022     2.592 r  u_compute_core/u_energy64/energy_acc0_carry__1/CO[7]
                         net (fo=1, unplaced)         0.005     2.597    u_compute_core/u_energy64/energy_acc0_carry__1_n_0
                         CARRY8 (Prop_CARRY8_CI_CO[7])
                                                      0.022     2.619 r  u_compute_core/u_energy64/energy_acc0_carry__2/CO[7]
                         net (fo=1, unplaced)         0.005     2.624    u_compute_core/u_energy64/energy_acc0_carry__2_n_0
                         CARRY8 (Prop_CARRY8_CI_O[0])
                                                      0.056     2.680 r  u_compute_core/u_energy64/energy_acc0_carry__3/O[0]
                         net (fo=1, unplaced)         0.025     2.705    u_compute_core/u_energy64/energy_next_ext[32]
                         FDRE                                         r  u_compute_core/u_energy64/m_axis_tdata_reg[48]/D
  -------------------------------------------------------------------    -------------------

                         (clock accelerator_clk rise edge)
                                                      6.667     6.667 r  
                                                      0.000     6.667 r  aclk (IN)
                         net (fo=3362, unset)         0.021     6.688    u_compute_core/u_energy64/aclk
                         FDRE                                         r  u_compute_core/u_energy64/m_axis_tdata_reg[48]/C
                         clock pessimism              0.000     6.688    
                         clock uncertainty           -0.035     6.653    
                         FDRE (Setup_FDRE_C_D)        0.025     6.678    u_compute_core/u_energy64/m_axis_tdata_reg[48]
  -------------------------------------------------------------------
                         required time                          6.678    
                         arrival time                          -2.705    
  -------------------------------------------------------------------
                         slack                                  3.973    





Min Delay Paths
--------------------------------------------------------------------------------------
Slack (MET) :             0.065ns  (arrival time - required time)
  Source:                 u_axil_regs/event_count_reg[17]/C
                            (rising edge-triggered cell FDRE clocked by accelerator_clk  {rise@0.000ns fall@3.333ns period=6.667ns})
  Destination:            u_axil_regs/event_count_reg[17]/D
                            (rising edge-triggered cell FDRE clocked by accelerator_clk  {rise@0.000ns fall@3.333ns period=6.667ns})
  Path Group:             accelerator_clk
  Path Type:              Hold (Min at Fast Process Corner)
  Requirement:            0.000ns  (accelerator_clk rise@0.000ns - accelerator_clk rise@0.000ns)
  Data Path Delay:        0.117ns  (logic 0.056ns (47.863%)  route 0.061ns (52.137%))
  Logic Levels:           1  (CARRY8=1)
  Clock Path Skew:        0.006ns (DCD - SCD - CPR)
    Destination Clock Delay (DCD):    0.019ns
    Source Clock Delay      (SCD):    0.013ns
    Clock Pessimism Removal (CPR):    -0.000ns

    Location             Delay type                Incr(ns)  Path(ns)    Netlist Resource(s)
  -------------------------------------------------------------------    -------------------
                         (clock accelerator_clk rise edge)
                                                      0.000     0.000 r  
                                                      0.000     0.000 r  aclk (IN)
                         net (fo=3362, unset)         0.013     0.013    u_axil_regs/aclk
                         FDRE                                         r  u_axil_regs/event_count_reg[17]/C
  -------------------------------------------------------------------    -------------------
                         FDRE (Prop_FDRE_C_Q)         0.038     0.051 r  u_axil_regs/event_count_reg[17]/Q
                         net (fo=2, unplaced)         0.054     0.105    u_axil_regs/event_count_reg[17]
                         CARRY8 (Prop_CARRY8_S[1]_O[1])
                                                      0.018     0.123 r  u_axil_regs/event_count_reg[16]_i_1/O[1]
                         net (fo=1, unplaced)         0.007     0.130    u_axil_regs/event_count_reg[16]_i_1_n_14
                         FDRE                                         r  u_axil_regs/event_count_reg[17]/D
  -------------------------------------------------------------------    -------------------

                         (clock accelerator_clk rise edge)
                                                      0.000     0.000 r  
                                                      0.000     0.000 r  aclk (IN)
                         net (fo=3362, unset)         0.019     0.019    u_axil_regs/aclk
                         FDRE                                         r  u_axil_regs/event_count_reg[17]/C
                         clock pessimism              0.000     0.019    
                         FDRE (Hold_FDRE_C_D)         0.046     0.065    u_axil_regs/event_count_reg[17]
  -------------------------------------------------------------------
                         required time                         -0.065    
                         arrival time                           0.130    
  -------------------------------------------------------------------
                         slack                                  0.065    

Slack (MET) :             0.065ns  (arrival time - required time)
  Source:                 u_axil_regs/event_count_reg[1]/C
                            (rising edge-triggered cell FDRE clocked by accelerator_clk  {rise@0.000ns fall@3.333ns period=6.667ns})
  Destination:            u_axil_regs/event_count_reg[1]/D
                            (rising edge-triggered cell FDRE clocked by accelerator_clk  {rise@0.000ns fall@3.333ns period=6.667ns})
  Path Group:             accelerator_clk
  Path Type:              Hold (Min at Fast Process Corner)
  Requirement:            0.000ns  (accelerator_clk rise@0.000ns - accelerator_clk rise@0.000ns)
  Data Path Delay:        0.117ns  (logic 0.056ns (47.863%)  route 0.061ns (52.137%))
  Logic Levels:           1  (CARRY8=1)
  Clock Path Skew:        0.006ns (DCD - SCD - CPR)
    Destination Clock Delay (DCD):    0.019ns
    Source Clock Delay      (SCD):    0.013ns
    Clock Pessimism Removal (CPR):    -0.000ns

    Location             Delay type                Incr(ns)  Path(ns)    Netlist Resource(s)
  -------------------------------------------------------------------    -------------------
                         (clock accelerator_clk rise edge)
                                                      0.000     0.000 r  
                                                      0.000     0.000 r  aclk (IN)
                         net (fo=3362, unset)         0.013     0.013    u_axil_regs/aclk
                         FDRE                                         r  u_axil_regs/event_count_reg[1]/C
  -------------------------------------------------------------------    -------------------
                         FDRE (Prop_FDRE_C_Q)         0.038     0.051 r  u_axil_regs/event_count_reg[1]/Q
                         net (fo=2, unplaced)         0.054     0.105    u_axil_regs/event_count_reg[1]
                         CARRY8 (Prop_CARRY8_S[1]_O[1])
                                                      0.018     0.123 r  u_axil_regs/event_count_reg[0]_i_2/O[1]
                         net (fo=1, unplaced)         0.007     0.130    u_axil_regs/event_count_reg[0]_i_2_n_14
                         FDRE                                         r  u_axil_regs/event_count_reg[1]/D
  -------------------------------------------------------------------    -------------------

                         (clock accelerator_clk rise edge)
                                                      0.000     0.000 r  
                                                      0.000     0.000 r  aclk (IN)
                         net (fo=3362, unset)         0.019     0.019    u_axil_regs/aclk
                         FDRE                                         r  u_axil_regs/event_count_reg[1]/C
                         clock pessimism              0.000     0.019    
                         FDRE (Hold_FDRE_C_D)         0.046     0.065    u_axil_regs/event_count_reg[1]
  -------------------------------------------------------------------
                         required time                         -0.065    
                         arrival time                           0.130    
  -------------------------------------------------------------------
                         slack                                  0.065    

Slack (MET) :             0.065ns  (arrival time - required time)
  Source:                 u_axil_regs/event_count_reg[25]/C
                            (rising edge-triggered cell FDRE clocked by accelerator_clk  {rise@0.000ns fall@3.333ns period=6.667ns})
  Destination:            u_axil_regs/event_count_reg[25]/D
                            (rising edge-triggered cell FDRE clocked by accelerator_clk  {rise@0.000ns fall@3.333ns period=6.667ns})
  Path Group:             accelerator_clk
  Path Type:              Hold (Min at Fast Process Corner)
  Requirement:            0.000ns  (accelerator_clk rise@0.000ns - accelerator_clk rise@0.000ns)
  Data Path Delay:        0.117ns  (logic 0.056ns (47.863%)  route 0.061ns (52.137%))
  Logic Levels:           1  (CARRY8=1)
  Clock Path Skew:        0.006ns (DCD - SCD - CPR)
    Destination Clock Delay (DCD):    0.019ns
    Source Clock Delay      (SCD):    0.013ns
    Clock Pessimism Removal (CPR):    -0.000ns

    Location             Delay type                Incr(ns)  Path(ns)    Netlist Resource(s)
  -------------------------------------------------------------------    -------------------
                         (clock accelerator_clk rise edge)
                                                      0.000     0.000 r  
                                                      0.000     0.000 r  aclk (IN)
                         net (fo=3362, unset)         0.013     0.013    u_axil_regs/aclk
                         FDRE                                         r  u_axil_regs/event_count_reg[25]/C
  -------------------------------------------------------------------    -------------------
                         FDRE (Prop_FDRE_C_Q)         0.038     0.051 r  u_axil_regs/event_count_reg[25]/Q
                         net (fo=2, unplaced)         0.054     0.105    u_axil_regs/event_count_reg[25]
                         CARRY8 (Prop_CARRY8_S[1]_O[1])
                                                      0.018     0.123 r  u_axil_regs/event_count_reg[24]_i_1/O[1]
                         net (fo=1, unplaced)         0.007     0.130    u_axil_regs/event_count_reg[24]_i_1_n_14
                         FDRE                                         r  u_axil_regs/event_count_reg[25]/D
  -------------------------------------------------------------------    -------------------

                         (clock accelerator_clk rise edge)
                                                      0.000     0.000 r  
                                                      0.000     0.000 r  aclk (IN)
                         net (fo=3362, unset)         0.019     0.019    u_axil_regs/aclk
                         FDRE                                         r  u_axil_regs/event_count_reg[25]/C
                         clock pessimism              0.000     0.019    
                         FDRE (Hold_FDRE_C_D)         0.046     0.065    u_axil_regs/event_count_reg[25]
  -------------------------------------------------------------------
                         required time                         -0.065    
                         arrival time                           0.130    
  -------------------------------------------------------------------
                         slack                                  0.065    

Slack (MET) :             0.065ns  (arrival time - required time)
  Source:                 u_axil_regs/event_count_reg[9]/C
                            (rising edge-triggered cell FDRE clocked by accelerator_clk  {rise@0.000ns fall@3.333ns period=6.667ns})
  Destination:            u_axil_regs/event_count_reg[9]/D
                            (rising edge-triggered cell FDRE clocked by accelerator_clk  {rise@0.000ns fall@3.333ns period=6.667ns})
  Path Group:             accelerator_clk
  Path Type:              Hold (Min at Fast Process Corner)
  Requirement:            0.000ns  (accelerator_clk rise@0.000ns - accelerator_clk rise@0.000ns)
  Data Path Delay:        0.117ns  (logic 0.056ns (47.863%)  route 0.061ns (52.137%))
  Logic Levels:           1  (CARRY8=1)
  Clock Path Skew:        0.006ns (DCD - SCD - CPR)
    Destination Clock Delay (DCD):    0.019ns
    Source Clock Delay      (SCD):    0.013ns
    Clock Pessimism Removal (CPR):    -0.000ns

    Location             Delay type                Incr(ns)  Path(ns)    Netlist Resource(s)
  -------------------------------------------------------------------    -------------------
                         (clock accelerator_clk rise edge)
                                                      0.000     0.000 r  
                                                      0.000     0.000 r  aclk (IN)
                         net (fo=3362, unset)         0.013     0.013    u_axil_regs/aclk
                         FDRE                                         r  u_axil_regs/event_count_reg[9]/C
  -------------------------------------------------------------------    -------------------
                         FDRE (Prop_FDRE_C_Q)         0.038     0.051 r  u_axil_regs/event_count_reg[9]/Q
                         net (fo=2, unplaced)         0.054     0.105    u_axil_regs/event_count_reg[9]
                         CARRY8 (Prop_CARRY8_S[1]_O[1])
                                                      0.018     0.123 r  u_axil_regs/event_count_reg[8]_i_1/O[1]
                         net (fo=1, unplaced)         0.007     0.130    u_axil_regs/event_count_reg[8]_i_1_n_14
                         FDRE                                         r  u_axil_regs/event_count_reg[9]/D
  -------------------------------------------------------------------    -------------------

                         (clock accelerator_clk rise edge)
                                                      0.000     0.000 r  
                                                      0.000     0.000 r  aclk (IN)
                         net (fo=3362, unset)         0.019     0.019    u_axil_regs/aclk
                         FDRE                                         r  u_axil_regs/event_count_reg[9]/C
                         clock pessimism              0.000     0.019    
                         FDRE (Hold_FDRE_C_D)         0.046     0.065    u_axil_regs/event_count_reg[9]
  -------------------------------------------------------------------
                         required time                         -0.065    
                         arrival time                           0.130    
  -------------------------------------------------------------------
                         slack                                  0.065    

Slack (MET) :             0.065ns  (arrival time - required time)
  Source:                 u_axil_regs/input_stall_count_reg[17]/C
                            (rising edge-triggered cell FDRE clocked by accelerator_clk  {rise@0.000ns fall@3.333ns period=6.667ns})
  Destination:            u_axil_regs/input_stall_count_reg[17]/D
                            (rising edge-triggered cell FDRE clocked by accelerator_clk  {rise@0.000ns fall@3.333ns period=6.667ns})
  Path Group:             accelerator_clk
  Path Type:              Hold (Min at Fast Process Corner)
  Requirement:            0.000ns  (accelerator_clk rise@0.000ns - accelerator_clk rise@0.000ns)
  Data Path Delay:        0.117ns  (logic 0.056ns (47.863%)  route 0.061ns (52.137%))
  Logic Levels:           1  (CARRY8=1)
  Clock Path Skew:        0.006ns (DCD - SCD - CPR)
    Destination Clock Delay (DCD):    0.019ns
    Source Clock Delay      (SCD):    0.013ns
    Clock Pessimism Removal (CPR):    -0.000ns

    Location             Delay type                Incr(ns)  Path(ns)    Netlist Resource(s)
  -------------------------------------------------------------------    -------------------
                         (clock accelerator_clk rise edge)
                                                      0.000     0.000 r  
                                                      0.000     0.000 r  aclk (IN)
                         net (fo=3362, unset)         0.013     0.013    u_axil_regs/aclk
                         FDRE                                         r  u_axil_regs/input_stall_count_reg[17]/C
  -------------------------------------------------------------------    -------------------
                         FDRE (Prop_FDRE_C_Q)         0.038     0.051 r  u_axil_regs/input_stall_count_reg[17]/Q
                         net (fo=2, unplaced)         0.054     0.105    u_axil_regs/input_stall_count_reg[17]
                         CARRY8 (Prop_CARRY8_S[1]_O[1])
                                                      0.018     0.123 r  u_axil_regs/input_stall_count_reg[16]_i_1/O[1]
                         net (fo=1, unplaced)         0.007     0.130    u_axil_regs/input_stall_count_reg[16]_i_1_n_14
                         FDRE                                         r  u_axil_regs/input_stall_count_reg[17]/D
  -------------------------------------------------------------------    -------------------

                         (clock accelerator_clk rise edge)
                                                      0.000     0.000 r  
                                                      0.000     0.000 r  aclk (IN)
                         net (fo=3362, unset)         0.019     0.019    u_axil_regs/aclk
                         FDRE                                         r  u_axil_regs/input_stall_count_reg[17]/C
                         clock pessimism              0.000     0.019    
                         FDRE (Hold_FDRE_C_D)         0.046     0.065    u_axil_regs/input_stall_count_reg[17]
  -------------------------------------------------------------------
                         required time                         -0.065    
                         arrival time                           0.130    
  -------------------------------------------------------------------
                         slack                                  0.065    

Slack (MET) :             0.065ns  (arrival time - required time)
  Source:                 u_axil_regs/input_stall_count_reg[1]/C
                            (rising edge-triggered cell FDRE clocked by accelerator_clk  {rise@0.000ns fall@3.333ns period=6.667ns})
  Destination:            u_axil_regs/input_stall_count_reg[1]/D
                            (rising edge-triggered cell FDRE clocked by accelerator_clk  {rise@0.000ns fall@3.333ns period=6.667ns})
  Path Group:             accelerator_clk
  Path Type:              Hold (Min at Fast Process Corner)
  Requirement:            0.000ns  (accelerator_clk rise@0.000ns - accelerator_clk rise@0.000ns)
  Data Path Delay:        0.117ns  (logic 0.056ns (47.863%)  route 0.061ns (52.137%))
  Logic Levels:           1  (CARRY8=1)
  Clock Path Skew:        0.006ns (DCD - SCD - CPR)
    Destination Clock Delay (DCD):    0.019ns
    Source Clock Delay      (SCD):    0.013ns
    Clock Pessimism Removal (CPR):    -0.000ns

    Location             Delay type                Incr(ns)  Path(ns)    Netlist Resource(s)
  -------------------------------------------------------------------    -------------------
                         (clock accelerator_clk rise edge)
                                                      0.000     0.000 r  
                                                      0.000     0.000 r  aclk (IN)
                         net (fo=3362, unset)         0.013     0.013    u_axil_regs/aclk
                         FDRE                                         r  u_axil_regs/input_stall_count_reg[1]/C
  -------------------------------------------------------------------    -------------------
                         FDRE (Prop_FDRE_C_Q)         0.038     0.051 r  u_axil_regs/input_stall_count_reg[1]/Q
                         net (fo=2, unplaced)         0.054     0.105    u_axil_regs/input_stall_count_reg[1]
                         CARRY8 (Prop_CARRY8_S[1]_O[1])
                                                      0.018     0.123 r  u_axil_regs/input_stall_count_reg[0]_i_2/O[1]
                         net (fo=1, unplaced)         0.007     0.130    u_axil_regs/input_stall_count_reg[0]_i_2_n_14
                         FDRE                                         r  u_axil_regs/input_stall_count_reg[1]/D
  -------------------------------------------------------------------    -------------------

                         (clock accelerator_clk rise edge)
                                                      0.000     0.000 r  
                                                      0.000     0.000 r  aclk (IN)
                         net (fo=3362, unset)         0.019     0.019    u_axil_regs/aclk
                         FDRE                                         r  u_axil_regs/input_stall_count_reg[1]/C
                         clock pessimism              0.000     0.019    
                         FDRE (Hold_FDRE_C_D)         0.046     0.065    u_axil_regs/input_stall_count_reg[1]
  -------------------------------------------------------------------
                         required time                         -0.065    
                         arrival time                           0.130    
  -------------------------------------------------------------------
                         slack                                  0.065    

Slack (MET) :             0.065ns  (arrival time - required time)
  Source:                 u_axil_regs/input_stall_count_reg[25]/C
                            (rising edge-triggered cell FDRE clocked by accelerator_clk  {rise@0.000ns fall@3.333ns period=6.667ns})
  Destination:            u_axil_regs/input_stall_count_reg[25]/D
                            (rising edge-triggered cell FDRE clocked by accelerator_clk  {rise@0.000ns fall@3.333ns period=6.667ns})
  Path Group:             accelerator_clk
  Path Type:              Hold (Min at Fast Process Corner)
  Requirement:            0.000ns  (accelerator_clk rise@0.000ns - accelerator_clk rise@0.000ns)
  Data Path Delay:        0.117ns  (logic 0.056ns (47.863%)  route 0.061ns (52.137%))
  Logic Levels:           1  (CARRY8=1)
  Clock Path Skew:        0.006ns (DCD - SCD - CPR)
    Destination Clock Delay (DCD):    0.019ns
    Source Clock Delay      (SCD):    0.013ns
    Clock Pessimism Removal (CPR):    -0.000ns

    Location             Delay type                Incr(ns)  Path(ns)    Netlist Resource(s)
  -------------------------------------------------------------------    -------------------
                         (clock accelerator_clk rise edge)
                                                      0.000     0.000 r  
                                                      0.000     0.000 r  aclk (IN)
                         net (fo=3362, unset)         0.013     0.013    u_axil_regs/aclk
                         FDRE                                         r  u_axil_regs/input_stall_count_reg[25]/C
  -------------------------------------------------------------------    -------------------
                         FDRE (Prop_FDRE_C_Q)         0.038     0.051 r  u_axil_regs/input_stall_count_reg[25]/Q
                         net (fo=2, unplaced)         0.054     0.105    u_axil_regs/input_stall_count_reg[25]
                         CARRY8 (Prop_CARRY8_S[1]_O[1])
                                                      0.018     0.123 r  u_axil_regs/input_stall_count_reg[24]_i_1/O[1]
                         net (fo=1, unplaced)         0.007     0.130    u_axil_regs/input_stall_count_reg[24]_i_1_n_14
                         FDRE                                         r  u_axil_regs/input_stall_count_reg[25]/D
  -------------------------------------------------------------------    -------------------

                         (clock accelerator_clk rise edge)
                                                      0.000     0.000 r  
                                                      0.000     0.000 r  aclk (IN)
                         net (fo=3362, unset)         0.019     0.019    u_axil_regs/aclk
                         FDRE                                         r  u_axil_regs/input_stall_count_reg[25]/C
                         clock pessimism              0.000     0.019    
                         FDRE (Hold_FDRE_C_D)         0.046     0.065    u_axil_regs/input_stall_count_reg[25]
  -------------------------------------------------------------------
                         required time                         -0.065    
                         arrival time                           0.130    
  -------------------------------------------------------------------
                         slack                                  0.065    

Slack (MET) :             0.065ns  (arrival time - required time)
  Source:                 u_axil_regs/input_stall_count_reg[9]/C
                            (rising edge-triggered cell FDRE clocked by accelerator_clk  {rise@0.000ns fall@3.333ns period=6.667ns})
  Destination:            u_axil_regs/input_stall_count_reg[9]/D
                            (rising edge-triggered cell FDRE clocked by accelerator_clk  {rise@0.000ns fall@3.333ns period=6.667ns})
  Path Group:             accelerator_clk
  Path Type:              Hold (Min at Fast Process Corner)
  Requirement:            0.000ns  (accelerator_clk rise@0.000ns - accelerator_clk rise@0.000ns)
  Data Path Delay:        0.117ns  (logic 0.056ns (47.863%)  route 0.061ns (52.137%))
  Logic Levels:           1  (CARRY8=1)
  Clock Path Skew:        0.006ns (DCD - SCD - CPR)
    Destination Clock Delay (DCD):    0.019ns
    Source Clock Delay      (SCD):    0.013ns
    Clock Pessimism Removal (CPR):    -0.000ns

    Location             Delay type                Incr(ns)  Path(ns)    Netlist Resource(s)
  -------------------------------------------------------------------    -------------------
                         (clock accelerator_clk rise edge)
                                                      0.000     0.000 r  
                                                      0.000     0.000 r  aclk (IN)
                         net (fo=3362, unset)         0.013     0.013    u_axil_regs/aclk
                         FDRE                                         r  u_axil_regs/input_stall_count_reg[9]/C
  -------------------------------------------------------------------    -------------------
                         FDRE (Prop_FDRE_C_Q)         0.038     0.051 r  u_axil_regs/input_stall_count_reg[9]/Q
                         net (fo=2, unplaced)         0.054     0.105    u_axil_regs/input_stall_count_reg[9]
                         CARRY8 (Prop_CARRY8_S[1]_O[1])
                                                      0.018     0.123 r  u_axil_regs/input_stall_count_reg[8]_i_1/O[1]
                         net (fo=1, unplaced)         0.007     0.130    u_axil_regs/input_stall_count_reg[8]_i_1_n_14
                         FDRE                                         r  u_axil_regs/input_stall_count_reg[9]/D
  -------------------------------------------------------------------    -------------------

                         (clock accelerator_clk rise edge)
                                                      0.000     0.000 r  
                                                      0.000     0.000 r  aclk (IN)
                         net (fo=3362, unset)         0.019     0.019    u_axil_regs/aclk
                         FDRE                                         r  u_axil_regs/input_stall_count_reg[9]/C
                         clock pessimism              0.000     0.019    
                         FDRE (Hold_FDRE_C_D)         0.046     0.065    u_axil_regs/input_stall_count_reg[9]
  -------------------------------------------------------------------
                         required time                         -0.065    
                         arrival time                           0.130    
  -------------------------------------------------------------------
                         slack                                  0.065    

Slack (MET) :             0.065ns  (arrival time - required time)
  Source:                 u_axil_regs/output_stall_count_reg[17]/C
                            (rising edge-triggered cell FDRE clocked by accelerator_clk  {rise@0.000ns fall@3.333ns period=6.667ns})
  Destination:            u_axil_regs/output_stall_count_reg[17]/D
                            (rising edge-triggered cell FDRE clocked by accelerator_clk  {rise@0.000ns fall@3.333ns period=6.667ns})
  Path Group:             accelerator_clk
  Path Type:              Hold (Min at Fast Process Corner)
  Requirement:            0.000ns  (accelerator_clk rise@0.000ns - accelerator_clk rise@0.000ns)
  Data Path Delay:        0.117ns  (logic 0.056ns (47.863%)  route 0.061ns (52.137%))
  Logic Levels:           1  (CARRY8=1)
  Clock Path Skew:        0.006ns (DCD - SCD - CPR)
    Destination Clock Delay (DCD):    0.019ns
    Source Clock Delay      (SCD):    0.013ns
    Clock Pessimism Removal (CPR):    -0.000ns

    Location             Delay type                Incr(ns)  Path(ns)    Netlist Resource(s)
  -------------------------------------------------------------------    -------------------
                         (clock accelerator_clk rise edge)
                                                      0.000     0.000 r  
                                                      0.000     0.000 r  aclk (IN)
                         net (fo=3362, unset)         0.013     0.013    u_axil_regs/aclk
                         FDRE                                         r  u_axil_regs/output_stall_count_reg[17]/C
  -------------------------------------------------------------------    -------------------
                         FDRE (Prop_FDRE_C_Q)         0.038     0.051 r  u_axil_regs/output_stall_count_reg[17]/Q
                         net (fo=2, unplaced)         0.054     0.105    u_axil_regs/output_stall_count_reg[17]
                         CARRY8 (Prop_CARRY8_S[1]_O[1])
                                                      0.018     0.123 r  u_axil_regs/output_stall_count_reg[16]_i_1/O[1]
                         net (fo=1, unplaced)         0.007     0.130    u_axil_regs/output_stall_count_reg[16]_i_1_n_14
                         FDRE                                         r  u_axil_regs/output_stall_count_reg[17]/D
  -------------------------------------------------------------------    -------------------

                         (clock accelerator_clk rise edge)
                                                      0.000     0.000 r  
                                                      0.000     0.000 r  aclk (IN)
                         net (fo=3362, unset)         0.019     0.019    u_axil_regs/aclk
                         FDRE                                         r  u_axil_regs/output_stall_count_reg[17]/C
                         clock pessimism              0.000     0.019    
                         FDRE (Hold_FDRE_C_D)         0.046     0.065    u_axil_regs/output_stall_count_reg[17]
  -------------------------------------------------------------------
                         required time                         -0.065    
                         arrival time                           0.130    
  -------------------------------------------------------------------
                         slack                                  0.065    

Slack (MET) :             0.065ns  (arrival time - required time)
  Source:                 u_axil_regs/output_stall_count_reg[1]/C
                            (rising edge-triggered cell FDRE clocked by accelerator_clk  {rise@0.000ns fall@3.333ns period=6.667ns})
  Destination:            u_axil_regs/output_stall_count_reg[1]/D
                            (rising edge-triggered cell FDRE clocked by accelerator_clk  {rise@0.000ns fall@3.333ns period=6.667ns})
  Path Group:             accelerator_clk
  Path Type:              Hold (Min at Fast Process Corner)
  Requirement:            0.000ns  (accelerator_clk rise@0.000ns - accelerator_clk rise@0.000ns)
  Data Path Delay:        0.117ns  (logic 0.056ns (47.863%)  route 0.061ns (52.137%))
  Logic Levels:           1  (CARRY8=1)
  Clock Path Skew:        0.006ns (DCD - SCD - CPR)
    Destination Clock Delay (DCD):    0.019ns
    Source Clock Delay      (SCD):    0.013ns
    Clock Pessimism Removal (CPR):    -0.000ns

    Location             Delay type                Incr(ns)  Path(ns)    Netlist Resource(s)
  -------------------------------------------------------------------    -------------------
                         (clock accelerator_clk rise edge)
                                                      0.000     0.000 r  
                                                      0.000     0.000 r  aclk (IN)
                         net (fo=3362, unset)         0.013     0.013    u_axil_regs/aclk
                         FDRE                                         r  u_axil_regs/output_stall_count_reg[1]/C
  -------------------------------------------------------------------    -------------------
                         FDRE (Prop_FDRE_C_Q)         0.038     0.051 r  u_axil_regs/output_stall_count_reg[1]/Q
                         net (fo=2, unplaced)         0.054     0.105    u_axil_regs/output_stall_count_reg[1]
                         CARRY8 (Prop_CARRY8_S[1]_O[1])
                                                      0.018     0.123 r  u_axil_regs/output_stall_count_reg[0]_i_2/O[1]
                         net (fo=1, unplaced)         0.007     0.130    u_axil_regs/output_stall_count_reg[0]_i_2_n_14
                         FDRE                                         r  u_axil_regs/output_stall_count_reg[1]/D
  -------------------------------------------------------------------    -------------------

                         (clock accelerator_clk rise edge)
                                                      0.000     0.000 r  
                                                      0.000     0.000 r  aclk (IN)
                         net (fo=3362, unset)         0.019     0.019    u_axil_regs/aclk
                         FDRE                                         r  u_axil_regs/output_stall_count_reg[1]/C
                         clock pessimism              0.000     0.019    
                         FDRE (Hold_FDRE_C_D)         0.046     0.065    u_axil_regs/output_stall_count_reg[1]
  -------------------------------------------------------------------
                         required time                         -0.065    
                         arrival time                           0.130    
  -------------------------------------------------------------------
                         slack                                  0.065    

Slack (MET) :             0.065ns  (arrival time - required time)
  Source:                 u_axil_regs/output_stall_count_reg[25]/C
                            (rising edge-triggered cell FDRE clocked by accelerator_clk  {rise@0.000ns fall@3.333ns period=6.667ns})
  Destination:            u_axil_regs/output_stall_count_reg[25]/D
                            (rising edge-triggered cell FDRE clocked by accelerator_clk  {rise@0.000ns fall@3.333ns period=6.667ns})
  Path Group:             accelerator_clk
  Path Type:              Hold (Min at Fast Process Corner)
  Requirement:            0.000ns  (accelerator_clk rise@0.000ns - accelerator_clk rise@0.000ns)
  Data Path Delay:        0.117ns  (logic 0.056ns (47.863%)  route 0.061ns (52.137%))
  Logic Levels:           1  (CARRY8=1)
  Clock Path Skew:        0.006ns (DCD - SCD - CPR)
    Destination Clock Delay (DCD):    0.019ns
    Source Clock Delay      (SCD):    0.013ns
    Clock Pessimism Removal (CPR):    -0.000ns

    Location             Delay type                Incr(ns)  Path(ns)    Netlist Resource(s)
  -------------------------------------------------------------------    -------------------
                         (clock accelerator_clk rise edge)
                                                      0.000     0.000 r  
                                                      0.000     0.000 r  aclk (IN)
                         net (fo=3362, unset)         0.013     0.013    u_axil_regs/aclk
                         FDRE                                         r  u_axil_regs/output_stall_count_reg[25]/C
  -------------------------------------------------------------------    -------------------
                         FDRE (Prop_FDRE_C_Q)         0.038     0.051 r  u_axil_regs/output_stall_count_reg[25]/Q
                         net (fo=2, unplaced)         0.054     0.105    u_axil_regs/output_stall_count_reg[25]
                         CARRY8 (Prop_CARRY8_S[1]_O[1])
                                                      0.018     0.123 r  u_axil_regs/output_stall_count_reg[24]_i_1/O[1]
                         net (fo=1, unplaced)         0.007     0.130    u_axil_regs/output_stall_count_reg[24]_i_1_n_14
                         FDRE                                         r  u_axil_regs/output_stall_count_reg[25]/D
  -------------------------------------------------------------------    -------------------

                         (clock accelerator_clk rise edge)
                                                      0.000     0.000 r  
                                                      0.000     0.000 r  aclk (IN)
                         net (fo=3362, unset)         0.019     0.019    u_axil_regs/aclk
                         FDRE                                         r  u_axil_regs/output_stall_count_reg[25]/C
                         clock pessimism              0.000     0.019    
                         FDRE (Hold_FDRE_C_D)         0.046     0.065    u_axil_regs/output_stall_count_reg[25]
  -------------------------------------------------------------------
                         required time                         -0.065    
                         arrival time                           0.130    
  -------------------------------------------------------------------
                         slack                                  0.065    

Slack (MET) :             0.065ns  (arrival time - required time)
  Source:                 u_axil_regs/output_stall_count_reg[9]/C
                            (rising edge-triggered cell FDRE clocked by accelerator_clk  {rise@0.000ns fall@3.333ns period=6.667ns})
  Destination:            u_axil_regs/output_stall_count_reg[9]/D
                            (rising edge-triggered cell FDRE clocked by accelerator_clk  {rise@0.000ns fall@3.333ns period=6.667ns})
  Path Group:             accelerator_clk
  Path Type:              Hold (Min at Fast Process Corner)
  Requirement:            0.000ns  (accelerator_clk rise@0.000ns - accelerator_clk rise@0.000ns)
  Data Path Delay:        0.117ns  (logic 0.056ns (47.863%)  route 0.061ns (52.137%))
  Logic Levels:           1  (CARRY8=1)
  Clock Path Skew:        0.006ns (DCD - SCD - CPR)
    Destination Clock Delay (DCD):    0.019ns
    Source Clock Delay      (SCD):    0.013ns
    Clock Pessimism Removal (CPR):    -0.000ns

    Location             Delay type                Incr(ns)  Path(ns)    Netlist Resource(s)
  -------------------------------------------------------------------    -------------------
                         (clock accelerator_clk rise edge)
                                                      0.000     0.000 r  
                                                      0.000     0.000 r  aclk (IN)
                         net (fo=3362, unset)         0.013     0.013    u_axil_regs/aclk
                         FDRE                                         r  u_axil_regs/output_stall_count_reg[9]/C
  -------------------------------------------------------------------    -------------------
                         FDRE (Prop_FDRE_C_Q)         0.038     0.051 r  u_axil_regs/output_stall_count_reg[9]/Q
                         net (fo=2, unplaced)         0.054     0.105    u_axil_regs/output_stall_count_reg[9]
                         CARRY8 (Prop_CARRY8_S[1]_O[1])
                                                      0.018     0.123 r  u_axil_regs/output_stall_count_reg[8]_i_1/O[1]
                         net (fo=1, unplaced)         0.007     0.130    u_axil_regs/output_stall_count_reg[8]_i_1_n_14
                         FDRE                                         r  u_axil_regs/output_stall_count_reg[9]/D
  -------------------------------------------------------------------    -------------------

                         (clock accelerator_clk rise edge)
                                                      0.000     0.000 r  
                                                      0.000     0.000 r  aclk (IN)
                         net (fo=3362, unset)         0.019     0.019    u_axil_regs/aclk
                         FDRE                                         r  u_axil_regs/output_stall_count_reg[9]/C
                         clock pessimism              0.000     0.019    
                         FDRE (Hold_FDRE_C_D)         0.046     0.065    u_axil_regs/output_stall_count_reg[9]
  -------------------------------------------------------------------
                         required time                         -0.065    
                         arrival time                           0.130    
  -------------------------------------------------------------------
                         slack                                  0.065    

Slack (MET) :             0.065ns  (arrival time - required time)
  Source:                 u_axil_regs/result_count_reg[17]/C
                            (rising edge-triggered cell FDRE clocked by accelerator_clk  {rise@0.000ns fall@3.333ns period=6.667ns})
  Destination:            u_axil_regs/result_count_reg[17]/D
                            (rising edge-triggered cell FDRE clocked by accelerator_clk  {rise@0.000ns fall@3.333ns period=6.667ns})
  Path Group:             accelerator_clk
  Path Type:              Hold (Min at Fast Process Corner)
  Requirement:            0.000ns  (accelerator_clk rise@0.000ns - accelerator_clk rise@0.000ns)
  Data Path Delay:        0.117ns  (logic 0.056ns (47.863%)  route 0.061ns (52.137%))
  Logic Levels:           1  (CARRY8=1)
  Clock Path Skew:        0.006ns (DCD - SCD - CPR)
    Destination Clock Delay (DCD):    0.019ns
    Source Clock Delay      (SCD):    0.013ns
    Clock Pessimism Removal (CPR):    -0.000ns

    Location             Delay type                Incr(ns)  Path(ns)    Netlist Resource(s)
  -------------------------------------------------------------------    -------------------
                         (clock accelerator_clk rise edge)
                                                      0.000     0.000 r  
                                                      0.000     0.000 r  aclk (IN)
                         net (fo=3362, unset)         0.013     0.013    u_axil_regs/aclk
                         FDRE                                         r  u_axil_regs/result_count_reg[17]/C
  -------------------------------------------------------------------    -------------------
                         FDRE (Prop_FDRE_C_Q)         0.038     0.051 r  u_axil_regs/result_count_reg[17]/Q
                         net (fo=2, unplaced)         0.054     0.105    u_axil_regs/result_count_reg[17]
                         CARRY8 (Prop_CARRY8_S[1]_O[1])
                                                      0.018     0.123 r  u_axil_regs/result_count_reg[16]_i_1/O[1]
                         net (fo=1, unplaced)         0.007     0.130    u_axil_regs/result_count_reg[16]_i_1_n_14
                         FDRE                                         r  u_axil_regs/result_count_reg[17]/D
  -------------------------------------------------------------------    -------------------

                         (clock accelerator_clk rise edge)
                                                      0.000     0.000 r  
                                                      0.000     0.000 r  aclk (IN)
                         net (fo=3362, unset)         0.019     0.019    u_axil_regs/aclk
                         FDRE                                         r  u_axil_regs/result_count_reg[17]/C
                         clock pessimism              0.000     0.019    
                         FDRE (Hold_FDRE_C_D)         0.046     0.065    u_axil_regs/result_count_reg[17]
  -------------------------------------------------------------------
                         required time                         -0.065    
                         arrival time                           0.130    
  -------------------------------------------------------------------
                         slack                                  0.065    

Slack (MET) :             0.065ns  (arrival time - required time)
  Source:                 u_axil_regs/result_count_reg[1]/C
                            (rising edge-triggered cell FDRE clocked by accelerator_clk  {rise@0.000ns fall@3.333ns period=6.667ns})
  Destination:            u_axil_regs/result_count_reg[1]/D
                            (rising edge-triggered cell FDRE clocked by accelerator_clk  {rise@0.000ns fall@3.333ns period=6.667ns})
  Path Group:             accelerator_clk
  Path Type:              Hold (Min at Fast Process Corner)
  Requirement:            0.000ns  (accelerator_clk rise@0.000ns - accelerator_clk rise@0.000ns)
  Data Path Delay:        0.117ns  (logic 0.056ns (47.863%)  route 0.061ns (52.137%))
  Logic Levels:           1  (CARRY8=1)
  Clock Path Skew:        0.006ns (DCD - SCD - CPR)
    Destination Clock Delay (DCD):    0.019ns
    Source Clock Delay      (SCD):    0.013ns
    Clock Pessimism Removal (CPR):    -0.000ns

    Location             Delay type                Incr(ns)  Path(ns)    Netlist Resource(s)
  -------------------------------------------------------------------    -------------------
                         (clock accelerator_clk rise edge)
                                                      0.000     0.000 r  
                                                      0.000     0.000 r  aclk (IN)
                         net (fo=3362, unset)         0.013     0.013    u_axil_regs/aclk
                         FDRE                                         r  u_axil_regs/result_count_reg[1]/C
  -------------------------------------------------------------------    -------------------
                         FDRE (Prop_FDRE_C_Q)         0.038     0.051 r  u_axil_regs/result_count_reg[1]/Q
                         net (fo=2, unplaced)         0.054     0.105    u_axil_regs/result_count_reg[1]
                         CARRY8 (Prop_CARRY8_S[1]_O[1])
                                                      0.018     0.123 r  u_axil_regs/result_count_reg[0]_i_2/O[1]
                         net (fo=1, unplaced)         0.007     0.130    u_axil_regs/result_count_reg[0]_i_2_n_14
                         FDRE                                         r  u_axil_regs/result_count_reg[1]/D
  -------------------------------------------------------------------    -------------------

                         (clock accelerator_clk rise edge)
                                                      0.000     0.000 r  
                                                      0.000     0.000 r  aclk (IN)
                         net (fo=3362, unset)         0.019     0.019    u_axil_regs/aclk
                         FDRE                                         r  u_axil_regs/result_count_reg[1]/C
                         clock pessimism              0.000     0.019    
                         FDRE (Hold_FDRE_C_D)         0.046     0.065    u_axil_regs/result_count_reg[1]
  -------------------------------------------------------------------
                         required time                         -0.065    
                         arrival time                           0.130    
  -------------------------------------------------------------------
                         slack                                  0.065    

Slack (MET) :             0.065ns  (arrival time - required time)
  Source:                 u_axil_regs/result_count_reg[25]/C
                            (rising edge-triggered cell FDRE clocked by accelerator_clk  {rise@0.000ns fall@3.333ns period=6.667ns})
  Destination:            u_axil_regs/result_count_reg[25]/D
                            (rising edge-triggered cell FDRE clocked by accelerator_clk  {rise@0.000ns fall@3.333ns period=6.667ns})
  Path Group:             accelerator_clk
  Path Type:              Hold (Min at Fast Process Corner)
  Requirement:            0.000ns  (accelerator_clk rise@0.000ns - accelerator_clk rise@0.000ns)
  Data Path Delay:        0.117ns  (logic 0.056ns (47.863%)  route 0.061ns (52.137%))
  Logic Levels:           1  (CARRY8=1)
  Clock Path Skew:        0.006ns (DCD - SCD - CPR)
    Destination Clock Delay (DCD):    0.019ns
    Source Clock Delay      (SCD):    0.013ns
    Clock Pessimism Removal (CPR):    -0.000ns

    Location             Delay type                Incr(ns)  Path(ns)    Netlist Resource(s)
  -------------------------------------------------------------------    -------------------
                         (clock accelerator_clk rise edge)
                                                      0.000     0.000 r  
                                                      0.000     0.000 r  aclk (IN)
                         net (fo=3362, unset)         0.013     0.013    u_axil_regs/aclk
                         FDRE                                         r  u_axil_regs/result_count_reg[25]/C
  -------------------------------------------------------------------    -------------------
                         FDRE (Prop_FDRE_C_Q)         0.038     0.051 r  u_axil_regs/result_count_reg[25]/Q
                         net (fo=2, unplaced)         0.054     0.105    u_axil_regs/result_count_reg[25]
                         CARRY8 (Prop_CARRY8_S[1]_O[1])
                                                      0.018     0.123 r  u_axil_regs/result_count_reg[24]_i_1/O[1]
                         net (fo=1, unplaced)         0.007     0.130    u_axil_regs/result_count_reg[24]_i_1_n_14
                         FDRE                                         r  u_axil_regs/result_count_reg[25]/D
  -------------------------------------------------------------------    -------------------

                         (clock accelerator_clk rise edge)
                                                      0.000     0.000 r  
                                                      0.000     0.000 r  aclk (IN)
                         net (fo=3362, unset)         0.019     0.019    u_axil_regs/aclk
                         FDRE                                         r  u_axil_regs/result_count_reg[25]/C
                         clock pessimism              0.000     0.019    
                         FDRE (Hold_FDRE_C_D)         0.046     0.065    u_axil_regs/result_count_reg[25]
  -------------------------------------------------------------------
                         required time                         -0.065    
                         arrival time                           0.130    
  -------------------------------------------------------------------
                         slack                                  0.065    

Slack (MET) :             0.065ns  (arrival time - required time)
  Source:                 u_axil_regs/result_count_reg[9]/C
                            (rising edge-triggered cell FDRE clocked by accelerator_clk  {rise@0.000ns fall@3.333ns period=6.667ns})
  Destination:            u_axil_regs/result_count_reg[9]/D
                            (rising edge-triggered cell FDRE clocked by accelerator_clk  {rise@0.000ns fall@3.333ns period=6.667ns})
  Path Group:             accelerator_clk
  Path Type:              Hold (Min at Fast Process Corner)
  Requirement:            0.000ns  (accelerator_clk rise@0.000ns - accelerator_clk rise@0.000ns)
  Data Path Delay:        0.117ns  (logic 0.056ns (47.863%)  route 0.061ns (52.137%))
  Logic Levels:           1  (CARRY8=1)
  Clock Path Skew:        0.006ns (DCD - SCD - CPR)
    Destination Clock Delay (DCD):    0.019ns
    Source Clock Delay      (SCD):    0.013ns
    Clock Pessimism Removal (CPR):    -0.000ns

    Location             Delay type                Incr(ns)  Path(ns)    Netlist Resource(s)
  -------------------------------------------------------------------    -------------------
                         (clock accelerator_clk rise edge)
                                                      0.000     0.000 r  
                                                      0.000     0.000 r  aclk (IN)
                         net (fo=3362, unset)         0.013     0.013    u_axil_regs/aclk
                         FDRE                                         r  u_axil_regs/result_count_reg[9]/C
  -------------------------------------------------------------------    -------------------
                         FDRE (Prop_FDRE_C_Q)         0.038     0.051 r  u_axil_regs/result_count_reg[9]/Q
                         net (fo=2, unplaced)         0.054     0.105    u_axil_regs/result_count_reg[9]
                         CARRY8 (Prop_CARRY8_S[1]_O[1])
                                                      0.018     0.123 r  u_axil_regs/result_count_reg[8]_i_1/O[1]
                         net (fo=1, unplaced)         0.007     0.130    u_axil_regs/result_count_reg[8]_i_1_n_14
                         FDRE                                         r  u_axil_regs/result_count_reg[9]/D
  -------------------------------------------------------------------    -------------------

                         (clock accelerator_clk rise edge)
                                                      0.000     0.000 r  
                                                      0.000     0.000 r  aclk (IN)
                         net (fo=3362, unset)         0.019     0.019    u_axil_regs/aclk
                         FDRE                                         r  u_axil_regs/result_count_reg[9]/C
                         clock pessimism              0.000     0.019    
                         FDRE (Hold_FDRE_C_D)         0.046     0.065    u_axil_regs/result_count_reg[9]
  -------------------------------------------------------------------
                         required time                         -0.065    
                         arrival time                           0.130    
  -------------------------------------------------------------------
                         slack                                  0.065    

Slack (MET) :             0.065ns  (arrival time - required time)
  Source:                 u_axil_regs/sample_count_reg[17]/C
                            (rising edge-triggered cell FDRE clocked by accelerator_clk  {rise@0.000ns fall@3.333ns period=6.667ns})
  Destination:            u_axil_regs/sample_count_reg[17]/D
                            (rising edge-triggered cell FDRE clocked by accelerator_clk  {rise@0.000ns fall@3.333ns period=6.667ns})
  Path Group:             accelerator_clk
  Path Type:              Hold (Min at Fast Process Corner)
  Requirement:            0.000ns  (accelerator_clk rise@0.000ns - accelerator_clk rise@0.000ns)
  Data Path Delay:        0.117ns  (logic 0.056ns (47.863%)  route 0.061ns (52.137%))
  Logic Levels:           1  (CARRY8=1)
  Clock Path Skew:        0.006ns (DCD - SCD - CPR)
    Destination Clock Delay (DCD):    0.019ns
    Source Clock Delay      (SCD):    0.013ns
    Clock Pessimism Removal (CPR):    -0.000ns

    Location             Delay type                Incr(ns)  Path(ns)    Netlist Resource(s)
  -------------------------------------------------------------------    -------------------
                         (clock accelerator_clk rise edge)
                                                      0.000     0.000 r  
                                                      0.000     0.000 r  aclk (IN)
                         net (fo=3362, unset)         0.013     0.013    u_axil_regs/aclk
                         FDRE                                         r  u_axil_regs/sample_count_reg[17]/C
  -------------------------------------------------------------------    -------------------
                         FDRE (Prop_FDRE_C_Q)         0.038     0.051 r  u_axil_regs/sample_count_reg[17]/Q
                         net (fo=2, unplaced)         0.054     0.105    u_axil_regs/sample_count_reg[17]
                         CARRY8 (Prop_CARRY8_S[1]_O[1])
                                                      0.018     0.123 r  u_axil_regs/sample_count_reg[16]_i_1/O[1]
                         net (fo=1, unplaced)         0.007     0.130    u_axil_regs/sample_count_reg[16]_i_1_n_14
                         FDRE                                         r  u_axil_regs/sample_count_reg[17]/D
  -------------------------------------------------------------------    -------------------

                         (clock accelerator_clk rise edge)
                                                      0.000     0.000 r  
                                                      0.000     0.000 r  aclk (IN)
                         net (fo=3362, unset)         0.019     0.019    u_axil_regs/aclk
                         FDRE                                         r  u_axil_regs/sample_count_reg[17]/C
                         clock pessimism              0.000     0.019    
                         FDRE (Hold_FDRE_C_D)         0.046     0.065    u_axil_regs/sample_count_reg[17]
  -------------------------------------------------------------------
                         required time                         -0.065    
                         arrival time                           0.130    
  -------------------------------------------------------------------
                         slack                                  0.065    

Slack (MET) :             0.065ns  (arrival time - required time)
  Source:                 u_axil_regs/sample_count_reg[1]/C
                            (rising edge-triggered cell FDRE clocked by accelerator_clk  {rise@0.000ns fall@3.333ns period=6.667ns})
  Destination:            u_axil_regs/sample_count_reg[1]/D
                            (rising edge-triggered cell FDRE clocked by accelerator_clk  {rise@0.000ns fall@3.333ns period=6.667ns})
  Path Group:             accelerator_clk
  Path Type:              Hold (Min at Fast Process Corner)
  Requirement:            0.000ns  (accelerator_clk rise@0.000ns - accelerator_clk rise@0.000ns)
  Data Path Delay:        0.117ns  (logic 0.056ns (47.863%)  route 0.061ns (52.137%))
  Logic Levels:           1  (CARRY8=1)
  Clock Path Skew:        0.006ns (DCD - SCD - CPR)
    Destination Clock Delay (DCD):    0.019ns
    Source Clock Delay      (SCD):    0.013ns
    Clock Pessimism Removal (CPR):    -0.000ns

    Location             Delay type                Incr(ns)  Path(ns)    Netlist Resource(s)
  -------------------------------------------------------------------    -------------------
                         (clock accelerator_clk rise edge)
                                                      0.000     0.000 r  
                                                      0.000     0.000 r  aclk (IN)
                         net (fo=3362, unset)         0.013     0.013    u_axil_regs/aclk
                         FDRE                                         r  u_axil_regs/sample_count_reg[1]/C
  -------------------------------------------------------------------    -------------------
                         FDRE (Prop_FDRE_C_Q)         0.038     0.051 r  u_axil_regs/sample_count_reg[1]/Q
                         net (fo=2, unplaced)         0.054     0.105    u_axil_regs/sample_count_reg[1]
                         CARRY8 (Prop_CARRY8_S[1]_O[1])
                                                      0.018     0.123 r  u_axil_regs/sample_count_reg[0]_i_3/O[1]
                         net (fo=1, unplaced)         0.007     0.130    u_axil_regs/sample_count_reg[0]_i_3_n_14
                         FDRE                                         r  u_axil_regs/sample_count_reg[1]/D
  -------------------------------------------------------------------    -------------------

                         (clock accelerator_clk rise edge)
                                                      0.000     0.000 r  
                                                      0.000     0.000 r  aclk (IN)
                         net (fo=3362, unset)         0.019     0.019    u_axil_regs/aclk
                         FDRE                                         r  u_axil_regs/sample_count_reg[1]/C
                         clock pessimism              0.000     0.019    
                         FDRE (Hold_FDRE_C_D)         0.046     0.065    u_axil_regs/sample_count_reg[1]
  -------------------------------------------------------------------
                         required time                         -0.065    
                         arrival time                           0.130    
  -------------------------------------------------------------------
                         slack                                  0.065    

Slack (MET) :             0.065ns  (arrival time - required time)
  Source:                 u_axil_regs/sample_count_reg[25]/C
                            (rising edge-triggered cell FDRE clocked by accelerator_clk  {rise@0.000ns fall@3.333ns period=6.667ns})
  Destination:            u_axil_regs/sample_count_reg[25]/D
                            (rising edge-triggered cell FDRE clocked by accelerator_clk  {rise@0.000ns fall@3.333ns period=6.667ns})
  Path Group:             accelerator_clk
  Path Type:              Hold (Min at Fast Process Corner)
  Requirement:            0.000ns  (accelerator_clk rise@0.000ns - accelerator_clk rise@0.000ns)
  Data Path Delay:        0.117ns  (logic 0.056ns (47.863%)  route 0.061ns (52.137%))
  Logic Levels:           1  (CARRY8=1)
  Clock Path Skew:        0.006ns (DCD - SCD - CPR)
    Destination Clock Delay (DCD):    0.019ns
    Source Clock Delay      (SCD):    0.013ns
    Clock Pessimism Removal (CPR):    -0.000ns

    Location             Delay type                Incr(ns)  Path(ns)    Netlist Resource(s)
  -------------------------------------------------------------------    -------------------
                         (clock accelerator_clk rise edge)
                                                      0.000     0.000 r  
                                                      0.000     0.000 r  aclk (IN)
                         net (fo=3362, unset)         0.013     0.013    u_axil_regs/aclk
                         FDRE                                         r  u_axil_regs/sample_count_reg[25]/C
  -------------------------------------------------------------------    -------------------
                         FDRE (Prop_FDRE_C_Q)         0.038     0.051 r  u_axil_regs/sample_count_reg[25]/Q
                         net (fo=2, unplaced)         0.054     0.105    u_axil_regs/sample_count_reg[25]
                         CARRY8 (Prop_CARRY8_S[1]_O[1])
                                                      0.018     0.123 r  u_axil_regs/sample_count_reg[24]_i_1/O[1]
                         net (fo=1, unplaced)         0.007     0.130    u_axil_regs/sample_count_reg[24]_i_1_n_14
                         FDRE                                         r  u_axil_regs/sample_count_reg[25]/D
  -------------------------------------------------------------------    -------------------

                         (clock accelerator_clk rise edge)
                                                      0.000     0.000 r  
                                                      0.000     0.000 r  aclk (IN)
                         net (fo=3362, unset)         0.019     0.019    u_axil_regs/aclk
                         FDRE                                         r  u_axil_regs/sample_count_reg[25]/C
                         clock pessimism              0.000     0.019    
                         FDRE (Hold_FDRE_C_D)         0.046     0.065    u_axil_regs/sample_count_reg[25]
  -------------------------------------------------------------------
                         required time                         -0.065    
                         arrival time                           0.130    
  -------------------------------------------------------------------
                         slack                                  0.065    

Slack (MET) :             0.065ns  (arrival time - required time)
  Source:                 u_axil_regs/sample_count_reg[9]/C
                            (rising edge-triggered cell FDRE clocked by accelerator_clk  {rise@0.000ns fall@3.333ns period=6.667ns})
  Destination:            u_axil_regs/sample_count_reg[9]/D
                            (rising edge-triggered cell FDRE clocked by accelerator_clk  {rise@0.000ns fall@3.333ns period=6.667ns})
  Path Group:             accelerator_clk
  Path Type:              Hold (Min at Fast Process Corner)
  Requirement:            0.000ns  (accelerator_clk rise@0.000ns - accelerator_clk rise@0.000ns)
  Data Path Delay:        0.117ns  (logic 0.056ns (47.863%)  route 0.061ns (52.137%))
  Logic Levels:           1  (CARRY8=1)
  Clock Path Skew:        0.006ns (DCD - SCD - CPR)
    Destination Clock Delay (DCD):    0.019ns
    Source Clock Delay      (SCD):    0.013ns
    Clock Pessimism Removal (CPR):    -0.000ns

    Location             Delay type                Incr(ns)  Path(ns)    Netlist Resource(s)
  -------------------------------------------------------------------    -------------------
                         (clock accelerator_clk rise edge)
                                                      0.000     0.000 r  
                                                      0.000     0.000 r  aclk (IN)
                         net (fo=3362, unset)         0.013     0.013    u_axil_regs/aclk
                         FDRE                                         r  u_axil_regs/sample_count_reg[9]/C
  -------------------------------------------------------------------    -------------------
                         FDRE (Prop_FDRE_C_Q)         0.038     0.051 r  u_axil_regs/sample_count_reg[9]/Q
                         net (fo=2, unplaced)         0.054     0.105    u_axil_regs/sample_count_reg[9]
                         CARRY8 (Prop_CARRY8_S[1]_O[1])
                                                      0.018     0.123 r  u_axil_regs/sample_count_reg[8]_i_1/O[1]
                         net (fo=1, unplaced)         0.007     0.130    u_axil_regs/sample_count_reg[8]_i_1_n_14
                         FDRE                                         r  u_axil_regs/sample_count_reg[9]/D
  -------------------------------------------------------------------    -------------------

                         (clock accelerator_clk rise edge)
                                                      0.000     0.000 r  
                                                      0.000     0.000 r  aclk (IN)
                         net (fo=3362, unset)         0.019     0.019    u_axil_regs/aclk
                         FDRE                                         r  u_axil_regs/sample_count_reg[9]/C
                         clock pessimism              0.000     0.019    
                         FDRE (Hold_FDRE_C_D)         0.046     0.065    u_axil_regs/sample_count_reg[9]
  -------------------------------------------------------------------
                         required time                         -0.065    
                         arrival time                           0.130    
  -------------------------------------------------------------------
                         slack                                  0.065    

Slack (MET) :             0.067ns  (arrival time - required time)
  Source:                 u_axil_regs/event_count_reg[13]/C
                            (rising edge-triggered cell FDRE clocked by accelerator_clk  {rise@0.000ns fall@3.333ns period=6.667ns})
  Destination:            u_axil_regs/event_count_reg[13]/D
                            (rising edge-triggered cell FDRE clocked by accelerator_clk  {rise@0.000ns fall@3.333ns period=6.667ns})
  Path Group:             accelerator_clk
  Path Type:              Hold (Min at Fast Process Corner)
  Requirement:            0.000ns  (accelerator_clk rise@0.000ns - accelerator_clk rise@0.000ns)
  Data Path Delay:        0.119ns  (logic 0.056ns (47.059%)  route 0.063ns (52.941%))
  Logic Levels:           1  (CARRY8=1)
  Clock Path Skew:        0.006ns (DCD - SCD - CPR)
    Destination Clock Delay (DCD):    0.019ns
    Source Clock Delay      (SCD):    0.013ns
    Clock Pessimism Removal (CPR):    -0.000ns

    Location             Delay type                Incr(ns)  Path(ns)    Netlist Resource(s)
  -------------------------------------------------------------------    -------------------
                         (clock accelerator_clk rise edge)
                                                      0.000     0.000 r  
                                                      0.000     0.000 r  aclk (IN)
                         net (fo=3362, unset)         0.013     0.013    u_axil_regs/aclk
                         FDRE                                         r  u_axil_regs/event_count_reg[13]/C
  -------------------------------------------------------------------    -------------------
                         FDRE (Prop_FDRE_C_Q)         0.037     0.050 r  u_axil_regs/event_count_reg[13]/Q
                         net (fo=2, unplaced)         0.056     0.106    u_axil_regs/event_count_reg[13]
                         CARRY8 (Prop_CARRY8_S[5]_O[5])
                                                      0.019     0.125 r  u_axil_regs/event_count_reg[8]_i_1/O[5]
                         net (fo=1, unplaced)         0.007     0.132    u_axil_regs/event_count_reg[8]_i_1_n_10
                         FDRE                                         r  u_axil_regs/event_count_reg[13]/D
  -------------------------------------------------------------------    -------------------

                         (clock accelerator_clk rise edge)
                                                      0.000     0.000 r  
                                                      0.000     0.000 r  aclk (IN)
                         net (fo=3362, unset)         0.019     0.019    u_axil_regs/aclk
                         FDRE                                         r  u_axil_regs/event_count_reg[13]/C
                         clock pessimism              0.000     0.019    
                         FDRE (Hold_FDRE_C_D)         0.046     0.065    u_axil_regs/event_count_reg[13]
  -------------------------------------------------------------------
                         required time                         -0.065    
                         arrival time                           0.132    
  -------------------------------------------------------------------
                         slack                                  0.067    

Slack (MET) :             0.067ns  (arrival time - required time)
  Source:                 u_axil_regs/event_count_reg[21]/C
                            (rising edge-triggered cell FDRE clocked by accelerator_clk  {rise@0.000ns fall@3.333ns period=6.667ns})
  Destination:            u_axil_regs/event_count_reg[21]/D
                            (rising edge-triggered cell FDRE clocked by accelerator_clk  {rise@0.000ns fall@3.333ns period=6.667ns})
  Path Group:             accelerator_clk
  Path Type:              Hold (Min at Fast Process Corner)
  Requirement:            0.000ns  (accelerator_clk rise@0.000ns - accelerator_clk rise@0.000ns)
  Data Path Delay:        0.119ns  (logic 0.056ns (47.059%)  route 0.063ns (52.941%))
  Logic Levels:           1  (CARRY8=1)
  Clock Path Skew:        0.006ns (DCD - SCD - CPR)
    Destination Clock Delay (DCD):    0.019ns
    Source Clock Delay      (SCD):    0.013ns
    Clock Pessimism Removal (CPR):    -0.000ns

    Location             Delay type                Incr(ns)  Path(ns)    Netlist Resource(s)
  -------------------------------------------------------------------    -------------------
                         (clock accelerator_clk rise edge)
                                                      0.000     0.000 r  
                                                      0.000     0.000 r  aclk (IN)
                         net (fo=3362, unset)         0.013     0.013    u_axil_regs/aclk
                         FDRE                                         r  u_axil_regs/event_count_reg[21]/C
  -------------------------------------------------------------------    -------------------
                         FDRE (Prop_FDRE_C_Q)         0.037     0.050 r  u_axil_regs/event_count_reg[21]/Q
                         net (fo=2, unplaced)         0.056     0.106    u_axil_regs/event_count_reg[21]
                         CARRY8 (Prop_CARRY8_S[5]_O[5])
                                                      0.019     0.125 r  u_axil_regs/event_count_reg[16]_i_1/O[5]
                         net (fo=1, unplaced)         0.007     0.132    u_axil_regs/event_count_reg[16]_i_1_n_10
                         FDRE                                         r  u_axil_regs/event_count_reg[21]/D
  -------------------------------------------------------------------    -------------------

                         (clock accelerator_clk rise edge)
                                                      0.000     0.000 r  
                                                      0.000     0.000 r  aclk (IN)
                         net (fo=3362, unset)         0.019     0.019    u_axil_regs/aclk
                         FDRE                                         r  u_axil_regs/event_count_reg[21]/C
                         clock pessimism              0.000     0.019    
                         FDRE (Hold_FDRE_C_D)         0.046     0.065    u_axil_regs/event_count_reg[21]
  -------------------------------------------------------------------
                         required time                         -0.065    
                         arrival time                           0.132    
  -------------------------------------------------------------------
                         slack                                  0.067    

Slack (MET) :             0.067ns  (arrival time - required time)
  Source:                 u_axil_regs/event_count_reg[29]/C
                            (rising edge-triggered cell FDRE clocked by accelerator_clk  {rise@0.000ns fall@3.333ns period=6.667ns})
  Destination:            u_axil_regs/event_count_reg[29]/D
                            (rising edge-triggered cell FDRE clocked by accelerator_clk  {rise@0.000ns fall@3.333ns period=6.667ns})
  Path Group:             accelerator_clk
  Path Type:              Hold (Min at Fast Process Corner)
  Requirement:            0.000ns  (accelerator_clk rise@0.000ns - accelerator_clk rise@0.000ns)
  Data Path Delay:        0.119ns  (logic 0.056ns (47.059%)  route 0.063ns (52.941%))
  Logic Levels:           1  (CARRY8=1)
  Clock Path Skew:        0.006ns (DCD - SCD - CPR)
    Destination Clock Delay (DCD):    0.019ns
    Source Clock Delay      (SCD):    0.013ns
    Clock Pessimism Removal (CPR):    -0.000ns

    Location             Delay type                Incr(ns)  Path(ns)    Netlist Resource(s)
  -------------------------------------------------------------------    -------------------
                         (clock accelerator_clk rise edge)
                                                      0.000     0.000 r  
                                                      0.000     0.000 r  aclk (IN)
                         net (fo=3362, unset)         0.013     0.013    u_axil_regs/aclk
                         FDRE                                         r  u_axil_regs/event_count_reg[29]/C
  -------------------------------------------------------------------    -------------------
                         FDRE (Prop_FDRE_C_Q)         0.037     0.050 r  u_axil_regs/event_count_reg[29]/Q
                         net (fo=2, unplaced)         0.056     0.106    u_axil_regs/event_count_reg[29]
                         CARRY8 (Prop_CARRY8_S[5]_O[5])
                                                      0.019     0.125 r  u_axil_regs/event_count_reg[24]_i_1/O[5]
                         net (fo=1, unplaced)         0.007     0.132    u_axil_regs/event_count_reg[24]_i_1_n_10
                         FDRE                                         r  u_axil_regs/event_count_reg[29]/D
  -------------------------------------------------------------------    -------------------

                         (clock accelerator_clk rise edge)
                                                      0.000     0.000 r  
                                                      0.000     0.000 r  aclk (IN)
                         net (fo=3362, unset)         0.019     0.019    u_axil_regs/aclk
                         FDRE                                         r  u_axil_regs/event_count_reg[29]/C
                         clock pessimism              0.000     0.019    
                         FDRE (Hold_FDRE_C_D)         0.046     0.065    u_axil_regs/event_count_reg[29]
  -------------------------------------------------------------------
                         required time                         -0.065    
                         arrival time                           0.132    
  -------------------------------------------------------------------
                         slack                                  0.067    

Slack (MET) :             0.067ns  (arrival time - required time)
  Source:                 u_axil_regs/event_count_reg[5]/C
                            (rising edge-triggered cell FDRE clocked by accelerator_clk  {rise@0.000ns fall@3.333ns period=6.667ns})
  Destination:            u_axil_regs/event_count_reg[5]/D
                            (rising edge-triggered cell FDRE clocked by accelerator_clk  {rise@0.000ns fall@3.333ns period=6.667ns})
  Path Group:             accelerator_clk
  Path Type:              Hold (Min at Fast Process Corner)
  Requirement:            0.000ns  (accelerator_clk rise@0.000ns - accelerator_clk rise@0.000ns)
  Data Path Delay:        0.119ns  (logic 0.056ns (47.059%)  route 0.063ns (52.941%))
  Logic Levels:           1  (CARRY8=1)
  Clock Path Skew:        0.006ns (DCD - SCD - CPR)
    Destination Clock Delay (DCD):    0.019ns
    Source Clock Delay      (SCD):    0.013ns
    Clock Pessimism Removal (CPR):    -0.000ns

    Location             Delay type                Incr(ns)  Path(ns)    Netlist Resource(s)
  -------------------------------------------------------------------    -------------------
                         (clock accelerator_clk rise edge)
                                                      0.000     0.000 r  
                                                      0.000     0.000 r  aclk (IN)
                         net (fo=3362, unset)         0.013     0.013    u_axil_regs/aclk
                         FDRE                                         r  u_axil_regs/event_count_reg[5]/C
  -------------------------------------------------------------------    -------------------
                         FDRE (Prop_FDRE_C_Q)         0.037     0.050 r  u_axil_regs/event_count_reg[5]/Q
                         net (fo=2, unplaced)         0.056     0.106    u_axil_regs/event_count_reg[5]
                         CARRY8 (Prop_CARRY8_S[5]_O[5])
                                                      0.019     0.125 r  u_axil_regs/event_count_reg[0]_i_2/O[5]
                         net (fo=1, unplaced)         0.007     0.132    u_axil_regs/event_count_reg[0]_i_2_n_10
                         FDRE                                         r  u_axil_regs/event_count_reg[5]/D
  -------------------------------------------------------------------    -------------------

                         (clock accelerator_clk rise edge)
                                                      0.000     0.000 r  
                                                      0.000     0.000 r  aclk (IN)
                         net (fo=3362, unset)         0.019     0.019    u_axil_regs/aclk
                         FDRE                                         r  u_axil_regs/event_count_reg[5]/C
                         clock pessimism              0.000     0.019    
                         FDRE (Hold_FDRE_C_D)         0.046     0.065    u_axil_regs/event_count_reg[5]
  -------------------------------------------------------------------
                         required time                         -0.065    
                         arrival time                           0.132    
  -------------------------------------------------------------------
                         slack                                  0.067    

Slack (MET) :             0.067ns  (arrival time - required time)
  Source:                 u_axil_regs/input_stall_count_reg[13]/C
                            (rising edge-triggered cell FDRE clocked by accelerator_clk  {rise@0.000ns fall@3.333ns period=6.667ns})
  Destination:            u_axil_regs/input_stall_count_reg[13]/D
                            (rising edge-triggered cell FDRE clocked by accelerator_clk  {rise@0.000ns fall@3.333ns period=6.667ns})
  Path Group:             accelerator_clk
  Path Type:              Hold (Min at Fast Process Corner)
  Requirement:            0.000ns  (accelerator_clk rise@0.000ns - accelerator_clk rise@0.000ns)
  Data Path Delay:        0.119ns  (logic 0.056ns (47.059%)  route 0.063ns (52.941%))
  Logic Levels:           1  (CARRY8=1)
  Clock Path Skew:        0.006ns (DCD - SCD - CPR)
    Destination Clock Delay (DCD):    0.019ns
    Source Clock Delay      (SCD):    0.013ns
    Clock Pessimism Removal (CPR):    -0.000ns

    Location             Delay type                Incr(ns)  Path(ns)    Netlist Resource(s)
  -------------------------------------------------------------------    -------------------
                         (clock accelerator_clk rise edge)
                                                      0.000     0.000 r  
                                                      0.000     0.000 r  aclk (IN)
                         net (fo=3362, unset)         0.013     0.013    u_axil_regs/aclk
                         FDRE                                         r  u_axil_regs/input_stall_count_reg[13]/C
  -------------------------------------------------------------------    -------------------
                         FDRE (Prop_FDRE_C_Q)         0.037     0.050 r  u_axil_regs/input_stall_count_reg[13]/Q
                         net (fo=2, unplaced)         0.056     0.106    u_axil_regs/input_stall_count_reg[13]
                         CARRY8 (Prop_CARRY8_S[5]_O[5])
                                                      0.019     0.125 r  u_axil_regs/input_stall_count_reg[8]_i_1/O[5]
                         net (fo=1, unplaced)         0.007     0.132    u_axil_regs/input_stall_count_reg[8]_i_1_n_10
                         FDRE                                         r  u_axil_regs/input_stall_count_reg[13]/D
  -------------------------------------------------------------------    -------------------

                         (clock accelerator_clk rise edge)
                                                      0.000     0.000 r  
                                                      0.000     0.000 r  aclk (IN)
                         net (fo=3362, unset)         0.019     0.019    u_axil_regs/aclk
                         FDRE                                         r  u_axil_regs/input_stall_count_reg[13]/C
                         clock pessimism              0.000     0.019    
                         FDRE (Hold_FDRE_C_D)         0.046     0.065    u_axil_regs/input_stall_count_reg[13]
  -------------------------------------------------------------------
                         required time                         -0.065    
                         arrival time                           0.132    
  -------------------------------------------------------------------
                         slack                                  0.067    

Slack (MET) :             0.067ns  (arrival time - required time)
  Source:                 u_axil_regs/input_stall_count_reg[21]/C
                            (rising edge-triggered cell FDRE clocked by accelerator_clk  {rise@0.000ns fall@3.333ns period=6.667ns})
  Destination:            u_axil_regs/input_stall_count_reg[21]/D
                            (rising edge-triggered cell FDRE clocked by accelerator_clk  {rise@0.000ns fall@3.333ns period=6.667ns})
  Path Group:             accelerator_clk
  Path Type:              Hold (Min at Fast Process Corner)
  Requirement:            0.000ns  (accelerator_clk rise@0.000ns - accelerator_clk rise@0.000ns)
  Data Path Delay:        0.119ns  (logic 0.056ns (47.059%)  route 0.063ns (52.941%))
  Logic Levels:           1  (CARRY8=1)
  Clock Path Skew:        0.006ns (DCD - SCD - CPR)
    Destination Clock Delay (DCD):    0.019ns
    Source Clock Delay      (SCD):    0.013ns
    Clock Pessimism Removal (CPR):    -0.000ns

    Location             Delay type                Incr(ns)  Path(ns)    Netlist Resource(s)
  -------------------------------------------------------------------    -------------------
                         (clock accelerator_clk rise edge)
                                                      0.000     0.000 r  
                                                      0.000     0.000 r  aclk (IN)
                         net (fo=3362, unset)         0.013     0.013    u_axil_regs/aclk
                         FDRE                                         r  u_axil_regs/input_stall_count_reg[21]/C
  -------------------------------------------------------------------    -------------------
                         FDRE (Prop_FDRE_C_Q)         0.037     0.050 r  u_axil_regs/input_stall_count_reg[21]/Q
                         net (fo=2, unplaced)         0.056     0.106    u_axil_regs/input_stall_count_reg[21]
                         CARRY8 (Prop_CARRY8_S[5]_O[5])
                                                      0.019     0.125 r  u_axil_regs/input_stall_count_reg[16]_i_1/O[5]
                         net (fo=1, unplaced)         0.007     0.132    u_axil_regs/input_stall_count_reg[16]_i_1_n_10
                         FDRE                                         r  u_axil_regs/input_stall_count_reg[21]/D
  -------------------------------------------------------------------    -------------------

                         (clock accelerator_clk rise edge)
                                                      0.000     0.000 r  
                                                      0.000     0.000 r  aclk (IN)
                         net (fo=3362, unset)         0.019     0.019    u_axil_regs/aclk
                         FDRE                                         r  u_axil_regs/input_stall_count_reg[21]/C
                         clock pessimism              0.000     0.019    
                         FDRE (Hold_FDRE_C_D)         0.046     0.065    u_axil_regs/input_stall_count_reg[21]
  -------------------------------------------------------------------
                         required time                         -0.065    
                         arrival time                           0.132    
  -------------------------------------------------------------------
                         slack                                  0.067    

Slack (MET) :             0.067ns  (arrival time - required time)
  Source:                 u_axil_regs/input_stall_count_reg[29]/C
                            (rising edge-triggered cell FDRE clocked by accelerator_clk  {rise@0.000ns fall@3.333ns period=6.667ns})
  Destination:            u_axil_regs/input_stall_count_reg[29]/D
                            (rising edge-triggered cell FDRE clocked by accelerator_clk  {rise@0.000ns fall@3.333ns period=6.667ns})
  Path Group:             accelerator_clk
  Path Type:              Hold (Min at Fast Process Corner)
  Requirement:            0.000ns  (accelerator_clk rise@0.000ns - accelerator_clk rise@0.000ns)
  Data Path Delay:        0.119ns  (logic 0.056ns (47.059%)  route 0.063ns (52.941%))
  Logic Levels:           1  (CARRY8=1)
  Clock Path Skew:        0.006ns (DCD - SCD - CPR)
    Destination Clock Delay (DCD):    0.019ns
    Source Clock Delay      (SCD):    0.013ns
    Clock Pessimism Removal (CPR):    -0.000ns

    Location             Delay type                Incr(ns)  Path(ns)    Netlist Resource(s)
  -------------------------------------------------------------------    -------------------
                         (clock accelerator_clk rise edge)
                                                      0.000     0.000 r  
                                                      0.000     0.000 r  aclk (IN)
                         net (fo=3362, unset)         0.013     0.013    u_axil_regs/aclk
                         FDRE                                         r  u_axil_regs/input_stall_count_reg[29]/C
  -------------------------------------------------------------------    -------------------
                         FDRE (Prop_FDRE_C_Q)         0.037     0.050 r  u_axil_regs/input_stall_count_reg[29]/Q
                         net (fo=2, unplaced)         0.056     0.106    u_axil_regs/input_stall_count_reg[29]
                         CARRY8 (Prop_CARRY8_S[5]_O[5])
                                                      0.019     0.125 r  u_axil_regs/input_stall_count_reg[24]_i_1/O[5]
                         net (fo=1, unplaced)         0.007     0.132    u_axil_regs/input_stall_count_reg[24]_i_1_n_10
                         FDRE                                         r  u_axil_regs/input_stall_count_reg[29]/D
  -------------------------------------------------------------------    -------------------

                         (clock accelerator_clk rise edge)
                                                      0.000     0.000 r  
                                                      0.000     0.000 r  aclk (IN)
                         net (fo=3362, unset)         0.019     0.019    u_axil_regs/aclk
                         FDRE                                         r  u_axil_regs/input_stall_count_reg[29]/C
                         clock pessimism              0.000     0.019    
                         FDRE (Hold_FDRE_C_D)         0.046     0.065    u_axil_regs/input_stall_count_reg[29]
  -------------------------------------------------------------------
                         required time                         -0.065    
                         arrival time                           0.132    
  -------------------------------------------------------------------
                         slack                                  0.067    

Slack (MET) :             0.067ns  (arrival time - required time)
  Source:                 u_axil_regs/input_stall_count_reg[5]/C
                            (rising edge-triggered cell FDRE clocked by accelerator_clk  {rise@0.000ns fall@3.333ns period=6.667ns})
  Destination:            u_axil_regs/input_stall_count_reg[5]/D
                            (rising edge-triggered cell FDRE clocked by accelerator_clk  {rise@0.000ns fall@3.333ns period=6.667ns})
  Path Group:             accelerator_clk
  Path Type:              Hold (Min at Fast Process Corner)
  Requirement:            0.000ns  (accelerator_clk rise@0.000ns - accelerator_clk rise@0.000ns)
  Data Path Delay:        0.119ns  (logic 0.056ns (47.059%)  route 0.063ns (52.941%))
  Logic Levels:           1  (CARRY8=1)
  Clock Path Skew:        0.006ns (DCD - SCD - CPR)
    Destination Clock Delay (DCD):    0.019ns
    Source Clock Delay      (SCD):    0.013ns
    Clock Pessimism Removal (CPR):    -0.000ns

    Location             Delay type                Incr(ns)  Path(ns)    Netlist Resource(s)
  -------------------------------------------------------------------    -------------------
                         (clock accelerator_clk rise edge)
                                                      0.000     0.000 r  
                                                      0.000     0.000 r  aclk (IN)
                         net (fo=3362, unset)         0.013     0.013    u_axil_regs/aclk
                         FDRE                                         r  u_axil_regs/input_stall_count_reg[5]/C
  -------------------------------------------------------------------    -------------------
                         FDRE (Prop_FDRE_C_Q)         0.037     0.050 r  u_axil_regs/input_stall_count_reg[5]/Q
                         net (fo=2, unplaced)         0.056     0.106    u_axil_regs/input_stall_count_reg[5]
                         CARRY8 (Prop_CARRY8_S[5]_O[5])
                                                      0.019     0.125 r  u_axil_regs/input_stall_count_reg[0]_i_2/O[5]
                         net (fo=1, unplaced)         0.007     0.132    u_axil_regs/input_stall_count_reg[0]_i_2_n_10
                         FDRE                                         r  u_axil_regs/input_stall_count_reg[5]/D
  -------------------------------------------------------------------    -------------------

                         (clock accelerator_clk rise edge)
                                                      0.000     0.000 r  
                                                      0.000     0.000 r  aclk (IN)
                         net (fo=3362, unset)         0.019     0.019    u_axil_regs/aclk
                         FDRE                                         r  u_axil_regs/input_stall_count_reg[5]/C
                         clock pessimism              0.000     0.019    
                         FDRE (Hold_FDRE_C_D)         0.046     0.065    u_axil_regs/input_stall_count_reg[5]
  -------------------------------------------------------------------
                         required time                         -0.065    
                         arrival time                           0.132    
  -------------------------------------------------------------------
                         slack                                  0.067    

Slack (MET) :             0.067ns  (arrival time - required time)
  Source:                 u_axil_regs/output_stall_count_reg[13]/C
                            (rising edge-triggered cell FDRE clocked by accelerator_clk  {rise@0.000ns fall@3.333ns period=6.667ns})
  Destination:            u_axil_regs/output_stall_count_reg[13]/D
                            (rising edge-triggered cell FDRE clocked by accelerator_clk  {rise@0.000ns fall@3.333ns period=6.667ns})
  Path Group:             accelerator_clk
  Path Type:              Hold (Min at Fast Process Corner)
  Requirement:            0.000ns  (accelerator_clk rise@0.000ns - accelerator_clk rise@0.000ns)
  Data Path Delay:        0.119ns  (logic 0.056ns (47.059%)  route 0.063ns (52.941%))
  Logic Levels:           1  (CARRY8=1)
  Clock Path Skew:        0.006ns (DCD - SCD - CPR)
    Destination Clock Delay (DCD):    0.019ns
    Source Clock Delay      (SCD):    0.013ns
    Clock Pessimism Removal (CPR):    -0.000ns

    Location             Delay type                Incr(ns)  Path(ns)    Netlist Resource(s)
  -------------------------------------------------------------------    -------------------
                         (clock accelerator_clk rise edge)
                                                      0.000     0.000 r  
                                                      0.000     0.000 r  aclk (IN)
                         net (fo=3362, unset)         0.013     0.013    u_axil_regs/aclk
                         FDRE                                         r  u_axil_regs/output_stall_count_reg[13]/C
  -------------------------------------------------------------------    -------------------
                         FDRE (Prop_FDRE_C_Q)         0.037     0.050 r  u_axil_regs/output_stall_count_reg[13]/Q
                         net (fo=2, unplaced)         0.056     0.106    u_axil_regs/output_stall_count_reg[13]
                         CARRY8 (Prop_CARRY8_S[5]_O[5])
                                                      0.019     0.125 r  u_axil_regs/output_stall_count_reg[8]_i_1/O[5]
                         net (fo=1, unplaced)         0.007     0.132    u_axil_regs/output_stall_count_reg[8]_i_1_n_10
                         FDRE                                         r  u_axil_regs/output_stall_count_reg[13]/D
  -------------------------------------------------------------------    -------------------

                         (clock accelerator_clk rise edge)
                                                      0.000     0.000 r  
                                                      0.000     0.000 r  aclk (IN)
                         net (fo=3362, unset)         0.019     0.019    u_axil_regs/aclk
                         FDRE                                         r  u_axil_regs/output_stall_count_reg[13]/C
                         clock pessimism              0.000     0.019    
                         FDRE (Hold_FDRE_C_D)         0.046     0.065    u_axil_regs/output_stall_count_reg[13]
  -------------------------------------------------------------------
                         required time                         -0.065    
                         arrival time                           0.132    
  -------------------------------------------------------------------
                         slack                                  0.067    

Slack (MET) :             0.067ns  (arrival time - required time)
  Source:                 u_axil_regs/output_stall_count_reg[21]/C
                            (rising edge-triggered cell FDRE clocked by accelerator_clk  {rise@0.000ns fall@3.333ns period=6.667ns})
  Destination:            u_axil_regs/output_stall_count_reg[21]/D
                            (rising edge-triggered cell FDRE clocked by accelerator_clk  {rise@0.000ns fall@3.333ns period=6.667ns})
  Path Group:             accelerator_clk
  Path Type:              Hold (Min at Fast Process Corner)
  Requirement:            0.000ns  (accelerator_clk rise@0.000ns - accelerator_clk rise@0.000ns)
  Data Path Delay:        0.119ns  (logic 0.056ns (47.059%)  route 0.063ns (52.941%))
  Logic Levels:           1  (CARRY8=1)
  Clock Path Skew:        0.006ns (DCD - SCD - CPR)
    Destination Clock Delay (DCD):    0.019ns
    Source Clock Delay      (SCD):    0.013ns
    Clock Pessimism Removal (CPR):    -0.000ns

    Location             Delay type                Incr(ns)  Path(ns)    Netlist Resource(s)
  -------------------------------------------------------------------    -------------------
                         (clock accelerator_clk rise edge)
                                                      0.000     0.000 r  
                                                      0.000     0.000 r  aclk (IN)
                         net (fo=3362, unset)         0.013     0.013    u_axil_regs/aclk
                         FDRE                                         r  u_axil_regs/output_stall_count_reg[21]/C
  -------------------------------------------------------------------    -------------------
                         FDRE (Prop_FDRE_C_Q)         0.037     0.050 r  u_axil_regs/output_stall_count_reg[21]/Q
                         net (fo=2, unplaced)         0.056     0.106    u_axil_regs/output_stall_count_reg[21]
                         CARRY8 (Prop_CARRY8_S[5]_O[5])
                                                      0.019     0.125 r  u_axil_regs/output_stall_count_reg[16]_i_1/O[5]
                         net (fo=1, unplaced)         0.007     0.132    u_axil_regs/output_stall_count_reg[16]_i_1_n_10
                         FDRE                                         r  u_axil_regs/output_stall_count_reg[21]/D
  -------------------------------------------------------------------    -------------------

                         (clock accelerator_clk rise edge)
                                                      0.000     0.000 r  
                                                      0.000     0.000 r  aclk (IN)
                         net (fo=3362, unset)         0.019     0.019    u_axil_regs/aclk
                         FDRE                                         r  u_axil_regs/output_stall_count_reg[21]/C
                         clock pessimism              0.000     0.019    
                         FDRE (Hold_FDRE_C_D)         0.046     0.065    u_axil_regs/output_stall_count_reg[21]
  -------------------------------------------------------------------
                         required time                         -0.065    
                         arrival time                           0.132    
  -------------------------------------------------------------------
                         slack                                  0.067    





Pulse Width Checks
--------------------------------------------------------------------------------------
Clock Name:         accelerator_clk
Waveform(ns):       { 0.000 3.333 }
Period(ns):         6.667
Sources:            { aclk }

Check Type        Corner  Lib Pin         Reference Pin  Required(ns)  Actual(ns)  Slack(ns)  Location  Pin
Min Period        n/a     DSP_OUTPUT/CLK  n/a            0.650         6.667       6.017                u_compute_core/u_fir32/prod_s0_reg[0]/DSP_OUTPUT_INST/CLK
Min Period        n/a     DSP_OUTPUT/CLK  n/a            0.650         6.667       6.017                u_compute_core/u_fir32/prod_s0_reg[10]/DSP_OUTPUT_INST/CLK
Min Period        n/a     DSP_OUTPUT/CLK  n/a            0.650         6.667       6.017                u_compute_core/u_fir32/prod_s0_reg[12]/DSP_OUTPUT_INST/CLK
Min Period        n/a     DSP_OUTPUT/CLK  n/a            0.650         6.667       6.017                u_compute_core/u_fir32/prod_s0_reg[14]/DSP_OUTPUT_INST/CLK
Min Period        n/a     DSP_OUTPUT/CLK  n/a            0.650         6.667       6.017                u_compute_core/u_fir32/prod_s0_reg[16]/DSP_OUTPUT_INST/CLK
Min Period        n/a     DSP_OUTPUT/CLK  n/a            0.650         6.667       6.017                u_compute_core/u_fir32/prod_s0_reg[18]/DSP_OUTPUT_INST/CLK
Min Period        n/a     DSP_OUTPUT/CLK  n/a            0.650         6.667       6.017                u_compute_core/u_fir32/prod_s0_reg[20]/DSP_OUTPUT_INST/CLK
Min Period        n/a     DSP_OUTPUT/CLK  n/a            0.650         6.667       6.017                u_compute_core/u_fir32/prod_s0_reg[22]/DSP_OUTPUT_INST/CLK
Min Period        n/a     DSP_OUTPUT/CLK  n/a            0.650         6.667       6.017                u_compute_core/u_fir32/prod_s0_reg[24]/DSP_OUTPUT_INST/CLK
Min Period        n/a     DSP_OUTPUT/CLK  n/a            0.650         6.667       6.017                u_compute_core/u_fir32/prod_s0_reg[26]/DSP_OUTPUT_INST/CLK
Min Period        n/a     DSP_OUTPUT/CLK  n/a            0.650         6.667       6.017                u_compute_core/u_fir32/prod_s0_reg[28]/DSP_OUTPUT_INST/CLK
Min Period        n/a     DSP_OUTPUT/CLK  n/a            0.650         6.667       6.017                u_compute_core/u_fir32/prod_s0_reg[2]/DSP_OUTPUT_INST/CLK
Min Period        n/a     DSP_OUTPUT/CLK  n/a            0.650         6.667       6.017                u_compute_core/u_fir32/prod_s0_reg[30]/DSP_OUTPUT_INST/CLK
Min Period        n/a     DSP_OUTPUT/CLK  n/a            0.650         6.667       6.017                u_compute_core/u_fir32/prod_s0_reg[4]/DSP_OUTPUT_INST/CLK
Min Period        n/a     DSP_OUTPUT/CLK  n/a            0.650         6.667       6.017                u_compute_core/u_fir32/prod_s0_reg[6]/DSP_OUTPUT_INST/CLK
Min Period        n/a     DSP_OUTPUT/CLK  n/a            0.650         6.667       6.017                u_compute_core/u_fir32/prod_s0_reg[8]/DSP_OUTPUT_INST/CLK
Min Period        n/a     DSP_OUTPUT/CLK  n/a            0.650         6.667       6.017                u_compute_core/u_fir32/sum_s1_reg[0]/DSP_OUTPUT_INST/CLK
Min Period        n/a     DSP_OUTPUT/CLK  n/a            0.650         6.667       6.017                u_compute_core/u_fir32/sum_s1_reg[10]/DSP_OUTPUT_INST/CLK
Min Period        n/a     DSP_OUTPUT/CLK  n/a            0.650         6.667       6.017                u_compute_core/u_fir32/sum_s1_reg[11]/DSP_OUTPUT_INST/CLK
Min Period        n/a     DSP_OUTPUT/CLK  n/a            0.650         6.667       6.017                u_compute_core/u_fir32/sum_s1_reg[12]/DSP_OUTPUT_INST/CLK
Min Period        n/a     DSP_OUTPUT/CLK  n/a            0.650         6.667       6.017                u_compute_core/u_fir32/sum_s1_reg[13]/DSP_OUTPUT_INST/CLK
Min Period        n/a     DSP_OUTPUT/CLK  n/a            0.650         6.667       6.017                u_compute_core/u_fir32/sum_s1_reg[14]/DSP_OUTPUT_INST/CLK
Min Period        n/a     DSP_OUTPUT/CLK  n/a            0.650         6.667       6.017                u_compute_core/u_fir32/sum_s1_reg[15]/DSP_OUTPUT_INST/CLK
Min Period        n/a     DSP_OUTPUT/CLK  n/a            0.650         6.667       6.017                u_compute_core/u_fir32/sum_s1_reg[1]/DSP_OUTPUT_INST/CLK
Min Period        n/a     DSP_OUTPUT/CLK  n/a            0.650         6.667       6.017                u_compute_core/u_fir32/sum_s1_reg[2]/DSP_OUTPUT_INST/CLK
Min Period        n/a     DSP_OUTPUT/CLK  n/a            0.650         6.667       6.017                u_compute_core/u_fir32/sum_s1_reg[3]/DSP_OUTPUT_INST/CLK
Min Period        n/a     DSP_OUTPUT/CLK  n/a            0.650         6.667       6.017                u_compute_core/u_fir32/sum_s1_reg[4]/DSP_OUTPUT_INST/CLK
Min Period        n/a     DSP_OUTPUT/CLK  n/a            0.650         6.667       6.017                u_compute_core/u_fir32/sum_s1_reg[5]/DSP_OUTPUT_INST/CLK
Min Period        n/a     DSP_OUTPUT/CLK  n/a            0.650         6.667       6.017                u_compute_core/u_fir32/sum_s1_reg[6]/DSP_OUTPUT_INST/CLK
Min Period        n/a     DSP_OUTPUT/CLK  n/a            0.650         6.667       6.017                u_compute_core/u_fir32/sum_s1_reg[7]/DSP_OUTPUT_INST/CLK
Low Pulse Width   Slow    FDRE/C          n/a            0.275         3.333       3.058                inflight_count_reg[0]/C
Low Pulse Width   Fast    FDRE/C          n/a            0.275         3.333       3.058                inflight_count_reg[0]/C
Low Pulse Width   Slow    FDRE/C          n/a            0.275         3.333       3.058                inflight_count_reg[10]/C
Low Pulse Width   Fast    FDRE/C          n/a            0.275         3.333       3.058                inflight_count_reg[10]/C
Low Pulse Width   Slow    FDRE/C          n/a            0.275         3.333       3.058                inflight_count_reg[11]/C
Low Pulse Width   Fast    FDRE/C          n/a            0.275         3.333       3.058                inflight_count_reg[11]/C
Low Pulse Width   Slow    FDRE/C          n/a            0.275         3.333       3.058                inflight_count_reg[12]/C
Low Pulse Width   Fast    FDRE/C          n/a            0.275         3.333       3.058                inflight_count_reg[12]/C
Low Pulse Width   Slow    FDRE/C          n/a            0.275         3.333       3.058                inflight_count_reg[13]/C
Low Pulse Width   Fast    FDRE/C          n/a            0.275         3.333       3.058                inflight_count_reg[13]/C
Low Pulse Width   Slow    FDRE/C          n/a            0.275         3.333       3.058                inflight_count_reg[14]/C
Low Pulse Width   Fast    FDRE/C          n/a            0.275         3.333       3.058                inflight_count_reg[14]/C
Low Pulse Width   Slow    FDRE/C          n/a            0.275         3.333       3.058                inflight_count_reg[15]/C
Low Pulse Width   Fast    FDRE/C          n/a            0.275         3.333       3.058                inflight_count_reg[15]/C
Low Pulse Width   Slow    FDRE/C          n/a            0.275         3.333       3.058                inflight_count_reg[16]/C
Low Pulse Width   Fast    FDRE/C          n/a            0.275         3.333       3.058                inflight_count_reg[16]/C
Low Pulse Width   Slow    FDRE/C          n/a            0.275         3.333       3.058                inflight_count_reg[17]/C
Low Pulse Width   Fast    FDRE/C          n/a            0.275         3.333       3.058                inflight_count_reg[17]/C
Low Pulse Width   Slow    FDRE/C          n/a            0.275         3.333       3.058                inflight_count_reg[18]/C
Low Pulse Width   Fast    FDRE/C          n/a            0.275         3.333       3.058                inflight_count_reg[18]/C
Low Pulse Width   Slow    FDRE/C          n/a            0.275         3.333       3.058                inflight_count_reg[19]/C
Low Pulse Width   Fast    FDRE/C          n/a            0.275         3.333       3.058                inflight_count_reg[19]/C
Low Pulse Width   Slow    FDRE/C          n/a            0.275         3.333       3.058                inflight_count_reg[1]/C
Low Pulse Width   Fast    FDRE/C          n/a            0.275         3.333       3.058                inflight_count_reg[1]/C
Low Pulse Width   Slow    FDRE/C          n/a            0.275         3.333       3.058                inflight_count_reg[20]/C
Low Pulse Width   Fast    FDRE/C          n/a            0.275         3.333       3.058                inflight_count_reg[20]/C
Low Pulse Width   Slow    FDRE/C          n/a            0.275         3.333       3.058                inflight_count_reg[21]/C
Low Pulse Width   Fast    FDRE/C          n/a            0.275         3.333       3.058                inflight_count_reg[21]/C
Low Pulse Width   Slow    FDRE/C          n/a            0.275         3.333       3.058                inflight_count_reg[22]/C
Low Pulse Width   Fast    FDRE/C          n/a            0.275         3.333       3.058                inflight_count_reg[22]/C
High Pulse Width  Slow    FDRE/C          n/a            0.275         3.333       3.058                inflight_count_reg[0]/C
High Pulse Width  Fast    FDRE/C          n/a            0.275         3.333       3.058                inflight_count_reg[0]/C
High Pulse Width  Slow    FDRE/C          n/a            0.275         3.333       3.058                inflight_count_reg[10]/C
High Pulse Width  Fast    FDRE/C          n/a            0.275         3.333       3.058                inflight_count_reg[10]/C
High Pulse Width  Slow    FDRE/C          n/a            0.275         3.333       3.058                inflight_count_reg[11]/C
High Pulse Width  Fast    FDRE/C          n/a            0.275         3.333       3.058                inflight_count_reg[11]/C
High Pulse Width  Slow    FDRE/C          n/a            0.275         3.333       3.058                inflight_count_reg[12]/C
High Pulse Width  Fast    FDRE/C          n/a            0.275         3.333       3.058                inflight_count_reg[12]/C
High Pulse Width  Slow    FDRE/C          n/a            0.275         3.333       3.058                inflight_count_reg[13]/C
High Pulse Width  Fast    FDRE/C          n/a            0.275         3.333       3.058                inflight_count_reg[13]/C
High Pulse Width  Slow    FDRE/C          n/a            0.275         3.333       3.058                inflight_count_reg[14]/C
High Pulse Width  Fast    FDRE/C          n/a            0.275         3.333       3.058                inflight_count_reg[14]/C
High Pulse Width  Slow    FDRE/C          n/a            0.275         3.333       3.058                inflight_count_reg[15]/C
High Pulse Width  Fast    FDRE/C          n/a            0.275         3.333       3.058                inflight_count_reg[15]/C
High Pulse Width  Slow    FDRE/C          n/a            0.275         3.333       3.058                inflight_count_reg[16]/C
High Pulse Width  Fast    FDRE/C          n/a            0.275         3.333       3.058                inflight_count_reg[16]/C
High Pulse Width  Slow    FDRE/C          n/a            0.275         3.333       3.058                inflight_count_reg[17]/C
High Pulse Width  Fast    FDRE/C          n/a            0.275         3.333       3.058                inflight_count_reg[17]/C
High Pulse Width  Slow    FDRE/C          n/a            0.275         3.333       3.058                inflight_count_reg[18]/C
High Pulse Width  Fast    FDRE/C          n/a            0.275         3.333       3.058                inflight_count_reg[18]/C
High Pulse Width  Slow    FDRE/C          n/a            0.275         3.333       3.058                inflight_count_reg[19]/C
High Pulse Width  Fast    FDRE/C          n/a            0.275         3.333       3.058                inflight_count_reg[19]/C
High Pulse Width  Slow    FDRE/C          n/a            0.275         3.333       3.058                inflight_count_reg[1]/C
High Pulse Width  Fast    FDRE/C          n/a            0.275         3.333       3.058                inflight_count_reg[1]/C
High Pulse Width  Slow    FDRE/C          n/a            0.275         3.333       3.058                inflight_count_reg[20]/C
High Pulse Width  Fast    FDRE/C          n/a            0.275         3.333       3.058                inflight_count_reg[20]/C
High Pulse Width  Slow    FDRE/C          n/a            0.275         3.333       3.058                inflight_count_reg[21]/C
High Pulse Width  Fast    FDRE/C          n/a            0.275         3.333       3.058                inflight_count_reg[21]/C
High Pulse Width  Slow    FDRE/C          n/a            0.275         3.333       3.058                inflight_count_reg[22]/C
High Pulse Width  Fast    FDRE/C          n/a            0.275         3.333       3.058                inflight_count_reg[22]/C



--------------------------------------------------------------------------------------
Path Group:  (none)
From Clock:  
  To Clock:  

Max Delay             1 Endpoint
Min Delay             1 Endpoint
--------------------------------------------------------------------------------------


Max Delay Paths
--------------------------------------------------------------------------------------
Slack:                    inf
  Source:                 m_axis_tready
                            (input port)
  Destination:            s_axis_tready
                            (output port)
  Path Group:             (none)
  Path Type:              Max at Slow Process Corner
  Data Path Delay:        0.499ns  (logic 0.233ns (46.693%)  route 0.266ns (53.307%))
  Logic Levels:           2  (LUT5=2)

    Location             Delay type                Incr(ns)  Path(ns)    Netlist Resource(s)
  -------------------------------------------------------------------    -------------------
                                                      0.000     0.000 r  m_axis_tready (IN)
                         net (fo=12, unset)           0.000     0.000    u_event_cfg/m_axis_tready
                         LUT5 (Prop_LUT5_I0_O)        0.163     0.163 r  u_event_cfg/s_axis_tready_INST_0_i_1/O
                         net (fo=77, unplaced)        0.266     0.429    u_axil_regs/advance
                         LUT5 (Prop_LUT5_I1_O)        0.070     0.499 r  u_axil_regs/s_axis_tready_INST_0/O
                         net (fo=0)                   0.000     0.499    s_axis_tready
                                                                      r  s_axis_tready (OUT)
  -------------------------------------------------------------------    -------------------





Min Delay Paths
--------------------------------------------------------------------------------------
Slack:                    inf
  Source:                 aresetn
                            (input port)
  Destination:            s_axis_tready
                            (output port)
  Path Group:             (none)
  Path Type:              Min at Fast Process Corner
  Data Path Delay:        0.048ns  (logic 0.048ns (100.000%)  route 0.000ns (0.000%))
  Logic Levels:           1  (LUT5=1)

    Location             Delay type                Incr(ns)  Path(ns)    Netlist Resource(s)
  -------------------------------------------------------------------    -------------------
                                                      0.000     0.000 r  aresetn (IN)
                         net (fo=15, unset)           0.000     0.000    u_axil_regs/aresetn
                         LUT5 (Prop_LUT5_I2_O)        0.048     0.048 r  u_axil_regs/s_axis_tready_INST_0/O
                         net (fo=0)                   0.000     0.048    s_axis_tready
                                                                      r  s_axis_tready (OUT)
  -------------------------------------------------------------------    -------------------





--------------------------------------------------------------------------------------
Path Group:  (none)
From Clock:  accelerator_clk
  To Clock:  

Max Delay            94 Endpoints
Min Delay            94 Endpoints
--------------------------------------------------------------------------------------


Max Delay Paths
--------------------------------------------------------------------------------------
Slack:                    inf
  Source:                 u_event_cfg/m_axis_tvalid_reg/C
                            (rising edge-triggered cell FDRE clocked by accelerator_clk  {rise@0.000ns fall@3.333ns period=6.667ns})
  Destination:            s_axis_tready
                            (output port)
  Path Group:             (none)
  Path Type:              Max at Slow Process Corner
  Data Path Delay:        0.683ns  (logic 0.286ns (41.874%)  route 0.397ns (58.126%))
  Logic Levels:           2  (LUT5=2)
  Clock Uncertainty:      0.025ns  ((TSJ^2 + TIJ^2)^1/2 + DJ) / 2 + PE
    Total System Jitter     (TSJ):    0.050ns
    Total Input Jitter      (TIJ):    0.000ns
    Discrete Jitter          (DJ):    0.000ns
    Phase Error              (PE):    0.000ns

    Location             Delay type                Incr(ns)  Path(ns)    Netlist Resource(s)
  -------------------------------------------------------------------    -------------------
                         (clock accelerator_clk rise edge)
                                                      0.000     0.000 r  
                                                      0.000     0.000 r  aclk (IN)
                         net (fo=3362, unset)         0.030     0.030    u_event_cfg/aclk
                         FDRE                                         r  u_event_cfg/m_axis_tvalid_reg/C
  -------------------------------------------------------------------    -------------------
                         FDRE (Prop_FDRE_C_Q)         0.077     0.107 f  u_event_cfg/m_axis_tvalid_reg/Q
                         net (fo=13, unplaced)        0.131     0.238    u_event_cfg/m_axis_tvalid_reg_0
                         LUT5 (Prop_LUT5_I1_O)        0.139     0.377 r  u_event_cfg/s_axis_tready_INST_0_i_1/O
                         net (fo=77, unplaced)        0.266     0.643    u_axil_regs/advance
                         LUT5 (Prop_LUT5_I1_O)        0.070     0.713 r  u_axil_regs/s_axis_tready_INST_0/O
                         net (fo=0)                   0.000     0.713    s_axis_tready
                                                                      r  s_axis_tready (OUT)
  -------------------------------------------------------------------    -------------------

Slack:                    inf
  Source:                 u_axil_regs/aw_pending_reg/C
                            (rising edge-triggered cell FDRE clocked by accelerator_clk  {rise@0.000ns fall@3.333ns period=6.667ns})
  Destination:            s_axi_awready
                            (output port)
  Path Group:             (none)
  Path Type:              Max at Slow Process Corner
  Data Path Delay:        0.309ns  (logic 0.147ns (47.573%)  route 0.162ns (52.427%))
  Logic Levels:           1  (LUT2=1)
  Clock Uncertainty:      0.025ns  ((TSJ^2 + TIJ^2)^1/2 + DJ) / 2 + PE
    Total System Jitter     (TSJ):    0.050ns
    Total Input Jitter      (TIJ):    0.000ns
    Discrete Jitter          (DJ):    0.000ns
    Phase Error              (PE):    0.000ns

    Location             Delay type                Incr(ns)  Path(ns)    Netlist Resource(s)
  -------------------------------------------------------------------    -------------------
                         (clock accelerator_clk rise edge)
                                                      0.000     0.000 r  
                                                      0.000     0.000 r  aclk (IN)
                         net (fo=3362, unset)         0.030     0.030    u_axil_regs/aclk
                         FDRE                                         r  u_axil_regs/aw_pending_reg/C
  -------------------------------------------------------------------    -------------------
                         FDRE (Prop_FDRE_C_Q)         0.077     0.107 f  u_axil_regs/aw_pending_reg/Q
                         net (fo=7, unplaced)         0.162     0.269    u_axil_regs/aw_pending
                         LUT2 (Prop_LUT2_I1_O)        0.070     0.339 r  u_axil_regs/s_axi_awready_INST_0/O
                         net (fo=0)                   0.000     0.339    s_axi_awready
                                                                      r  s_axi_awready (OUT)
  -------------------------------------------------------------------    -------------------

Slack:                    inf
  Source:                 u_axil_regs/s_axi_bvalid_reg/C
                            (rising edge-triggered cell FDRE clocked by accelerator_clk  {rise@0.000ns fall@3.333ns period=6.667ns})
  Destination:            s_axi_wready
                            (output port)
  Path Group:             (none)
  Path Type:              Max at Slow Process Corner
  Data Path Delay:        0.285ns  (logic 0.115ns (40.351%)  route 0.170ns (59.649%))
  Logic Levels:           1  (LUT2=1)
  Clock Uncertainty:      0.025ns  ((TSJ^2 + TIJ^2)^1/2 + DJ) / 2 + PE
    Total System Jitter     (TSJ):    0.050ns
    Total Input Jitter      (TIJ):    0.000ns
    Discrete Jitter          (DJ):    0.000ns
    Phase Error              (PE):    0.000ns

    Location             Delay type                Incr(ns)  Path(ns)    Netlist Resource(s)
  -------------------------------------------------------------------    -------------------
                         (clock accelerator_clk rise edge)
                                                      0.000     0.000 r  
                                                      0.000     0.000 r  aclk (IN)
                         net (fo=3362, unset)         0.030     0.030    u_axil_regs/aclk
                         FDRE                                         r  u_axil_regs/s_axi_bvalid_reg/C
  -------------------------------------------------------------------    -------------------
                         FDRE (Prop_FDRE_C_Q)         0.077     0.107 f  u_axil_regs/s_axi_bvalid_reg/Q
                         net (fo=10, unplaced)        0.170     0.277    u_axil_regs/s_axi_bvalid_reg_0
                         LUT2 (Prop_LUT2_I1_O)        0.038     0.315 r  u_axil_regs/s_axi_wready_INST_0/O
                         net (fo=0)                   0.000     0.315    s_axi_wready
                                                                      r  s_axi_wready (OUT)
  -------------------------------------------------------------------    -------------------

Slack:                    inf
  Source:                 u_axil_regs/s_axi_rvalid_reg/C
                            (rising edge-triggered cell FDRE clocked by accelerator_clk  {rise@0.000ns fall@3.333ns period=6.667ns})
  Destination:            s_axi_arready
                            (output port)
  Path Group:             (none)
  Path Type:              Max at Slow Process Corner
  Data Path Delay:        0.258ns  (logic 0.115ns (44.574%)  route 0.143ns (55.426%))
  Logic Levels:           1  (LUT1=1)
  Clock Uncertainty:      0.025ns  ((TSJ^2 + TIJ^2)^1/2 + DJ) / 2 + PE
    Total System Jitter     (TSJ):    0.050ns
    Total Input Jitter      (TIJ):    0.000ns
    Discrete Jitter          (DJ):    0.000ns
    Phase Error              (PE):    0.000ns

    Location             Delay type                Incr(ns)  Path(ns)    Netlist Resource(s)
  -------------------------------------------------------------------    -------------------
                         (clock accelerator_clk rise edge)
                                                      0.000     0.000 r  
                                                      0.000     0.000 r  aclk (IN)
                         net (fo=3362, unset)         0.030     0.030    u_axil_regs/aclk
                         FDRE                                         r  u_axil_regs/s_axi_rvalid_reg/C
  -------------------------------------------------------------------    -------------------
                         FDRE (Prop_FDRE_C_Q)         0.077     0.107 f  u_axil_regs/s_axi_rvalid_reg/Q
                         net (fo=3, unplaced)         0.143     0.250    u_axil_regs/s_axi_rvalid_reg_0
                         LUT1 (Prop_LUT1_I0_O)        0.038     0.288 r  u_axil_regs/s_axi_arready_INST_0/O
                         net (fo=0)                   0.000     0.288    s_axi_arready
                                                                      r  s_axi_arready (OUT)
  -------------------------------------------------------------------    -------------------

Slack:                    inf
  Source:                 u_event_cfg/m_axis_tdata_reg[0]/C
                            (rising edge-triggered cell FDRE clocked by accelerator_clk  {rise@0.000ns fall@3.333ns period=6.667ns})
  Destination:            m_axis_tdata[0]
                            (output port)
  Path Group:             (none)
  Path Type:              Max at Slow Process Corner
  Data Path Delay:        0.077ns  (logic 0.077ns (100.000%)  route 0.000ns (0.000%))
  Logic Levels:           0  
  Clock Uncertainty:      0.025ns  ((TSJ^2 + TIJ^2)^1/2 + DJ) / 2 + PE
    Total System Jitter     (TSJ):    0.050ns
    Total Input Jitter      (TIJ):    0.000ns
    Discrete Jitter          (DJ):    0.000ns
    Phase Error              (PE):    0.000ns

    Location             Delay type                Incr(ns)  Path(ns)    Netlist Resource(s)
  -------------------------------------------------------------------    -------------------
                         (clock accelerator_clk rise edge)
                                                      0.000     0.000 r  
                                                      0.000     0.000 r  aclk (IN)
                         net (fo=3362, unset)         0.030     0.030    u_event_cfg/aclk
                         FDRE                                         r  u_event_cfg/m_axis_tdata_reg[0]/C
  -------------------------------------------------------------------    -------------------
                         FDRE (Prop_FDRE_C_Q)         0.077     0.107 r  u_event_cfg/m_axis_tdata_reg[0]/Q
                         net (fo=0)                   0.000     0.107    m_axis_tdata[0]
                                                                      r  m_axis_tdata[0] (OUT)
  -------------------------------------------------------------------    -------------------

Slack:                    inf
  Source:                 u_event_cfg/m_axis_tdata_reg[10]/C
                            (rising edge-triggered cell FDRE clocked by accelerator_clk  {rise@0.000ns fall@3.333ns period=6.667ns})
  Destination:            m_axis_tdata[10]
                            (output port)
  Path Group:             (none)
  Path Type:              Max at Slow Process Corner
  Data Path Delay:        0.077ns  (logic 0.077ns (100.000%)  route 0.000ns (0.000%))
  Logic Levels:           0  
  Clock Uncertainty:      0.025ns  ((TSJ^2 + TIJ^2)^1/2 + DJ) / 2 + PE
    Total System Jitter     (TSJ):    0.050ns
    Total Input Jitter      (TIJ):    0.000ns
    Discrete Jitter          (DJ):    0.000ns
    Phase Error              (PE):    0.000ns

    Location             Delay type                Incr(ns)  Path(ns)    Netlist Resource(s)
  -------------------------------------------------------------------    -------------------
                         (clock accelerator_clk rise edge)
                                                      0.000     0.000 r  
                                                      0.000     0.000 r  aclk (IN)
                         net (fo=3362, unset)         0.030     0.030    u_event_cfg/aclk
                         FDRE                                         r  u_event_cfg/m_axis_tdata_reg[10]/C
  -------------------------------------------------------------------    -------------------
                         FDRE (Prop_FDRE_C_Q)         0.077     0.107 r  u_event_cfg/m_axis_tdata_reg[10]/Q
                         net (fo=0)                   0.000     0.107    m_axis_tdata[10]
                                                                      r  m_axis_tdata[10] (OUT)
  -------------------------------------------------------------------    -------------------

Slack:                    inf
  Source:                 u_event_cfg/m_axis_tdata_reg[11]/C
                            (rising edge-triggered cell FDRE clocked by accelerator_clk  {rise@0.000ns fall@3.333ns period=6.667ns})
  Destination:            m_axis_tdata[11]
                            (output port)
  Path Group:             (none)
  Path Type:              Max at Slow Process Corner
  Data Path Delay:        0.077ns  (logic 0.077ns (100.000%)  route 0.000ns (0.000%))
  Logic Levels:           0  
  Clock Uncertainty:      0.025ns  ((TSJ^2 + TIJ^2)^1/2 + DJ) / 2 + PE
    Total System Jitter     (TSJ):    0.050ns
    Total Input Jitter      (TIJ):    0.000ns
    Discrete Jitter          (DJ):    0.000ns
    Phase Error              (PE):    0.000ns

    Location             Delay type                Incr(ns)  Path(ns)    Netlist Resource(s)
  -------------------------------------------------------------------    -------------------
                         (clock accelerator_clk rise edge)
                                                      0.000     0.000 r  
                                                      0.000     0.000 r  aclk (IN)
                         net (fo=3362, unset)         0.030     0.030    u_event_cfg/aclk
                         FDRE                                         r  u_event_cfg/m_axis_tdata_reg[11]/C
  -------------------------------------------------------------------    -------------------
                         FDRE (Prop_FDRE_C_Q)         0.077     0.107 r  u_event_cfg/m_axis_tdata_reg[11]/Q
                         net (fo=0)                   0.000     0.107    m_axis_tdata[11]
                                                                      r  m_axis_tdata[11] (OUT)
  -------------------------------------------------------------------    -------------------

Slack:                    inf
  Source:                 u_event_cfg/m_axis_tdata_reg[12]/C
                            (rising edge-triggered cell FDRE clocked by accelerator_clk  {rise@0.000ns fall@3.333ns period=6.667ns})
  Destination:            m_axis_tdata[12]
                            (output port)
  Path Group:             (none)
  Path Type:              Max at Slow Process Corner
  Data Path Delay:        0.077ns  (logic 0.077ns (100.000%)  route 0.000ns (0.000%))
  Logic Levels:           0  
  Clock Uncertainty:      0.025ns  ((TSJ^2 + TIJ^2)^1/2 + DJ) / 2 + PE
    Total System Jitter     (TSJ):    0.050ns
    Total Input Jitter      (TIJ):    0.000ns
    Discrete Jitter          (DJ):    0.000ns
    Phase Error              (PE):    0.000ns

    Location             Delay type                Incr(ns)  Path(ns)    Netlist Resource(s)
  -------------------------------------------------------------------    -------------------
                         (clock accelerator_clk rise edge)
                                                      0.000     0.000 r  
                                                      0.000     0.000 r  aclk (IN)
                         net (fo=3362, unset)         0.030     0.030    u_event_cfg/aclk
                         FDRE                                         r  u_event_cfg/m_axis_tdata_reg[12]/C
  -------------------------------------------------------------------    -------------------
                         FDRE (Prop_FDRE_C_Q)         0.077     0.107 r  u_event_cfg/m_axis_tdata_reg[12]/Q
                         net (fo=0)                   0.000     0.107    m_axis_tdata[12]
                                                                      r  m_axis_tdata[12] (OUT)
  -------------------------------------------------------------------    -------------------

Slack:                    inf
  Source:                 u_event_cfg/m_axis_tdata_reg[13]/C
                            (rising edge-triggered cell FDRE clocked by accelerator_clk  {rise@0.000ns fall@3.333ns period=6.667ns})
  Destination:            m_axis_tdata[13]
                            (output port)
  Path Group:             (none)
  Path Type:              Max at Slow Process Corner
  Data Path Delay:        0.077ns  (logic 0.077ns (100.000%)  route 0.000ns (0.000%))
  Logic Levels:           0  
  Clock Uncertainty:      0.025ns  ((TSJ^2 + TIJ^2)^1/2 + DJ) / 2 + PE
    Total System Jitter     (TSJ):    0.050ns
    Total Input Jitter      (TIJ):    0.000ns
    Discrete Jitter          (DJ):    0.000ns
    Phase Error              (PE):    0.000ns

    Location             Delay type                Incr(ns)  Path(ns)    Netlist Resource(s)
  -------------------------------------------------------------------    -------------------
                         (clock accelerator_clk rise edge)
                                                      0.000     0.000 r  
                                                      0.000     0.000 r  aclk (IN)
                         net (fo=3362, unset)         0.030     0.030    u_event_cfg/aclk
                         FDRE                                         r  u_event_cfg/m_axis_tdata_reg[13]/C
  -------------------------------------------------------------------    -------------------
                         FDRE (Prop_FDRE_C_Q)         0.077     0.107 r  u_event_cfg/m_axis_tdata_reg[13]/Q
                         net (fo=0)                   0.000     0.107    m_axis_tdata[13]
                                                                      r  m_axis_tdata[13] (OUT)
  -------------------------------------------------------------------    -------------------

Slack:                    inf
  Source:                 u_event_cfg/m_axis_tdata_reg[14]/C
                            (rising edge-triggered cell FDRE clocked by accelerator_clk  {rise@0.000ns fall@3.333ns period=6.667ns})
  Destination:            m_axis_tdata[14]
                            (output port)
  Path Group:             (none)
  Path Type:              Max at Slow Process Corner
  Data Path Delay:        0.077ns  (logic 0.077ns (100.000%)  route 0.000ns (0.000%))
  Logic Levels:           0  
  Clock Uncertainty:      0.025ns  ((TSJ^2 + TIJ^2)^1/2 + DJ) / 2 + PE
    Total System Jitter     (TSJ):    0.050ns
    Total Input Jitter      (TIJ):    0.000ns
    Discrete Jitter          (DJ):    0.000ns
    Phase Error              (PE):    0.000ns

    Location             Delay type                Incr(ns)  Path(ns)    Netlist Resource(s)
  -------------------------------------------------------------------    -------------------
                         (clock accelerator_clk rise edge)
                                                      0.000     0.000 r  
                                                      0.000     0.000 r  aclk (IN)
                         net (fo=3362, unset)         0.030     0.030    u_event_cfg/aclk
                         FDRE                                         r  u_event_cfg/m_axis_tdata_reg[14]/C
  -------------------------------------------------------------------    -------------------
                         FDRE (Prop_FDRE_C_Q)         0.077     0.107 r  u_event_cfg/m_axis_tdata_reg[14]/Q
                         net (fo=0)                   0.000     0.107    m_axis_tdata[14]
                                                                      r  m_axis_tdata[14] (OUT)
  -------------------------------------------------------------------    -------------------

Slack:                    inf
  Source:                 u_event_cfg/m_axis_tdata_reg[15]/C
                            (rising edge-triggered cell FDRE clocked by accelerator_clk  {rise@0.000ns fall@3.333ns period=6.667ns})
  Destination:            m_axis_tdata[15]
                            (output port)
  Path Group:             (none)
  Path Type:              Max at Slow Process Corner
  Data Path Delay:        0.077ns  (logic 0.077ns (100.000%)  route 0.000ns (0.000%))
  Logic Levels:           0  
  Clock Uncertainty:      0.025ns  ((TSJ^2 + TIJ^2)^1/2 + DJ) / 2 + PE
    Total System Jitter     (TSJ):    0.050ns
    Total Input Jitter      (TIJ):    0.000ns
    Discrete Jitter          (DJ):    0.000ns
    Phase Error              (PE):    0.000ns

    Location             Delay type                Incr(ns)  Path(ns)    Netlist Resource(s)
  -------------------------------------------------------------------    -------------------
                         (clock accelerator_clk rise edge)
                                                      0.000     0.000 r  
                                                      0.000     0.000 r  aclk (IN)
                         net (fo=3362, unset)         0.030     0.030    u_event_cfg/aclk
                         FDRE                                         r  u_event_cfg/m_axis_tdata_reg[15]/C
  -------------------------------------------------------------------    -------------------
                         FDRE (Prop_FDRE_C_Q)         0.077     0.107 r  u_event_cfg/m_axis_tdata_reg[15]/Q
                         net (fo=0)                   0.000     0.107    m_axis_tdata[15]
                                                                      r  m_axis_tdata[15] (OUT)
  -------------------------------------------------------------------    -------------------

Slack:                    inf
  Source:                 u_event_cfg/m_axis_tdata_reg[16]/C
                            (rising edge-triggered cell FDRE clocked by accelerator_clk  {rise@0.000ns fall@3.333ns period=6.667ns})
  Destination:            m_axis_tdata[16]
                            (output port)
  Path Group:             (none)
  Path Type:              Max at Slow Process Corner
  Data Path Delay:        0.077ns  (logic 0.077ns (100.000%)  route 0.000ns (0.000%))
  Logic Levels:           0  
  Clock Uncertainty:      0.025ns  ((TSJ^2 + TIJ^2)^1/2 + DJ) / 2 + PE
    Total System Jitter     (TSJ):    0.050ns
    Total Input Jitter      (TIJ):    0.000ns
    Discrete Jitter          (DJ):    0.000ns
    Phase Error              (PE):    0.000ns

    Location             Delay type                Incr(ns)  Path(ns)    Netlist Resource(s)
  -------------------------------------------------------------------    -------------------
                         (clock accelerator_clk rise edge)
                                                      0.000     0.000 r  
                                                      0.000     0.000 r  aclk (IN)
                         net (fo=3362, unset)         0.030     0.030    u_event_cfg/aclk
                         FDRE                                         r  u_event_cfg/m_axis_tdata_reg[16]/C
  -------------------------------------------------------------------    -------------------
                         FDRE (Prop_FDRE_C_Q)         0.077     0.107 r  u_event_cfg/m_axis_tdata_reg[16]/Q
                         net (fo=2, unset)            0.000     0.107    m_axis_tdata[16]
                                                                      r  m_axis_tdata[16] (OUT)
  -------------------------------------------------------------------    -------------------

Slack:                    inf
  Source:                 u_event_cfg/m_axis_tdata_reg[17]/C
                            (rising edge-triggered cell FDRE clocked by accelerator_clk  {rise@0.000ns fall@3.333ns period=6.667ns})
  Destination:            m_axis_tdata[17]
                            (output port)
  Path Group:             (none)
  Path Type:              Max at Slow Process Corner
  Data Path Delay:        0.077ns  (logic 0.077ns (100.000%)  route 0.000ns (0.000%))
  Logic Levels:           0  
  Clock Uncertainty:      0.025ns  ((TSJ^2 + TIJ^2)^1/2 + DJ) / 2 + PE
    Total System Jitter     (TSJ):    0.050ns
    Total Input Jitter      (TIJ):    0.000ns
    Discrete Jitter          (DJ):    0.000ns
    Phase Error              (PE):    0.000ns

    Location             Delay type                Incr(ns)  Path(ns)    Netlist Resource(s)
  -------------------------------------------------------------------    -------------------
                         (clock accelerator_clk rise edge)
                                                      0.000     0.000 r  
                                                      0.000     0.000 r  aclk (IN)
                         net (fo=3362, unset)         0.030     0.030    u_event_cfg/aclk
                         FDRE                                         r  u_event_cfg/m_axis_tdata_reg[17]/C
  -------------------------------------------------------------------    -------------------
                         FDRE (Prop_FDRE_C_Q)         0.077     0.107 r  u_event_cfg/m_axis_tdata_reg[17]/Q
                         net (fo=2, unset)            0.000     0.107    m_axis_tdata[17]
                                                                      r  m_axis_tdata[17] (OUT)
  -------------------------------------------------------------------    -------------------

Slack:                    inf
  Source:                 u_event_cfg/m_axis_tdata_reg[18]/C
                            (rising edge-triggered cell FDRE clocked by accelerator_clk  {rise@0.000ns fall@3.333ns period=6.667ns})
  Destination:            m_axis_tdata[18]
                            (output port)
  Path Group:             (none)
  Path Type:              Max at Slow Process Corner
  Data Path Delay:        0.077ns  (logic 0.077ns (100.000%)  route 0.000ns (0.000%))
  Logic Levels:           0  
  Clock Uncertainty:      0.025ns  ((TSJ^2 + TIJ^2)^1/2 + DJ) / 2 + PE
    Total System Jitter     (TSJ):    0.050ns
    Total Input Jitter      (TIJ):    0.000ns
    Discrete Jitter          (DJ):    0.000ns
    Phase Error              (PE):    0.000ns

    Location             Delay type                Incr(ns)  Path(ns)    Netlist Resource(s)
  -------------------------------------------------------------------    -------------------
                         (clock accelerator_clk rise edge)
                                                      0.000     0.000 r  
                                                      0.000     0.000 r  aclk (IN)
                         net (fo=3362, unset)         0.030     0.030    u_event_cfg/aclk
                         FDRE                                         r  u_event_cfg/m_axis_tdata_reg[18]/C
  -------------------------------------------------------------------    -------------------
                         FDRE (Prop_FDRE_C_Q)         0.077     0.107 r  u_event_cfg/m_axis_tdata_reg[18]/Q
                         net (fo=2, unset)            0.000     0.107    m_axis_tdata[18]
                                                                      r  m_axis_tdata[18] (OUT)
  -------------------------------------------------------------------    -------------------

Slack:                    inf
  Source:                 u_event_cfg/m_axis_tdata_reg[19]/C
                            (rising edge-triggered cell FDRE clocked by accelerator_clk  {rise@0.000ns fall@3.333ns period=6.667ns})
  Destination:            m_axis_tdata[19]
                            (output port)
  Path Group:             (none)
  Path Type:              Max at Slow Process Corner
  Data Path Delay:        0.077ns  (logic 0.077ns (100.000%)  route 0.000ns (0.000%))
  Logic Levels:           0  
  Clock Uncertainty:      0.025ns  ((TSJ^2 + TIJ^2)^1/2 + DJ) / 2 + PE
    Total System Jitter     (TSJ):    0.050ns
    Total Input Jitter      (TIJ):    0.000ns
    Discrete Jitter          (DJ):    0.000ns
    Phase Error              (PE):    0.000ns

    Location             Delay type                Incr(ns)  Path(ns)    Netlist Resource(s)
  -------------------------------------------------------------------    -------------------
                         (clock accelerator_clk rise edge)
                                                      0.000     0.000 r  
                                                      0.000     0.000 r  aclk (IN)
                         net (fo=3362, unset)         0.030     0.030    u_event_cfg/aclk
                         FDRE                                         r  u_event_cfg/m_axis_tdata_reg[19]/C
  -------------------------------------------------------------------    -------------------
                         FDRE (Prop_FDRE_C_Q)         0.077     0.107 r  u_event_cfg/m_axis_tdata_reg[19]/Q
                         net (fo=2, unset)            0.000     0.107    m_axis_tdata[19]
                                                                      r  m_axis_tdata[19] (OUT)
  -------------------------------------------------------------------    -------------------

Slack:                    inf
  Source:                 u_event_cfg/m_axis_tdata_reg[1]/C
                            (rising edge-triggered cell FDRE clocked by accelerator_clk  {rise@0.000ns fall@3.333ns period=6.667ns})
  Destination:            m_axis_tdata[1]
                            (output port)
  Path Group:             (none)
  Path Type:              Max at Slow Process Corner
  Data Path Delay:        0.077ns  (logic 0.077ns (100.000%)  route 0.000ns (0.000%))
  Logic Levels:           0  
  Clock Uncertainty:      0.025ns  ((TSJ^2 + TIJ^2)^1/2 + DJ) / 2 + PE
    Total System Jitter     (TSJ):    0.050ns
    Total Input Jitter      (TIJ):    0.000ns
    Discrete Jitter          (DJ):    0.000ns
    Phase Error              (PE):    0.000ns

    Location             Delay type                Incr(ns)  Path(ns)    Netlist Resource(s)
  -------------------------------------------------------------------    -------------------
                         (clock accelerator_clk rise edge)
                                                      0.000     0.000 r  
                                                      0.000     0.000 r  aclk (IN)
                         net (fo=3362, unset)         0.030     0.030    u_event_cfg/aclk
                         FDRE                                         r  u_event_cfg/m_axis_tdata_reg[1]/C
  -------------------------------------------------------------------    -------------------
                         FDRE (Prop_FDRE_C_Q)         0.077     0.107 r  u_event_cfg/m_axis_tdata_reg[1]/Q
                         net (fo=0)                   0.000     0.107    m_axis_tdata[1]
                                                                      r  m_axis_tdata[1] (OUT)
  -------------------------------------------------------------------    -------------------

Slack:                    inf
  Source:                 u_event_cfg/m_axis_tdata_reg[20]/C
                            (rising edge-triggered cell FDRE clocked by accelerator_clk  {rise@0.000ns fall@3.333ns period=6.667ns})
  Destination:            m_axis_tdata[20]
                            (output port)
  Path Group:             (none)
  Path Type:              Max at Slow Process Corner
  Data Path Delay:        0.077ns  (logic 0.077ns (100.000%)  route 0.000ns (0.000%))
  Logic Levels:           0  
  Clock Uncertainty:      0.025ns  ((TSJ^2 + TIJ^2)^1/2 + DJ) / 2 + PE
    Total System Jitter     (TSJ):    0.050ns
    Total Input Jitter      (TIJ):    0.000ns
    Discrete Jitter          (DJ):    0.000ns
    Phase Error              (PE):    0.000ns

    Location             Delay type                Incr(ns)  Path(ns)    Netlist Resource(s)
  -------------------------------------------------------------------    -------------------
                         (clock accelerator_clk rise edge)
                                                      0.000     0.000 r  
                                                      0.000     0.000 r  aclk (IN)
                         net (fo=3362, unset)         0.030     0.030    u_event_cfg/aclk
                         FDRE                                         r  u_event_cfg/m_axis_tdata_reg[20]/C
  -------------------------------------------------------------------    -------------------
                         FDRE (Prop_FDRE_C_Q)         0.077     0.107 r  u_event_cfg/m_axis_tdata_reg[20]/Q
                         net (fo=2, unset)            0.000     0.107    m_axis_tdata[20]
                                                                      r  m_axis_tdata[20] (OUT)
  -------------------------------------------------------------------    -------------------

Slack:                    inf
  Source:                 u_event_cfg/m_axis_tdata_reg[21]/C
                            (rising edge-triggered cell FDRE clocked by accelerator_clk  {rise@0.000ns fall@3.333ns period=6.667ns})
  Destination:            m_axis_tdata[21]
                            (output port)
  Path Group:             (none)
  Path Type:              Max at Slow Process Corner
  Data Path Delay:        0.077ns  (logic 0.077ns (100.000%)  route 0.000ns (0.000%))
  Logic Levels:           0  
  Clock Uncertainty:      0.025ns  ((TSJ^2 + TIJ^2)^1/2 + DJ) / 2 + PE
    Total System Jitter     (TSJ):    0.050ns
    Total Input Jitter      (TIJ):    0.000ns
    Discrete Jitter          (DJ):    0.000ns
    Phase Error              (PE):    0.000ns

    Location             Delay type                Incr(ns)  Path(ns)    Netlist Resource(s)
  -------------------------------------------------------------------    -------------------
                         (clock accelerator_clk rise edge)
                                                      0.000     0.000 r  
                                                      0.000     0.000 r  aclk (IN)
                         net (fo=3362, unset)         0.030     0.030    u_event_cfg/aclk
                         FDRE                                         r  u_event_cfg/m_axis_tdata_reg[21]/C
  -------------------------------------------------------------------    -------------------
                         FDRE (Prop_FDRE_C_Q)         0.077     0.107 r  u_event_cfg/m_axis_tdata_reg[21]/Q
                         net (fo=2, unset)            0.000     0.107    m_axis_tdata[21]
                                                                      r  m_axis_tdata[21] (OUT)
  -------------------------------------------------------------------    -------------------

Slack:                    inf
  Source:                 u_event_cfg/m_axis_tdata_reg[22]/C
                            (rising edge-triggered cell FDRE clocked by accelerator_clk  {rise@0.000ns fall@3.333ns period=6.667ns})
  Destination:            m_axis_tdata[22]
                            (output port)
  Path Group:             (none)
  Path Type:              Max at Slow Process Corner
  Data Path Delay:        0.077ns  (logic 0.077ns (100.000%)  route 0.000ns (0.000%))
  Logic Levels:           0  
  Clock Uncertainty:      0.025ns  ((TSJ^2 + TIJ^2)^1/2 + DJ) / 2 + PE
    Total System Jitter     (TSJ):    0.050ns
    Total Input Jitter      (TIJ):    0.000ns
    Discrete Jitter          (DJ):    0.000ns
    Phase Error              (PE):    0.000ns

    Location             Delay type                Incr(ns)  Path(ns)    Netlist Resource(s)
  -------------------------------------------------------------------    -------------------
                         (clock accelerator_clk rise edge)
                                                      0.000     0.000 r  
                                                      0.000     0.000 r  aclk (IN)
                         net (fo=3362, unset)         0.030     0.030    u_event_cfg/aclk
                         FDRE                                         r  u_event_cfg/m_axis_tdata_reg[22]/C
  -------------------------------------------------------------------    -------------------
                         FDRE (Prop_FDRE_C_Q)         0.077     0.107 r  u_event_cfg/m_axis_tdata_reg[22]/Q
                         net (fo=2, unset)            0.000     0.107    m_axis_tdata[22]
                                                                      r  m_axis_tdata[22] (OUT)
  -------------------------------------------------------------------    -------------------

Slack:                    inf
  Source:                 u_event_cfg/m_axis_tdata_reg[23]/C
                            (rising edge-triggered cell FDRE clocked by accelerator_clk  {rise@0.000ns fall@3.333ns period=6.667ns})
  Destination:            m_axis_tdata[23]
                            (output port)
  Path Group:             (none)
  Path Type:              Max at Slow Process Corner
  Data Path Delay:        0.077ns  (logic 0.077ns (100.000%)  route 0.000ns (0.000%))
  Logic Levels:           0  
  Clock Uncertainty:      0.025ns  ((TSJ^2 + TIJ^2)^1/2 + DJ) / 2 + PE
    Total System Jitter     (TSJ):    0.050ns
    Total Input Jitter      (TIJ):    0.000ns
    Discrete Jitter          (DJ):    0.000ns
    Phase Error              (PE):    0.000ns

    Location             Delay type                Incr(ns)  Path(ns)    Netlist Resource(s)
  -------------------------------------------------------------------    -------------------
                         (clock accelerator_clk rise edge)
                                                      0.000     0.000 r  
                                                      0.000     0.000 r  aclk (IN)
                         net (fo=3362, unset)         0.030     0.030    u_event_cfg/aclk
                         FDRE                                         r  u_event_cfg/m_axis_tdata_reg[23]/C
  -------------------------------------------------------------------    -------------------
                         FDRE (Prop_FDRE_C_Q)         0.077     0.107 r  u_event_cfg/m_axis_tdata_reg[23]/Q
                         net (fo=2, unset)            0.000     0.107    m_axis_tdata[23]
                                                                      r  m_axis_tdata[23] (OUT)
  -------------------------------------------------------------------    -------------------

Slack:                    inf
  Source:                 u_event_cfg/m_axis_tdata_reg[24]/C
                            (rising edge-triggered cell FDRE clocked by accelerator_clk  {rise@0.000ns fall@3.333ns period=6.667ns})
  Destination:            m_axis_tdata[24]
                            (output port)
  Path Group:             (none)
  Path Type:              Max at Slow Process Corner
  Data Path Delay:        0.077ns  (logic 0.077ns (100.000%)  route 0.000ns (0.000%))
  Logic Levels:           0  
  Clock Uncertainty:      0.025ns  ((TSJ^2 + TIJ^2)^1/2 + DJ) / 2 + PE
    Total System Jitter     (TSJ):    0.050ns
    Total Input Jitter      (TIJ):    0.000ns
    Discrete Jitter          (DJ):    0.000ns
    Phase Error              (PE):    0.000ns

    Location             Delay type                Incr(ns)  Path(ns)    Netlist Resource(s)
  -------------------------------------------------------------------    -------------------
                         (clock accelerator_clk rise edge)
                                                      0.000     0.000 r  
                                                      0.000     0.000 r  aclk (IN)
                         net (fo=3362, unset)         0.030     0.030    u_event_cfg/aclk
                         FDRE                                         r  u_event_cfg/m_axis_tdata_reg[24]/C
  -------------------------------------------------------------------    -------------------
                         FDRE (Prop_FDRE_C_Q)         0.077     0.107 r  u_event_cfg/m_axis_tdata_reg[24]/Q
                         net (fo=2, unset)            0.000     0.107    m_axis_tdata[24]
                                                                      r  m_axis_tdata[24] (OUT)
  -------------------------------------------------------------------    -------------------

Slack:                    inf
  Source:                 u_event_cfg/m_axis_tdata_reg[25]/C
                            (rising edge-triggered cell FDRE clocked by accelerator_clk  {rise@0.000ns fall@3.333ns period=6.667ns})
  Destination:            m_axis_tdata[25]
                            (output port)
  Path Group:             (none)
  Path Type:              Max at Slow Process Corner
  Data Path Delay:        0.077ns  (logic 0.077ns (100.000%)  route 0.000ns (0.000%))
  Logic Levels:           0  
  Clock Uncertainty:      0.025ns  ((TSJ^2 + TIJ^2)^1/2 + DJ) / 2 + PE
    Total System Jitter     (TSJ):    0.050ns
    Total Input Jitter      (TIJ):    0.000ns
    Discrete Jitter          (DJ):    0.000ns
    Phase Error              (PE):    0.000ns

    Location             Delay type                Incr(ns)  Path(ns)    Netlist Resource(s)
  -------------------------------------------------------------------    -------------------
                         (clock accelerator_clk rise edge)
                                                      0.000     0.000 r  
                                                      0.000     0.000 r  aclk (IN)
                         net (fo=3362, unset)         0.030     0.030    u_event_cfg/aclk
                         FDRE                                         r  u_event_cfg/m_axis_tdata_reg[25]/C
  -------------------------------------------------------------------    -------------------
                         FDRE (Prop_FDRE_C_Q)         0.077     0.107 r  u_event_cfg/m_axis_tdata_reg[25]/Q
                         net (fo=2, unset)            0.000     0.107    m_axis_tdata[25]
                                                                      r  m_axis_tdata[25] (OUT)
  -------------------------------------------------------------------    -------------------

Slack:                    inf
  Source:                 u_event_cfg/m_axis_tdata_reg[26]/C
                            (rising edge-triggered cell FDRE clocked by accelerator_clk  {rise@0.000ns fall@3.333ns period=6.667ns})
  Destination:            m_axis_tdata[26]
                            (output port)
  Path Group:             (none)
  Path Type:              Max at Slow Process Corner
  Data Path Delay:        0.077ns  (logic 0.077ns (100.000%)  route 0.000ns (0.000%))
  Logic Levels:           0  
  Clock Uncertainty:      0.025ns  ((TSJ^2 + TIJ^2)^1/2 + DJ) / 2 + PE
    Total System Jitter     (TSJ):    0.050ns
    Total Input Jitter      (TIJ):    0.000ns
    Discrete Jitter          (DJ):    0.000ns
    Phase Error              (PE):    0.000ns

    Location             Delay type                Incr(ns)  Path(ns)    Netlist Resource(s)
  -------------------------------------------------------------------    -------------------
                         (clock accelerator_clk rise edge)
                                                      0.000     0.000 r  
                                                      0.000     0.000 r  aclk (IN)
                         net (fo=3362, unset)         0.030     0.030    u_event_cfg/aclk
                         FDRE                                         r  u_event_cfg/m_axis_tdata_reg[26]/C
  -------------------------------------------------------------------    -------------------
                         FDRE (Prop_FDRE_C_Q)         0.077     0.107 r  u_event_cfg/m_axis_tdata_reg[26]/Q
                         net (fo=2, unset)            0.000     0.107    m_axis_tdata[26]
                                                                      r  m_axis_tdata[26] (OUT)
  -------------------------------------------------------------------    -------------------

Slack:                    inf
  Source:                 u_event_cfg/m_axis_tdata_reg[27]/C
                            (rising edge-triggered cell FDRE clocked by accelerator_clk  {rise@0.000ns fall@3.333ns period=6.667ns})
  Destination:            m_axis_tdata[27]
                            (output port)
  Path Group:             (none)
  Path Type:              Max at Slow Process Corner
  Data Path Delay:        0.077ns  (logic 0.077ns (100.000%)  route 0.000ns (0.000%))
  Logic Levels:           0  
  Clock Uncertainty:      0.025ns  ((TSJ^2 + TIJ^2)^1/2 + DJ) / 2 + PE
    Total System Jitter     (TSJ):    0.050ns
    Total Input Jitter      (TIJ):    0.000ns
    Discrete Jitter          (DJ):    0.000ns
    Phase Error              (PE):    0.000ns

    Location             Delay type                Incr(ns)  Path(ns)    Netlist Resource(s)
  -------------------------------------------------------------------    -------------------
                         (clock accelerator_clk rise edge)
                                                      0.000     0.000 r  
                                                      0.000     0.000 r  aclk (IN)
                         net (fo=3362, unset)         0.030     0.030    u_event_cfg/aclk
                         FDRE                                         r  u_event_cfg/m_axis_tdata_reg[27]/C
  -------------------------------------------------------------------    -------------------
                         FDRE (Prop_FDRE_C_Q)         0.077     0.107 r  u_event_cfg/m_axis_tdata_reg[27]/Q
                         net (fo=2, unset)            0.000     0.107    m_axis_tdata[27]
                                                                      r  m_axis_tdata[27] (OUT)
  -------------------------------------------------------------------    -------------------

Slack:                    inf
  Source:                 u_event_cfg/m_axis_tdata_reg[28]/C
                            (rising edge-triggered cell FDRE clocked by accelerator_clk  {rise@0.000ns fall@3.333ns period=6.667ns})
  Destination:            m_axis_tdata[28]
                            (output port)
  Path Group:             (none)
  Path Type:              Max at Slow Process Corner
  Data Path Delay:        0.077ns  (logic 0.077ns (100.000%)  route 0.000ns (0.000%))
  Logic Levels:           0  
  Clock Uncertainty:      0.025ns  ((TSJ^2 + TIJ^2)^1/2 + DJ) / 2 + PE
    Total System Jitter     (TSJ):    0.050ns
    Total Input Jitter      (TIJ):    0.000ns
    Discrete Jitter          (DJ):    0.000ns
    Phase Error              (PE):    0.000ns

    Location             Delay type                Incr(ns)  Path(ns)    Netlist Resource(s)
  -------------------------------------------------------------------    -------------------
                         (clock accelerator_clk rise edge)
                                                      0.000     0.000 r  
                                                      0.000     0.000 r  aclk (IN)
                         net (fo=3362, unset)         0.030     0.030    u_event_cfg/aclk
                         FDRE                                         r  u_event_cfg/m_axis_tdata_reg[28]/C
  -------------------------------------------------------------------    -------------------
                         FDRE (Prop_FDRE_C_Q)         0.077     0.107 r  u_event_cfg/m_axis_tdata_reg[28]/Q
                         net (fo=2, unset)            0.000     0.107    m_axis_tdata[28]
                                                                      r  m_axis_tdata[28] (OUT)
  -------------------------------------------------------------------    -------------------

Slack:                    inf
  Source:                 u_event_cfg/m_axis_tdata_reg[29]/C
                            (rising edge-triggered cell FDRE clocked by accelerator_clk  {rise@0.000ns fall@3.333ns period=6.667ns})
  Destination:            m_axis_tdata[29]
                            (output port)
  Path Group:             (none)
  Path Type:              Max at Slow Process Corner
  Data Path Delay:        0.077ns  (logic 0.077ns (100.000%)  route 0.000ns (0.000%))
  Logic Levels:           0  
  Clock Uncertainty:      0.025ns  ((TSJ^2 + TIJ^2)^1/2 + DJ) / 2 + PE
    Total System Jitter     (TSJ):    0.050ns
    Total Input Jitter      (TIJ):    0.000ns
    Discrete Jitter          (DJ):    0.000ns
    Phase Error              (PE):    0.000ns

    Location             Delay type                Incr(ns)  Path(ns)    Netlist Resource(s)
  -------------------------------------------------------------------    -------------------
                         (clock accelerator_clk rise edge)
                                                      0.000     0.000 r  
                                                      0.000     0.000 r  aclk (IN)
                         net (fo=3362, unset)         0.030     0.030    u_event_cfg/aclk
                         FDRE                                         r  u_event_cfg/m_axis_tdata_reg[29]/C
  -------------------------------------------------------------------    -------------------
                         FDRE (Prop_FDRE_C_Q)         0.077     0.107 r  u_event_cfg/m_axis_tdata_reg[29]/Q
                         net (fo=2, unset)            0.000     0.107    m_axis_tdata[29]
                                                                      r  m_axis_tdata[29] (OUT)
  -------------------------------------------------------------------    -------------------

Slack:                    inf
  Source:                 u_event_cfg/m_axis_tdata_reg[2]/C
                            (rising edge-triggered cell FDRE clocked by accelerator_clk  {rise@0.000ns fall@3.333ns period=6.667ns})
  Destination:            m_axis_tdata[2]
                            (output port)
  Path Group:             (none)
  Path Type:              Max at Slow Process Corner
  Data Path Delay:        0.077ns  (logic 0.077ns (100.000%)  route 0.000ns (0.000%))
  Logic Levels:           0  
  Clock Uncertainty:      0.025ns  ((TSJ^2 + TIJ^2)^1/2 + DJ) / 2 + PE
    Total System Jitter     (TSJ):    0.050ns
    Total Input Jitter      (TIJ):    0.000ns
    Discrete Jitter          (DJ):    0.000ns
    Phase Error              (PE):    0.000ns

    Location             Delay type                Incr(ns)  Path(ns)    Netlist Resource(s)
  -------------------------------------------------------------------    -------------------
                         (clock accelerator_clk rise edge)
                                                      0.000     0.000 r  
                                                      0.000     0.000 r  aclk (IN)
                         net (fo=3362, unset)         0.030     0.030    u_event_cfg/aclk
                         FDRE                                         r  u_event_cfg/m_axis_tdata_reg[2]/C
  -------------------------------------------------------------------    -------------------
                         FDRE (Prop_FDRE_C_Q)         0.077     0.107 r  u_event_cfg/m_axis_tdata_reg[2]/Q
                         net (fo=0)                   0.000     0.107    m_axis_tdata[2]
                                                                      r  m_axis_tdata[2] (OUT)
  -------------------------------------------------------------------    -------------------

Slack:                    inf
  Source:                 u_event_cfg/m_axis_tdata_reg[30]/C
                            (rising edge-triggered cell FDRE clocked by accelerator_clk  {rise@0.000ns fall@3.333ns period=6.667ns})
  Destination:            m_axis_tdata[30]
                            (output port)
  Path Group:             (none)
  Path Type:              Max at Slow Process Corner
  Data Path Delay:        0.077ns  (logic 0.077ns (100.000%)  route 0.000ns (0.000%))
  Logic Levels:           0  
  Clock Uncertainty:      0.025ns  ((TSJ^2 + TIJ^2)^1/2 + DJ) / 2 + PE
    Total System Jitter     (TSJ):    0.050ns
    Total Input Jitter      (TIJ):    0.000ns
    Discrete Jitter          (DJ):    0.000ns
    Phase Error              (PE):    0.000ns

    Location             Delay type                Incr(ns)  Path(ns)    Netlist Resource(s)
  -------------------------------------------------------------------    -------------------
                         (clock accelerator_clk rise edge)
                                                      0.000     0.000 r  
                                                      0.000     0.000 r  aclk (IN)
                         net (fo=3362, unset)         0.030     0.030    u_event_cfg/aclk
                         FDRE                                         r  u_event_cfg/m_axis_tdata_reg[30]/C
  -------------------------------------------------------------------    -------------------
                         FDRE (Prop_FDRE_C_Q)         0.077     0.107 r  u_event_cfg/m_axis_tdata_reg[30]/Q
                         net (fo=2, unset)            0.000     0.107    m_axis_tdata[30]
                                                                      r  m_axis_tdata[30] (OUT)
  -------------------------------------------------------------------    -------------------

Slack:                    inf
  Source:                 u_event_cfg/m_axis_tdata_reg[31]/C
                            (rising edge-triggered cell FDRE clocked by accelerator_clk  {rise@0.000ns fall@3.333ns period=6.667ns})
  Destination:            m_axis_tdata[31]
                            (output port)
  Path Group:             (none)
  Path Type:              Max at Slow Process Corner
  Data Path Delay:        0.077ns  (logic 0.077ns (100.000%)  route 0.000ns (0.000%))
  Logic Levels:           0  
  Clock Uncertainty:      0.025ns  ((TSJ^2 + TIJ^2)^1/2 + DJ) / 2 + PE
    Total System Jitter     (TSJ):    0.050ns
    Total Input Jitter      (TIJ):    0.000ns
    Discrete Jitter          (DJ):    0.000ns
    Phase Error              (PE):    0.000ns

    Location             Delay type                Incr(ns)  Path(ns)    Netlist Resource(s)
  -------------------------------------------------------------------    -------------------
                         (clock accelerator_clk rise edge)
                                                      0.000     0.000 r  
                                                      0.000     0.000 r  aclk (IN)
                         net (fo=3362, unset)         0.030     0.030    u_event_cfg/aclk
                         FDRE                                         r  u_event_cfg/m_axis_tdata_reg[31]/C
  -------------------------------------------------------------------    -------------------
                         FDRE (Prop_FDRE_C_Q)         0.077     0.107 r  u_event_cfg/m_axis_tdata_reg[31]/Q
                         net (fo=2, unset)            0.000     0.107    m_axis_tdata[31]
                                                                      r  m_axis_tdata[31] (OUT)
  -------------------------------------------------------------------    -------------------

Slack:                    inf
  Source:                 u_event_cfg/m_axis_tdata_reg[32]/C
                            (rising edge-triggered cell FDRE clocked by accelerator_clk  {rise@0.000ns fall@3.333ns period=6.667ns})
  Destination:            m_axis_tdata[32]
                            (output port)
  Path Group:             (none)
  Path Type:              Max at Slow Process Corner
  Data Path Delay:        0.077ns  (logic 0.077ns (100.000%)  route 0.000ns (0.000%))
  Logic Levels:           0  
  Clock Uncertainty:      0.025ns  ((TSJ^2 + TIJ^2)^1/2 + DJ) / 2 + PE
    Total System Jitter     (TSJ):    0.050ns
    Total Input Jitter      (TIJ):    0.000ns
    Discrete Jitter          (DJ):    0.000ns
    Phase Error              (PE):    0.000ns

    Location             Delay type                Incr(ns)  Path(ns)    Netlist Resource(s)
  -------------------------------------------------------------------    -------------------
                         (clock accelerator_clk rise edge)
                                                      0.000     0.000 r  
                                                      0.000     0.000 r  aclk (IN)
                         net (fo=3362, unset)         0.030     0.030    u_event_cfg/aclk
                         FDRE                                         r  u_event_cfg/m_axis_tdata_reg[32]/C
  -------------------------------------------------------------------    -------------------
                         FDRE (Prop_FDRE_C_Q)         0.077     0.107 r  u_event_cfg/m_axis_tdata_reg[32]/Q
                         net (fo=2, unset)            0.000     0.107    m_axis_tdata[32]
                                                                      r  m_axis_tdata[32] (OUT)
  -------------------------------------------------------------------    -------------------





Min Delay Paths
--------------------------------------------------------------------------------------
Slack:                    inf
  Source:                 u_event_cfg/m_axis_tdata_reg[0]/C
                            (rising edge-triggered cell FDRE clocked by accelerator_clk  {rise@0.000ns fall@3.333ns period=6.667ns})
  Destination:            m_axis_tdata[0]
                            (output port)
  Path Group:             (none)
  Path Type:              Min at Fast Process Corner
  Data Path Delay:        0.038ns  (logic 0.038ns (100.000%)  route 0.000ns (0.000%))
  Logic Levels:           0  
  Clock Uncertainty:      0.025ns  ((TSJ^2 + TIJ^2)^1/2 + DJ) / 2 + PE
    Total System Jitter     (TSJ):    0.050ns
    Total Input Jitter      (TIJ):    0.000ns
    Discrete Jitter          (DJ):    0.000ns
    Phase Error              (PE):    0.000ns

    Location             Delay type                Incr(ns)  Path(ns)    Netlist Resource(s)
  -------------------------------------------------------------------    -------------------
                         (clock accelerator_clk rise edge)
                                                      0.000     0.000 r  
                                                      0.000     0.000 r  aclk (IN)
                         net (fo=3362, unset)         0.013     0.013    u_event_cfg/aclk
                         FDRE                                         r  u_event_cfg/m_axis_tdata_reg[0]/C
  -------------------------------------------------------------------    -------------------
                         FDRE (Prop_FDRE_C_Q)         0.038     0.051 r  u_event_cfg/m_axis_tdata_reg[0]/Q
                         net (fo=0)                   0.000     0.051    m_axis_tdata[0]
                                                                      r  m_axis_tdata[0] (OUT)
  -------------------------------------------------------------------    -------------------

Slack:                    inf
  Source:                 u_event_cfg/m_axis_tdata_reg[10]/C
                            (rising edge-triggered cell FDRE clocked by accelerator_clk  {rise@0.000ns fall@3.333ns period=6.667ns})
  Destination:            m_axis_tdata[10]
                            (output port)
  Path Group:             (none)
  Path Type:              Min at Fast Process Corner
  Data Path Delay:        0.038ns  (logic 0.038ns (100.000%)  route 0.000ns (0.000%))
  Logic Levels:           0  
  Clock Uncertainty:      0.025ns  ((TSJ^2 + TIJ^2)^1/2 + DJ) / 2 + PE
    Total System Jitter     (TSJ):    0.050ns
    Total Input Jitter      (TIJ):    0.000ns
    Discrete Jitter          (DJ):    0.000ns
    Phase Error              (PE):    0.000ns

    Location             Delay type                Incr(ns)  Path(ns)    Netlist Resource(s)
  -------------------------------------------------------------------    -------------------
                         (clock accelerator_clk rise edge)
                                                      0.000     0.000 r  
                                                      0.000     0.000 r  aclk (IN)
                         net (fo=3362, unset)         0.013     0.013    u_event_cfg/aclk
                         FDRE                                         r  u_event_cfg/m_axis_tdata_reg[10]/C
  -------------------------------------------------------------------    -------------------
                         FDRE (Prop_FDRE_C_Q)         0.038     0.051 r  u_event_cfg/m_axis_tdata_reg[10]/Q
                         net (fo=0)                   0.000     0.051    m_axis_tdata[10]
                                                                      r  m_axis_tdata[10] (OUT)
  -------------------------------------------------------------------    -------------------

Slack:                    inf
  Source:                 u_event_cfg/m_axis_tdata_reg[11]/C
                            (rising edge-triggered cell FDRE clocked by accelerator_clk  {rise@0.000ns fall@3.333ns period=6.667ns})
  Destination:            m_axis_tdata[11]
                            (output port)
  Path Group:             (none)
  Path Type:              Min at Fast Process Corner
  Data Path Delay:        0.038ns  (logic 0.038ns (100.000%)  route 0.000ns (0.000%))
  Logic Levels:           0  
  Clock Uncertainty:      0.025ns  ((TSJ^2 + TIJ^2)^1/2 + DJ) / 2 + PE
    Total System Jitter     (TSJ):    0.050ns
    Total Input Jitter      (TIJ):    0.000ns
    Discrete Jitter          (DJ):    0.000ns
    Phase Error              (PE):    0.000ns

    Location             Delay type                Incr(ns)  Path(ns)    Netlist Resource(s)
  -------------------------------------------------------------------    -------------------
                         (clock accelerator_clk rise edge)
                                                      0.000     0.000 r  
                                                      0.000     0.000 r  aclk (IN)
                         net (fo=3362, unset)         0.013     0.013    u_event_cfg/aclk
                         FDRE                                         r  u_event_cfg/m_axis_tdata_reg[11]/C
  -------------------------------------------------------------------    -------------------
                         FDRE (Prop_FDRE_C_Q)         0.038     0.051 r  u_event_cfg/m_axis_tdata_reg[11]/Q
                         net (fo=0)                   0.000     0.051    m_axis_tdata[11]
                                                                      r  m_axis_tdata[11] (OUT)
  -------------------------------------------------------------------    -------------------

Slack:                    inf
  Source:                 u_event_cfg/m_axis_tdata_reg[12]/C
                            (rising edge-triggered cell FDRE clocked by accelerator_clk  {rise@0.000ns fall@3.333ns period=6.667ns})
  Destination:            m_axis_tdata[12]
                            (output port)
  Path Group:             (none)
  Path Type:              Min at Fast Process Corner
  Data Path Delay:        0.038ns  (logic 0.038ns (100.000%)  route 0.000ns (0.000%))
  Logic Levels:           0  
  Clock Uncertainty:      0.025ns  ((TSJ^2 + TIJ^2)^1/2 + DJ) / 2 + PE
    Total System Jitter     (TSJ):    0.050ns
    Total Input Jitter      (TIJ):    0.000ns
    Discrete Jitter          (DJ):    0.000ns
    Phase Error              (PE):    0.000ns

    Location             Delay type                Incr(ns)  Path(ns)    Netlist Resource(s)
  -------------------------------------------------------------------    -------------------
                         (clock accelerator_clk rise edge)
                                                      0.000     0.000 r  
                                                      0.000     0.000 r  aclk (IN)
                         net (fo=3362, unset)         0.013     0.013    u_event_cfg/aclk
                         FDRE                                         r  u_event_cfg/m_axis_tdata_reg[12]/C
  -------------------------------------------------------------------    -------------------
                         FDRE (Prop_FDRE_C_Q)         0.038     0.051 r  u_event_cfg/m_axis_tdata_reg[12]/Q
                         net (fo=0)                   0.000     0.051    m_axis_tdata[12]
                                                                      r  m_axis_tdata[12] (OUT)
  -------------------------------------------------------------------    -------------------

Slack:                    inf
  Source:                 u_event_cfg/m_axis_tdata_reg[13]/C
                            (rising edge-triggered cell FDRE clocked by accelerator_clk  {rise@0.000ns fall@3.333ns period=6.667ns})
  Destination:            m_axis_tdata[13]
                            (output port)
  Path Group:             (none)
  Path Type:              Min at Fast Process Corner
  Data Path Delay:        0.038ns  (logic 0.038ns (100.000%)  route 0.000ns (0.000%))
  Logic Levels:           0  
  Clock Uncertainty:      0.025ns  ((TSJ^2 + TIJ^2)^1/2 + DJ) / 2 + PE
    Total System Jitter     (TSJ):    0.050ns
    Total Input Jitter      (TIJ):    0.000ns
    Discrete Jitter          (DJ):    0.000ns
    Phase Error              (PE):    0.000ns

    Location             Delay type                Incr(ns)  Path(ns)    Netlist Resource(s)
  -------------------------------------------------------------------    -------------------
                         (clock accelerator_clk rise edge)
                                                      0.000     0.000 r  
                                                      0.000     0.000 r  aclk (IN)
                         net (fo=3362, unset)         0.013     0.013    u_event_cfg/aclk
                         FDRE                                         r  u_event_cfg/m_axis_tdata_reg[13]/C
  -------------------------------------------------------------------    -------------------
                         FDRE (Prop_FDRE_C_Q)         0.038     0.051 r  u_event_cfg/m_axis_tdata_reg[13]/Q
                         net (fo=0)                   0.000     0.051    m_axis_tdata[13]
                                                                      r  m_axis_tdata[13] (OUT)
  -------------------------------------------------------------------    -------------------

Slack:                    inf
  Source:                 u_event_cfg/m_axis_tdata_reg[14]/C
                            (rising edge-triggered cell FDRE clocked by accelerator_clk  {rise@0.000ns fall@3.333ns period=6.667ns})
  Destination:            m_axis_tdata[14]
                            (output port)
  Path Group:             (none)
  Path Type:              Min at Fast Process Corner
  Data Path Delay:        0.038ns  (logic 0.038ns (100.000%)  route 0.000ns (0.000%))
  Logic Levels:           0  
  Clock Uncertainty:      0.025ns  ((TSJ^2 + TIJ^2)^1/2 + DJ) / 2 + PE
    Total System Jitter     (TSJ):    0.050ns
    Total Input Jitter      (TIJ):    0.000ns
    Discrete Jitter          (DJ):    0.000ns
    Phase Error              (PE):    0.000ns

    Location             Delay type                Incr(ns)  Path(ns)    Netlist Resource(s)
  -------------------------------------------------------------------    -------------------
                         (clock accelerator_clk rise edge)
                                                      0.000     0.000 r  
                                                      0.000     0.000 r  aclk (IN)
                         net (fo=3362, unset)         0.013     0.013    u_event_cfg/aclk
                         FDRE                                         r  u_event_cfg/m_axis_tdata_reg[14]/C
  -------------------------------------------------------------------    -------------------
                         FDRE (Prop_FDRE_C_Q)         0.038     0.051 r  u_event_cfg/m_axis_tdata_reg[14]/Q
                         net (fo=0)                   0.000     0.051    m_axis_tdata[14]
                                                                      r  m_axis_tdata[14] (OUT)
  -------------------------------------------------------------------    -------------------

Slack:                    inf
  Source:                 u_event_cfg/m_axis_tdata_reg[15]/C
                            (rising edge-triggered cell FDRE clocked by accelerator_clk  {rise@0.000ns fall@3.333ns period=6.667ns})
  Destination:            m_axis_tdata[15]
                            (output port)
  Path Group:             (none)
  Path Type:              Min at Fast Process Corner
  Data Path Delay:        0.038ns  (logic 0.038ns (100.000%)  route 0.000ns (0.000%))
  Logic Levels:           0  
  Clock Uncertainty:      0.025ns  ((TSJ^2 + TIJ^2)^1/2 + DJ) / 2 + PE
    Total System Jitter     (TSJ):    0.050ns
    Total Input Jitter      (TIJ):    0.000ns
    Discrete Jitter          (DJ):    0.000ns
    Phase Error              (PE):    0.000ns

    Location             Delay type                Incr(ns)  Path(ns)    Netlist Resource(s)
  -------------------------------------------------------------------    -------------------
                         (clock accelerator_clk rise edge)
                                                      0.000     0.000 r  
                                                      0.000     0.000 r  aclk (IN)
                         net (fo=3362, unset)         0.013     0.013    u_event_cfg/aclk
                         FDRE                                         r  u_event_cfg/m_axis_tdata_reg[15]/C
  -------------------------------------------------------------------    -------------------
                         FDRE (Prop_FDRE_C_Q)         0.038     0.051 r  u_event_cfg/m_axis_tdata_reg[15]/Q
                         net (fo=0)                   0.000     0.051    m_axis_tdata[15]
                                                                      r  m_axis_tdata[15] (OUT)
  -------------------------------------------------------------------    -------------------

Slack:                    inf
  Source:                 u_event_cfg/m_axis_tdata_reg[16]/C
                            (rising edge-triggered cell FDRE clocked by accelerator_clk  {rise@0.000ns fall@3.333ns period=6.667ns})
  Destination:            m_axis_tdata[16]
                            (output port)
  Path Group:             (none)
  Path Type:              Min at Fast Process Corner
  Data Path Delay:        0.038ns  (logic 0.038ns (100.000%)  route 0.000ns (0.000%))
  Logic Levels:           0  
  Clock Uncertainty:      0.025ns  ((TSJ^2 + TIJ^2)^1/2 + DJ) / 2 + PE
    Total System Jitter     (TSJ):    0.050ns
    Total Input Jitter      (TIJ):    0.000ns
    Discrete Jitter          (DJ):    0.000ns
    Phase Error              (PE):    0.000ns

    Location             Delay type                Incr(ns)  Path(ns)    Netlist Resource(s)
  -------------------------------------------------------------------    -------------------
                         (clock accelerator_clk rise edge)
                                                      0.000     0.000 r  
                                                      0.000     0.000 r  aclk (IN)
                         net (fo=3362, unset)         0.013     0.013    u_event_cfg/aclk
                         FDRE                                         r  u_event_cfg/m_axis_tdata_reg[16]/C
  -------------------------------------------------------------------    -------------------
                         FDRE (Prop_FDRE_C_Q)         0.038     0.051 r  u_event_cfg/m_axis_tdata_reg[16]/Q
                         net (fo=2, unset)            0.000     0.051    m_axis_tdata[16]
                                                                      r  m_axis_tdata[16] (OUT)
  -------------------------------------------------------------------    -------------------

Slack:                    inf
  Source:                 u_event_cfg/m_axis_tdata_reg[17]/C
                            (rising edge-triggered cell FDRE clocked by accelerator_clk  {rise@0.000ns fall@3.333ns period=6.667ns})
  Destination:            m_axis_tdata[17]
                            (output port)
  Path Group:             (none)
  Path Type:              Min at Fast Process Corner
  Data Path Delay:        0.038ns  (logic 0.038ns (100.000%)  route 0.000ns (0.000%))
  Logic Levels:           0  
  Clock Uncertainty:      0.025ns  ((TSJ^2 + TIJ^2)^1/2 + DJ) / 2 + PE
    Total System Jitter     (TSJ):    0.050ns
    Total Input Jitter      (TIJ):    0.000ns
    Discrete Jitter          (DJ):    0.000ns
    Phase Error              (PE):    0.000ns

    Location             Delay type                Incr(ns)  Path(ns)    Netlist Resource(s)
  -------------------------------------------------------------------    -------------------
                         (clock accelerator_clk rise edge)
                                                      0.000     0.000 r  
                                                      0.000     0.000 r  aclk (IN)
                         net (fo=3362, unset)         0.013     0.013    u_event_cfg/aclk
                         FDRE                                         r  u_event_cfg/m_axis_tdata_reg[17]/C
  -------------------------------------------------------------------    -------------------
                         FDRE (Prop_FDRE_C_Q)         0.038     0.051 r  u_event_cfg/m_axis_tdata_reg[17]/Q
                         net (fo=2, unset)            0.000     0.051    m_axis_tdata[17]
                                                                      r  m_axis_tdata[17] (OUT)
  -------------------------------------------------------------------    -------------------

Slack:                    inf
  Source:                 u_event_cfg/m_axis_tdata_reg[18]/C
                            (rising edge-triggered cell FDRE clocked by accelerator_clk  {rise@0.000ns fall@3.333ns period=6.667ns})
  Destination:            m_axis_tdata[18]
                            (output port)
  Path Group:             (none)
  Path Type:              Min at Fast Process Corner
  Data Path Delay:        0.038ns  (logic 0.038ns (100.000%)  route 0.000ns (0.000%))
  Logic Levels:           0  
  Clock Uncertainty:      0.025ns  ((TSJ^2 + TIJ^2)^1/2 + DJ) / 2 + PE
    Total System Jitter     (TSJ):    0.050ns
    Total Input Jitter      (TIJ):    0.000ns
    Discrete Jitter          (DJ):    0.000ns
    Phase Error              (PE):    0.000ns

    Location             Delay type                Incr(ns)  Path(ns)    Netlist Resource(s)
  -------------------------------------------------------------------    -------------------
                         (clock accelerator_clk rise edge)
                                                      0.000     0.000 r  
                                                      0.000     0.000 r  aclk (IN)
                         net (fo=3362, unset)         0.013     0.013    u_event_cfg/aclk
                         FDRE                                         r  u_event_cfg/m_axis_tdata_reg[18]/C
  -------------------------------------------------------------------    -------------------
                         FDRE (Prop_FDRE_C_Q)         0.038     0.051 r  u_event_cfg/m_axis_tdata_reg[18]/Q
                         net (fo=2, unset)            0.000     0.051    m_axis_tdata[18]
                                                                      r  m_axis_tdata[18] (OUT)
  -------------------------------------------------------------------    -------------------

Slack:                    inf
  Source:                 u_event_cfg/m_axis_tdata_reg[19]/C
                            (rising edge-triggered cell FDRE clocked by accelerator_clk  {rise@0.000ns fall@3.333ns period=6.667ns})
  Destination:            m_axis_tdata[19]
                            (output port)
  Path Group:             (none)
  Path Type:              Min at Fast Process Corner
  Data Path Delay:        0.038ns  (logic 0.038ns (100.000%)  route 0.000ns (0.000%))
  Logic Levels:           0  
  Clock Uncertainty:      0.025ns  ((TSJ^2 + TIJ^2)^1/2 + DJ) / 2 + PE
    Total System Jitter     (TSJ):    0.050ns
    Total Input Jitter      (TIJ):    0.000ns
    Discrete Jitter          (DJ):    0.000ns
    Phase Error              (PE):    0.000ns

    Location             Delay type                Incr(ns)  Path(ns)    Netlist Resource(s)
  -------------------------------------------------------------------    -------------------
                         (clock accelerator_clk rise edge)
                                                      0.000     0.000 r  
                                                      0.000     0.000 r  aclk (IN)
                         net (fo=3362, unset)         0.013     0.013    u_event_cfg/aclk
                         FDRE                                         r  u_event_cfg/m_axis_tdata_reg[19]/C
  -------------------------------------------------------------------    -------------------
                         FDRE (Prop_FDRE_C_Q)         0.038     0.051 r  u_event_cfg/m_axis_tdata_reg[19]/Q
                         net (fo=2, unset)            0.000     0.051    m_axis_tdata[19]
                                                                      r  m_axis_tdata[19] (OUT)
  -------------------------------------------------------------------    -------------------

Slack:                    inf
  Source:                 u_event_cfg/m_axis_tdata_reg[1]/C
                            (rising edge-triggered cell FDRE clocked by accelerator_clk  {rise@0.000ns fall@3.333ns period=6.667ns})
  Destination:            m_axis_tdata[1]
                            (output port)
  Path Group:             (none)
  Path Type:              Min at Fast Process Corner
  Data Path Delay:        0.038ns  (logic 0.038ns (100.000%)  route 0.000ns (0.000%))
  Logic Levels:           0  
  Clock Uncertainty:      0.025ns  ((TSJ^2 + TIJ^2)^1/2 + DJ) / 2 + PE
    Total System Jitter     (TSJ):    0.050ns
    Total Input Jitter      (TIJ):    0.000ns
    Discrete Jitter          (DJ):    0.000ns
    Phase Error              (PE):    0.000ns

    Location             Delay type                Incr(ns)  Path(ns)    Netlist Resource(s)
  -------------------------------------------------------------------    -------------------
                         (clock accelerator_clk rise edge)
                                                      0.000     0.000 r  
                                                      0.000     0.000 r  aclk (IN)
                         net (fo=3362, unset)         0.013     0.013    u_event_cfg/aclk
                         FDRE                                         r  u_event_cfg/m_axis_tdata_reg[1]/C
  -------------------------------------------------------------------    -------------------
                         FDRE (Prop_FDRE_C_Q)         0.038     0.051 r  u_event_cfg/m_axis_tdata_reg[1]/Q
                         net (fo=0)                   0.000     0.051    m_axis_tdata[1]
                                                                      r  m_axis_tdata[1] (OUT)
  -------------------------------------------------------------------    -------------------

Slack:                    inf
  Source:                 u_event_cfg/m_axis_tdata_reg[20]/C
                            (rising edge-triggered cell FDRE clocked by accelerator_clk  {rise@0.000ns fall@3.333ns period=6.667ns})
  Destination:            m_axis_tdata[20]
                            (output port)
  Path Group:             (none)
  Path Type:              Min at Fast Process Corner
  Data Path Delay:        0.038ns  (logic 0.038ns (100.000%)  route 0.000ns (0.000%))
  Logic Levels:           0  
  Clock Uncertainty:      0.025ns  ((TSJ^2 + TIJ^2)^1/2 + DJ) / 2 + PE
    Total System Jitter     (TSJ):    0.050ns
    Total Input Jitter      (TIJ):    0.000ns
    Discrete Jitter          (DJ):    0.000ns
    Phase Error              (PE):    0.000ns

    Location             Delay type                Incr(ns)  Path(ns)    Netlist Resource(s)
  -------------------------------------------------------------------    -------------------
                         (clock accelerator_clk rise edge)
                                                      0.000     0.000 r  
                                                      0.000     0.000 r  aclk (IN)
                         net (fo=3362, unset)         0.013     0.013    u_event_cfg/aclk
                         FDRE                                         r  u_event_cfg/m_axis_tdata_reg[20]/C
  -------------------------------------------------------------------    -------------------
                         FDRE (Prop_FDRE_C_Q)         0.038     0.051 r  u_event_cfg/m_axis_tdata_reg[20]/Q
                         net (fo=2, unset)            0.000     0.051    m_axis_tdata[20]
                                                                      r  m_axis_tdata[20] (OUT)
  -------------------------------------------------------------------    -------------------

Slack:                    inf
  Source:                 u_event_cfg/m_axis_tdata_reg[21]/C
                            (rising edge-triggered cell FDRE clocked by accelerator_clk  {rise@0.000ns fall@3.333ns period=6.667ns})
  Destination:            m_axis_tdata[21]
                            (output port)
  Path Group:             (none)
  Path Type:              Min at Fast Process Corner
  Data Path Delay:        0.038ns  (logic 0.038ns (100.000%)  route 0.000ns (0.000%))
  Logic Levels:           0  
  Clock Uncertainty:      0.025ns  ((TSJ^2 + TIJ^2)^1/2 + DJ) / 2 + PE
    Total System Jitter     (TSJ):    0.050ns
    Total Input Jitter      (TIJ):    0.000ns
    Discrete Jitter          (DJ):    0.000ns
    Phase Error              (PE):    0.000ns

    Location             Delay type                Incr(ns)  Path(ns)    Netlist Resource(s)
  -------------------------------------------------------------------    -------------------
                         (clock accelerator_clk rise edge)
                                                      0.000     0.000 r  
                                                      0.000     0.000 r  aclk (IN)
                         net (fo=3362, unset)         0.013     0.013    u_event_cfg/aclk
                         FDRE                                         r  u_event_cfg/m_axis_tdata_reg[21]/C
  -------------------------------------------------------------------    -------------------
                         FDRE (Prop_FDRE_C_Q)         0.038     0.051 r  u_event_cfg/m_axis_tdata_reg[21]/Q
                         net (fo=2, unset)            0.000     0.051    m_axis_tdata[21]
                                                                      r  m_axis_tdata[21] (OUT)
  -------------------------------------------------------------------    -------------------

Slack:                    inf
  Source:                 u_event_cfg/m_axis_tdata_reg[22]/C
                            (rising edge-triggered cell FDRE clocked by accelerator_clk  {rise@0.000ns fall@3.333ns period=6.667ns})
  Destination:            m_axis_tdata[22]
                            (output port)
  Path Group:             (none)
  Path Type:              Min at Fast Process Corner
  Data Path Delay:        0.038ns  (logic 0.038ns (100.000%)  route 0.000ns (0.000%))
  Logic Levels:           0  
  Clock Uncertainty:      0.025ns  ((TSJ^2 + TIJ^2)^1/2 + DJ) / 2 + PE
    Total System Jitter     (TSJ):    0.050ns
    Total Input Jitter      (TIJ):    0.000ns
    Discrete Jitter          (DJ):    0.000ns
    Phase Error              (PE):    0.000ns

    Location             Delay type                Incr(ns)  Path(ns)    Netlist Resource(s)
  -------------------------------------------------------------------    -------------------
                         (clock accelerator_clk rise edge)
                                                      0.000     0.000 r  
                                                      0.000     0.000 r  aclk (IN)
                         net (fo=3362, unset)         0.013     0.013    u_event_cfg/aclk
                         FDRE                                         r  u_event_cfg/m_axis_tdata_reg[22]/C
  -------------------------------------------------------------------    -------------------
                         FDRE (Prop_FDRE_C_Q)         0.038     0.051 r  u_event_cfg/m_axis_tdata_reg[22]/Q
                         net (fo=2, unset)            0.000     0.051    m_axis_tdata[22]
                                                                      r  m_axis_tdata[22] (OUT)
  -------------------------------------------------------------------    -------------------

Slack:                    inf
  Source:                 u_event_cfg/m_axis_tdata_reg[23]/C
                            (rising edge-triggered cell FDRE clocked by accelerator_clk  {rise@0.000ns fall@3.333ns period=6.667ns})
  Destination:            m_axis_tdata[23]
                            (output port)
  Path Group:             (none)
  Path Type:              Min at Fast Process Corner
  Data Path Delay:        0.038ns  (logic 0.038ns (100.000%)  route 0.000ns (0.000%))
  Logic Levels:           0  
  Clock Uncertainty:      0.025ns  ((TSJ^2 + TIJ^2)^1/2 + DJ) / 2 + PE
    Total System Jitter     (TSJ):    0.050ns
    Total Input Jitter      (TIJ):    0.000ns
    Discrete Jitter          (DJ):    0.000ns
    Phase Error              (PE):    0.000ns

    Location             Delay type                Incr(ns)  Path(ns)    Netlist Resource(s)
  -------------------------------------------------------------------    -------------------
                         (clock accelerator_clk rise edge)
                                                      0.000     0.000 r  
                                                      0.000     0.000 r  aclk (IN)
                         net (fo=3362, unset)         0.013     0.013    u_event_cfg/aclk
                         FDRE                                         r  u_event_cfg/m_axis_tdata_reg[23]/C
  -------------------------------------------------------------------    -------------------
                         FDRE (Prop_FDRE_C_Q)         0.038     0.051 r  u_event_cfg/m_axis_tdata_reg[23]/Q
                         net (fo=2, unset)            0.000     0.051    m_axis_tdata[23]
                                                                      r  m_axis_tdata[23] (OUT)
  -------------------------------------------------------------------    -------------------

Slack:                    inf
  Source:                 u_event_cfg/m_axis_tdata_reg[24]/C
                            (rising edge-triggered cell FDRE clocked by accelerator_clk  {rise@0.000ns fall@3.333ns period=6.667ns})
  Destination:            m_axis_tdata[24]
                            (output port)
  Path Group:             (none)
  Path Type:              Min at Fast Process Corner
  Data Path Delay:        0.038ns  (logic 0.038ns (100.000%)  route 0.000ns (0.000%))
  Logic Levels:           0  
  Clock Uncertainty:      0.025ns  ((TSJ^2 + TIJ^2)^1/2 + DJ) / 2 + PE
    Total System Jitter     (TSJ):    0.050ns
    Total Input Jitter      (TIJ):    0.000ns
    Discrete Jitter          (DJ):    0.000ns
    Phase Error              (PE):    0.000ns

    Location             Delay type                Incr(ns)  Path(ns)    Netlist Resource(s)
  -------------------------------------------------------------------    -------------------
                         (clock accelerator_clk rise edge)
                                                      0.000     0.000 r  
                                                      0.000     0.000 r  aclk (IN)
                         net (fo=3362, unset)         0.013     0.013    u_event_cfg/aclk
                         FDRE                                         r  u_event_cfg/m_axis_tdata_reg[24]/C
  -------------------------------------------------------------------    -------------------
                         FDRE (Prop_FDRE_C_Q)         0.038     0.051 r  u_event_cfg/m_axis_tdata_reg[24]/Q
                         net (fo=2, unset)            0.000     0.051    m_axis_tdata[24]
                                                                      r  m_axis_tdata[24] (OUT)
  -------------------------------------------------------------------    -------------------

Slack:                    inf
  Source:                 u_event_cfg/m_axis_tdata_reg[25]/C
                            (rising edge-triggered cell FDRE clocked by accelerator_clk  {rise@0.000ns fall@3.333ns period=6.667ns})
  Destination:            m_axis_tdata[25]
                            (output port)
  Path Group:             (none)
  Path Type:              Min at Fast Process Corner
  Data Path Delay:        0.038ns  (logic 0.038ns (100.000%)  route 0.000ns (0.000%))
  Logic Levels:           0  
  Clock Uncertainty:      0.025ns  ((TSJ^2 + TIJ^2)^1/2 + DJ) / 2 + PE
    Total System Jitter     (TSJ):    0.050ns
    Total Input Jitter      (TIJ):    0.000ns
    Discrete Jitter          (DJ):    0.000ns
    Phase Error              (PE):    0.000ns

    Location             Delay type                Incr(ns)  Path(ns)    Netlist Resource(s)
  -------------------------------------------------------------------    -------------------
                         (clock accelerator_clk rise edge)
                                                      0.000     0.000 r  
                                                      0.000     0.000 r  aclk (IN)
                         net (fo=3362, unset)         0.013     0.013    u_event_cfg/aclk
                         FDRE                                         r  u_event_cfg/m_axis_tdata_reg[25]/C
  -------------------------------------------------------------------    -------------------
                         FDRE (Prop_FDRE_C_Q)         0.038     0.051 r  u_event_cfg/m_axis_tdata_reg[25]/Q
                         net (fo=2, unset)            0.000     0.051    m_axis_tdata[25]
                                                                      r  m_axis_tdata[25] (OUT)
  -------------------------------------------------------------------    -------------------

Slack:                    inf
  Source:                 u_event_cfg/m_axis_tdata_reg[26]/C
                            (rising edge-triggered cell FDRE clocked by accelerator_clk  {rise@0.000ns fall@3.333ns period=6.667ns})
  Destination:            m_axis_tdata[26]
                            (output port)
  Path Group:             (none)
  Path Type:              Min at Fast Process Corner
  Data Path Delay:        0.038ns  (logic 0.038ns (100.000%)  route 0.000ns (0.000%))
  Logic Levels:           0  
  Clock Uncertainty:      0.025ns  ((TSJ^2 + TIJ^2)^1/2 + DJ) / 2 + PE
    Total System Jitter     (TSJ):    0.050ns
    Total Input Jitter      (TIJ):    0.000ns
    Discrete Jitter          (DJ):    0.000ns
    Phase Error              (PE):    0.000ns

    Location             Delay type                Incr(ns)  Path(ns)    Netlist Resource(s)
  -------------------------------------------------------------------    -------------------
                         (clock accelerator_clk rise edge)
                                                      0.000     0.000 r  
                                                      0.000     0.000 r  aclk (IN)
                         net (fo=3362, unset)         0.013     0.013    u_event_cfg/aclk
                         FDRE                                         r  u_event_cfg/m_axis_tdata_reg[26]/C
  -------------------------------------------------------------------    -------------------
                         FDRE (Prop_FDRE_C_Q)         0.038     0.051 r  u_event_cfg/m_axis_tdata_reg[26]/Q
                         net (fo=2, unset)            0.000     0.051    m_axis_tdata[26]
                                                                      r  m_axis_tdata[26] (OUT)
  -------------------------------------------------------------------    -------------------

Slack:                    inf
  Source:                 u_event_cfg/m_axis_tdata_reg[27]/C
                            (rising edge-triggered cell FDRE clocked by accelerator_clk  {rise@0.000ns fall@3.333ns period=6.667ns})
  Destination:            m_axis_tdata[27]
                            (output port)
  Path Group:             (none)
  Path Type:              Min at Fast Process Corner
  Data Path Delay:        0.038ns  (logic 0.038ns (100.000%)  route 0.000ns (0.000%))
  Logic Levels:           0  
  Clock Uncertainty:      0.025ns  ((TSJ^2 + TIJ^2)^1/2 + DJ) / 2 + PE
    Total System Jitter     (TSJ):    0.050ns
    Total Input Jitter      (TIJ):    0.000ns
    Discrete Jitter          (DJ):    0.000ns
    Phase Error              (PE):    0.000ns

    Location             Delay type                Incr(ns)  Path(ns)    Netlist Resource(s)
  -------------------------------------------------------------------    -------------------
                         (clock accelerator_clk rise edge)
                                                      0.000     0.000 r  
                                                      0.000     0.000 r  aclk (IN)
                         net (fo=3362, unset)         0.013     0.013    u_event_cfg/aclk
                         FDRE                                         r  u_event_cfg/m_axis_tdata_reg[27]/C
  -------------------------------------------------------------------    -------------------
                         FDRE (Prop_FDRE_C_Q)         0.038     0.051 r  u_event_cfg/m_axis_tdata_reg[27]/Q
                         net (fo=2, unset)            0.000     0.051    m_axis_tdata[27]
                                                                      r  m_axis_tdata[27] (OUT)
  -------------------------------------------------------------------    -------------------

Slack:                    inf
  Source:                 u_event_cfg/m_axis_tdata_reg[28]/C
                            (rising edge-triggered cell FDRE clocked by accelerator_clk  {rise@0.000ns fall@3.333ns period=6.667ns})
  Destination:            m_axis_tdata[28]
                            (output port)
  Path Group:             (none)
  Path Type:              Min at Fast Process Corner
  Data Path Delay:        0.038ns  (logic 0.038ns (100.000%)  route 0.000ns (0.000%))
  Logic Levels:           0  
  Clock Uncertainty:      0.025ns  ((TSJ^2 + TIJ^2)^1/2 + DJ) / 2 + PE
    Total System Jitter     (TSJ):    0.050ns
    Total Input Jitter      (TIJ):    0.000ns
    Discrete Jitter          (DJ):    0.000ns
    Phase Error              (PE):    0.000ns

    Location             Delay type                Incr(ns)  Path(ns)    Netlist Resource(s)
  -------------------------------------------------------------------    -------------------
                         (clock accelerator_clk rise edge)
                                                      0.000     0.000 r  
                                                      0.000     0.000 r  aclk (IN)
                         net (fo=3362, unset)         0.013     0.013    u_event_cfg/aclk
                         FDRE                                         r  u_event_cfg/m_axis_tdata_reg[28]/C
  -------------------------------------------------------------------    -------------------
                         FDRE (Prop_FDRE_C_Q)         0.038     0.051 r  u_event_cfg/m_axis_tdata_reg[28]/Q
                         net (fo=2, unset)            0.000     0.051    m_axis_tdata[28]
                                                                      r  m_axis_tdata[28] (OUT)
  -------------------------------------------------------------------    -------------------

Slack:                    inf
  Source:                 u_event_cfg/m_axis_tdata_reg[29]/C
                            (rising edge-triggered cell FDRE clocked by accelerator_clk  {rise@0.000ns fall@3.333ns period=6.667ns})
  Destination:            m_axis_tdata[29]
                            (output port)
  Path Group:             (none)
  Path Type:              Min at Fast Process Corner
  Data Path Delay:        0.038ns  (logic 0.038ns (100.000%)  route 0.000ns (0.000%))
  Logic Levels:           0  
  Clock Uncertainty:      0.025ns  ((TSJ^2 + TIJ^2)^1/2 + DJ) / 2 + PE
    Total System Jitter     (TSJ):    0.050ns
    Total Input Jitter      (TIJ):    0.000ns
    Discrete Jitter          (DJ):    0.000ns
    Phase Error              (PE):    0.000ns

    Location             Delay type                Incr(ns)  Path(ns)    Netlist Resource(s)
  -------------------------------------------------------------------    -------------------
                         (clock accelerator_clk rise edge)
                                                      0.000     0.000 r  
                                                      0.000     0.000 r  aclk (IN)
                         net (fo=3362, unset)         0.013     0.013    u_event_cfg/aclk
                         FDRE                                         r  u_event_cfg/m_axis_tdata_reg[29]/C
  -------------------------------------------------------------------    -------------------
                         FDRE (Prop_FDRE_C_Q)         0.038     0.051 r  u_event_cfg/m_axis_tdata_reg[29]/Q
                         net (fo=2, unset)            0.000     0.051    m_axis_tdata[29]
                                                                      r  m_axis_tdata[29] (OUT)
  -------------------------------------------------------------------    -------------------

Slack:                    inf
  Source:                 u_event_cfg/m_axis_tdata_reg[2]/C
                            (rising edge-triggered cell FDRE clocked by accelerator_clk  {rise@0.000ns fall@3.333ns period=6.667ns})
  Destination:            m_axis_tdata[2]
                            (output port)
  Path Group:             (none)
  Path Type:              Min at Fast Process Corner
  Data Path Delay:        0.038ns  (logic 0.038ns (100.000%)  route 0.000ns (0.000%))
  Logic Levels:           0  
  Clock Uncertainty:      0.025ns  ((TSJ^2 + TIJ^2)^1/2 + DJ) / 2 + PE
    Total System Jitter     (TSJ):    0.050ns
    Total Input Jitter      (TIJ):    0.000ns
    Discrete Jitter          (DJ):    0.000ns
    Phase Error              (PE):    0.000ns

    Location             Delay type                Incr(ns)  Path(ns)    Netlist Resource(s)
  -------------------------------------------------------------------    -------------------
                         (clock accelerator_clk rise edge)
                                                      0.000     0.000 r  
                                                      0.000     0.000 r  aclk (IN)
                         net (fo=3362, unset)         0.013     0.013    u_event_cfg/aclk
                         FDRE                                         r  u_event_cfg/m_axis_tdata_reg[2]/C
  -------------------------------------------------------------------    -------------------
                         FDRE (Prop_FDRE_C_Q)         0.038     0.051 r  u_event_cfg/m_axis_tdata_reg[2]/Q
                         net (fo=0)                   0.000     0.051    m_axis_tdata[2]
                                                                      r  m_axis_tdata[2] (OUT)
  -------------------------------------------------------------------    -------------------

Slack:                    inf
  Source:                 u_event_cfg/m_axis_tdata_reg[30]/C
                            (rising edge-triggered cell FDRE clocked by accelerator_clk  {rise@0.000ns fall@3.333ns period=6.667ns})
  Destination:            m_axis_tdata[30]
                            (output port)
  Path Group:             (none)
  Path Type:              Min at Fast Process Corner
  Data Path Delay:        0.038ns  (logic 0.038ns (100.000%)  route 0.000ns (0.000%))
  Logic Levels:           0  
  Clock Uncertainty:      0.025ns  ((TSJ^2 + TIJ^2)^1/2 + DJ) / 2 + PE
    Total System Jitter     (TSJ):    0.050ns
    Total Input Jitter      (TIJ):    0.000ns
    Discrete Jitter          (DJ):    0.000ns
    Phase Error              (PE):    0.000ns

    Location             Delay type                Incr(ns)  Path(ns)    Netlist Resource(s)
  -------------------------------------------------------------------    -------------------
                         (clock accelerator_clk rise edge)
                                                      0.000     0.000 r  
                                                      0.000     0.000 r  aclk (IN)
                         net (fo=3362, unset)         0.013     0.013    u_event_cfg/aclk
                         FDRE                                         r  u_event_cfg/m_axis_tdata_reg[30]/C
  -------------------------------------------------------------------    -------------------
                         FDRE (Prop_FDRE_C_Q)         0.038     0.051 r  u_event_cfg/m_axis_tdata_reg[30]/Q
                         net (fo=2, unset)            0.000     0.051    m_axis_tdata[30]
                                                                      r  m_axis_tdata[30] (OUT)
  -------------------------------------------------------------------    -------------------

Slack:                    inf
  Source:                 u_event_cfg/m_axis_tdata_reg[31]/C
                            (rising edge-triggered cell FDRE clocked by accelerator_clk  {rise@0.000ns fall@3.333ns period=6.667ns})
  Destination:            m_axis_tdata[31]
                            (output port)
  Path Group:             (none)
  Path Type:              Min at Fast Process Corner
  Data Path Delay:        0.038ns  (logic 0.038ns (100.000%)  route 0.000ns (0.000%))
  Logic Levels:           0  
  Clock Uncertainty:      0.025ns  ((TSJ^2 + TIJ^2)^1/2 + DJ) / 2 + PE
    Total System Jitter     (TSJ):    0.050ns
    Total Input Jitter      (TIJ):    0.000ns
    Discrete Jitter          (DJ):    0.000ns
    Phase Error              (PE):    0.000ns

    Location             Delay type                Incr(ns)  Path(ns)    Netlist Resource(s)
  -------------------------------------------------------------------    -------------------
                         (clock accelerator_clk rise edge)
                                                      0.000     0.000 r  
                                                      0.000     0.000 r  aclk (IN)
                         net (fo=3362, unset)         0.013     0.013    u_event_cfg/aclk
                         FDRE                                         r  u_event_cfg/m_axis_tdata_reg[31]/C
  -------------------------------------------------------------------    -------------------
                         FDRE (Prop_FDRE_C_Q)         0.038     0.051 r  u_event_cfg/m_axis_tdata_reg[31]/Q
                         net (fo=2, unset)            0.000     0.051    m_axis_tdata[31]
                                                                      r  m_axis_tdata[31] (OUT)
  -------------------------------------------------------------------    -------------------

Slack:                    inf
  Source:                 u_event_cfg/m_axis_tdata_reg[32]/C
                            (rising edge-triggered cell FDRE clocked by accelerator_clk  {rise@0.000ns fall@3.333ns period=6.667ns})
  Destination:            m_axis_tdata[32]
                            (output port)
  Path Group:             (none)
  Path Type:              Min at Fast Process Corner
  Data Path Delay:        0.038ns  (logic 0.038ns (100.000%)  route 0.000ns (0.000%))
  Logic Levels:           0  
  Clock Uncertainty:      0.025ns  ((TSJ^2 + TIJ^2)^1/2 + DJ) / 2 + PE
    Total System Jitter     (TSJ):    0.050ns
    Total Input Jitter      (TIJ):    0.000ns
    Discrete Jitter          (DJ):    0.000ns
    Phase Error              (PE):    0.000ns

    Location             Delay type                Incr(ns)  Path(ns)    Netlist Resource(s)
  -------------------------------------------------------------------    -------------------
                         (clock accelerator_clk rise edge)
                                                      0.000     0.000 r  
                                                      0.000     0.000 r  aclk (IN)
                         net (fo=3362, unset)         0.013     0.013    u_event_cfg/aclk
                         FDRE                                         r  u_event_cfg/m_axis_tdata_reg[32]/C
  -------------------------------------------------------------------    -------------------
                         FDRE (Prop_FDRE_C_Q)         0.038     0.051 r  u_event_cfg/m_axis_tdata_reg[32]/Q
                         net (fo=2, unset)            0.000     0.051    m_axis_tdata[32]
                                                                      r  m_axis_tdata[32] (OUT)
  -------------------------------------------------------------------    -------------------

Slack:                    inf
  Source:                 u_event_cfg/m_axis_tdata_reg[33]/C
                            (rising edge-triggered cell FDRE clocked by accelerator_clk  {rise@0.000ns fall@3.333ns period=6.667ns})
  Destination:            m_axis_tdata[33]
                            (output port)
  Path Group:             (none)
  Path Type:              Min at Fast Process Corner
  Data Path Delay:        0.038ns  (logic 0.038ns (100.000%)  route 0.000ns (0.000%))
  Logic Levels:           0  
  Clock Uncertainty:      0.025ns  ((TSJ^2 + TIJ^2)^1/2 + DJ) / 2 + PE
    Total System Jitter     (TSJ):    0.050ns
    Total Input Jitter      (TIJ):    0.000ns
    Discrete Jitter          (DJ):    0.000ns
    Phase Error              (PE):    0.000ns

    Location             Delay type                Incr(ns)  Path(ns)    Netlist Resource(s)
  -------------------------------------------------------------------    -------------------
                         (clock accelerator_clk rise edge)
                                                      0.000     0.000 r  
                                                      0.000     0.000 r  aclk (IN)
                         net (fo=3362, unset)         0.013     0.013    u_event_cfg/aclk
                         FDRE                                         r  u_event_cfg/m_axis_tdata_reg[33]/C
  -------------------------------------------------------------------    -------------------
                         FDRE (Prop_FDRE_C_Q)         0.038     0.051 r  u_event_cfg/m_axis_tdata_reg[33]/Q
                         net (fo=2, unset)            0.000     0.051    m_axis_tdata[33]
                                                                      r  m_axis_tdata[33] (OUT)
  -------------------------------------------------------------------    -------------------

Slack:                    inf
  Source:                 u_event_cfg/m_axis_tdata_reg[34]/C
                            (rising edge-triggered cell FDRE clocked by accelerator_clk  {rise@0.000ns fall@3.333ns period=6.667ns})
  Destination:            m_axis_tdata[34]
                            (output port)
  Path Group:             (none)
  Path Type:              Min at Fast Process Corner
  Data Path Delay:        0.038ns  (logic 0.038ns (100.000%)  route 0.000ns (0.000%))
  Logic Levels:           0  
  Clock Uncertainty:      0.025ns  ((TSJ^2 + TIJ^2)^1/2 + DJ) / 2 + PE
    Total System Jitter     (TSJ):    0.050ns
    Total Input Jitter      (TIJ):    0.000ns
    Discrete Jitter          (DJ):    0.000ns
    Phase Error              (PE):    0.000ns

    Location             Delay type                Incr(ns)  Path(ns)    Netlist Resource(s)
  -------------------------------------------------------------------    -------------------
                         (clock accelerator_clk rise edge)
                                                      0.000     0.000 r  
                                                      0.000     0.000 r  aclk (IN)
                         net (fo=3362, unset)         0.013     0.013    u_event_cfg/aclk
                         FDRE                                         r  u_event_cfg/m_axis_tdata_reg[34]/C
  -------------------------------------------------------------------    -------------------
                         FDRE (Prop_FDRE_C_Q)         0.038     0.051 r  u_event_cfg/m_axis_tdata_reg[34]/Q
                         net (fo=2, unset)            0.000     0.051    m_axis_tdata[34]
                                                                      r  m_axis_tdata[34] (OUT)
  -------------------------------------------------------------------    -------------------

Slack:                    inf
  Source:                 u_event_cfg/m_axis_tdata_reg[35]/C
                            (rising edge-triggered cell FDRE clocked by accelerator_clk  {rise@0.000ns fall@3.333ns period=6.667ns})
  Destination:            m_axis_tdata[35]
                            (output port)
  Path Group:             (none)
  Path Type:              Min at Fast Process Corner
  Data Path Delay:        0.038ns  (logic 0.038ns (100.000%)  route 0.000ns (0.000%))
  Logic Levels:           0  
  Clock Uncertainty:      0.025ns  ((TSJ^2 + TIJ^2)^1/2 + DJ) / 2 + PE
    Total System Jitter     (TSJ):    0.050ns
    Total Input Jitter      (TIJ):    0.000ns
    Discrete Jitter          (DJ):    0.000ns
    Phase Error              (PE):    0.000ns

    Location             Delay type                Incr(ns)  Path(ns)    Netlist Resource(s)
  -------------------------------------------------------------------    -------------------
                         (clock accelerator_clk rise edge)
                                                      0.000     0.000 r  
                                                      0.000     0.000 r  aclk (IN)
                         net (fo=3362, unset)         0.013     0.013    u_event_cfg/aclk
                         FDRE                                         r  u_event_cfg/m_axis_tdata_reg[35]/C
  -------------------------------------------------------------------    -------------------
                         FDRE (Prop_FDRE_C_Q)         0.038     0.051 r  u_event_cfg/m_axis_tdata_reg[35]/Q
                         net (fo=2, unset)            0.000     0.051    m_axis_tdata[35]
                                                                      r  m_axis_tdata[35] (OUT)
  -------------------------------------------------------------------    -------------------

Slack:                    inf
  Source:                 u_event_cfg/m_axis_tdata_reg[36]/C
                            (rising edge-triggered cell FDRE clocked by accelerator_clk  {rise@0.000ns fall@3.333ns period=6.667ns})
  Destination:            m_axis_tdata[36]
                            (output port)
  Path Group:             (none)
  Path Type:              Min at Fast Process Corner
  Data Path Delay:        0.038ns  (logic 0.038ns (100.000%)  route 0.000ns (0.000%))
  Logic Levels:           0  
  Clock Uncertainty:      0.025ns  ((TSJ^2 + TIJ^2)^1/2 + DJ) / 2 + PE
    Total System Jitter     (TSJ):    0.050ns
    Total Input Jitter      (TIJ):    0.000ns
    Discrete Jitter          (DJ):    0.000ns
    Phase Error              (PE):    0.000ns

    Location             Delay type                Incr(ns)  Path(ns)    Netlist Resource(s)
  -------------------------------------------------------------------    -------------------
                         (clock accelerator_clk rise edge)
                                                      0.000     0.000 r  
                                                      0.000     0.000 r  aclk (IN)
                         net (fo=3362, unset)         0.013     0.013    u_event_cfg/aclk
                         FDRE                                         r  u_event_cfg/m_axis_tdata_reg[36]/C
  -------------------------------------------------------------------    -------------------
                         FDRE (Prop_FDRE_C_Q)         0.038     0.051 r  u_event_cfg/m_axis_tdata_reg[36]/Q
                         net (fo=2, unset)            0.000     0.051    m_axis_tdata[36]
                                                                      r  m_axis_tdata[36] (OUT)
  -------------------------------------------------------------------    -------------------





--------------------------------------------------------------------------------------
Path Group:  (none)
From Clock:  
  To Clock:  accelerator_clk

Max Delay          6321 Endpoints
Min Delay          6321 Endpoints
--------------------------------------------------------------------------------------


Max Delay Paths
--------------------------------------------------------------------------------------
Slack:                    inf
  Source:                 m_axis_tready
                            (input port)
  Destination:            inflight_count_reg[31]/D
                            (rising edge-triggered cell FDRE clocked by accelerator_clk  {rise@0.000ns fall@3.333ns period=6.667ns})
  Path Group:             (none)
  Path Type:              Setup (Max at Slow Process Corner)
  Data Path Delay:        1.187ns  (logic 0.595ns (50.126%)  route 0.592ns (49.874%))
  Logic Levels:           7  (CARRY8=4 LUT2=1 LUT5=1 LUT6=1)
  Clock Path Skew:        0.021ns (DCD - SCD + CPR)
    Destination Clock Delay (DCD):    0.021ns
    Source Clock Delay      (SCD):    0.000ns
    Clock Pessimism Removal (CPR):    0.000ns
  Clock Uncertainty:      0.025ns  ((TSJ^2 + TIJ^2)^1/2 + DJ) / 2 + PE
    Total System Jitter     (TSJ):    0.050ns
    Total Input Jitter      (TIJ):    0.000ns
    Discrete Jitter          (DJ):    0.000ns
    Phase Error              (PE):    0.000ns

    Location             Delay type                Incr(ns)  Path(ns)    Netlist Resource(s)
  -------------------------------------------------------------------    -------------------
                                                      0.000     0.000 r  m_axis_tready (IN)
                         net (fo=12, unset)           0.000     0.000    u_event_cfg/m_axis_tready
                         LUT5 (Prop_LUT5_I0_O)        0.163     0.163 r  u_event_cfg/s_axis_tready_INST_0_i_1/O
                         net (fo=77, unplaced)        0.266     0.429    u_axil_regs/advance
                         LUT6 (Prop_LUT6_I4_O)        0.038     0.467 r  u_axil_regs/sample_count[0]_i_2/O
                         net (fo=65, unplaced)        0.262     0.729    u_axil_regs/p_0_in[0]
                         LUT2 (Prop_LUT2_I0_O)        0.037     0.766 r  u_axil_regs/inflight_count[0]_i_11/O
                         net (fo=1, unplaced)         0.023     0.789    u_axil_regs/inflight_count[0]_i_11_n_0
                         CARRY8 (Prop_CARRY8_S[1]_CO[7])
                                                      0.197     0.986 r  u_axil_regs/inflight_count_reg[0]_i_2/CO[7]
                         net (fo=1, unplaced)         0.005     0.991    u_axil_regs/inflight_count_reg[0]_i_2_n_0
                         CARRY8 (Prop_CARRY8_CI_CO[7])
                                                      0.022     1.013 r  u_axil_regs/inflight_count_reg[8]_i_1/CO[7]
                         net (fo=1, unplaced)         0.005     1.018    u_axil_regs/inflight_count_reg[8]_i_1_n_0
                         CARRY8 (Prop_CARRY8_CI_CO[7])
                                                      0.022     1.040 r  u_axil_regs/inflight_count_reg[16]_i_1/CO[7]
                         net (fo=1, unplaced)         0.005     1.045    u_axil_regs/inflight_count_reg[16]_i_1_n_0
                         CARRY8 (Prop_CARRY8_CI_O[7])
                                                      0.116     1.161 r  u_axil_regs/inflight_count_reg[24]_i_1/O[7]
                         net (fo=1, unplaced)         0.026     1.187    u_axil_regs_n_108
                         FDRE                                         r  inflight_count_reg[31]/D
  -------------------------------------------------------------------    -------------------

                         (clock accelerator_clk rise edge)
                                                      0.000     0.000 r  
                                                      0.000     0.000 r  aclk (IN)
                         net (fo=3362, unset)         0.021     0.021    aclk
                         FDRE                                         r  inflight_count_reg[31]/C

Slack:                    inf
  Source:                 m_axis_tready
                            (input port)
  Destination:            inflight_count_reg[29]/D
                            (rising edge-triggered cell FDRE clocked by accelerator_clk  {rise@0.000ns fall@3.333ns period=6.667ns})
  Path Group:             (none)
  Path Type:              Setup (Max at Slow Process Corner)
  Data Path Delay:        1.186ns  (logic 0.595ns (50.169%)  route 0.591ns (49.831%))
  Logic Levels:           7  (CARRY8=4 LUT2=1 LUT5=1 LUT6=1)
  Clock Path Skew:        0.021ns (DCD - SCD + CPR)
    Destination Clock Delay (DCD):    0.021ns
    Source Clock Delay      (SCD):    0.000ns
    Clock Pessimism Removal (CPR):    0.000ns
  Clock Uncertainty:      0.025ns  ((TSJ^2 + TIJ^2)^1/2 + DJ) / 2 + PE
    Total System Jitter     (TSJ):    0.050ns
    Total Input Jitter      (TIJ):    0.000ns
    Discrete Jitter          (DJ):    0.000ns
    Phase Error              (PE):    0.000ns

    Location             Delay type                Incr(ns)  Path(ns)    Netlist Resource(s)
  -------------------------------------------------------------------    -------------------
                                                      0.000     0.000 r  m_axis_tready (IN)
                         net (fo=12, unset)           0.000     0.000    u_event_cfg/m_axis_tready
                         LUT5 (Prop_LUT5_I0_O)        0.163     0.163 r  u_event_cfg/s_axis_tready_INST_0_i_1/O
                         net (fo=77, unplaced)        0.266     0.429    u_axil_regs/advance
                         LUT6 (Prop_LUT6_I4_O)        0.038     0.467 r  u_axil_regs/sample_count[0]_i_2/O
                         net (fo=65, unplaced)        0.262     0.729    u_axil_regs/p_0_in[0]
                         LUT2 (Prop_LUT2_I0_O)        0.037     0.766 r  u_axil_regs/inflight_count[0]_i_11/O
                         net (fo=1, unplaced)         0.023     0.789    u_axil_regs/inflight_count[0]_i_11_n_0
                         CARRY8 (Prop_CARRY8_S[1]_CO[7])
                                                      0.197     0.986 r  u_axil_regs/inflight_count_reg[0]_i_2/CO[7]
                         net (fo=1, unplaced)         0.005     0.991    u_axil_regs/inflight_count_reg[0]_i_2_n_0
                         CARRY8 (Prop_CARRY8_CI_CO[7])
                                                      0.022     1.013 r  u_axil_regs/inflight_count_reg[8]_i_1/CO[7]
                         net (fo=1, unplaced)         0.005     1.018    u_axil_regs/inflight_count_reg[8]_i_1_n_0
                         CARRY8 (Prop_CARRY8_CI_CO[7])
                                                      0.022     1.040 r  u_axil_regs/inflight_count_reg[16]_i_1/CO[7]
                         net (fo=1, unplaced)         0.005     1.045    u_axil_regs/inflight_count_reg[16]_i_1_n_0
                         CARRY8 (Prop_CARRY8_CI_O[5])
                                                      0.116     1.161 r  u_axil_regs/inflight_count_reg[24]_i_1/O[5]
                         net (fo=1, unplaced)         0.025     1.186    u_axil_regs_n_110
                         FDRE                                         r  inflight_count_reg[29]/D
  -------------------------------------------------------------------    -------------------

                         (clock accelerator_clk rise edge)
                                                      0.000     0.000 r  
                                                      0.000     0.000 r  aclk (IN)
                         net (fo=3362, unset)         0.021     0.021    aclk
                         FDRE                                         r  inflight_count_reg[29]/C

Slack:                    inf
  Source:                 m_axis_tready
                            (input port)
  Destination:            inflight_count_reg[30]/D
                            (rising edge-triggered cell FDRE clocked by accelerator_clk  {rise@0.000ns fall@3.333ns period=6.667ns})
  Path Group:             (none)
  Path Type:              Setup (Max at Slow Process Corner)
  Data Path Delay:        1.174ns  (logic 0.582ns (49.574%)  route 0.592ns (50.426%))
  Logic Levels:           7  (CARRY8=4 LUT2=1 LUT5=1 LUT6=1)
  Clock Path Skew:        0.021ns (DCD - SCD + CPR)
    Destination Clock Delay (DCD):    0.021ns
    Source Clock Delay      (SCD):    0.000ns
    Clock Pessimism Removal (CPR):    0.000ns
  Clock Uncertainty:      0.025ns  ((TSJ^2 + TIJ^2)^1/2 + DJ) / 2 + PE
    Total System Jitter     (TSJ):    0.050ns
    Total Input Jitter      (TIJ):    0.000ns
    Discrete Jitter          (DJ):    0.000ns
    Phase Error              (PE):    0.000ns

    Location             Delay type                Incr(ns)  Path(ns)    Netlist Resource(s)
  -------------------------------------------------------------------    -------------------
                                                      0.000     0.000 r  m_axis_tready (IN)
                         net (fo=12, unset)           0.000     0.000    u_event_cfg/m_axis_tready
                         LUT5 (Prop_LUT5_I0_O)        0.163     0.163 r  u_event_cfg/s_axis_tready_INST_0_i_1/O
                         net (fo=77, unplaced)        0.266     0.429    u_axil_regs/advance
                         LUT6 (Prop_LUT6_I4_O)        0.038     0.467 r  u_axil_regs/sample_count[0]_i_2/O
                         net (fo=65, unplaced)        0.262     0.729    u_axil_regs/p_0_in[0]
                         LUT2 (Prop_LUT2_I0_O)        0.037     0.766 r  u_axil_regs/inflight_count[0]_i_11/O
                         net (fo=1, unplaced)         0.023     0.789    u_axil_regs/inflight_count[0]_i_11_n_0
                         CARRY8 (Prop_CARRY8_S[1]_CO[7])
                                                      0.197     0.986 r  u_axil_regs/inflight_count_reg[0]_i_2/CO[7]
                         net (fo=1, unplaced)         0.005     0.991    u_axil_regs/inflight_count_reg[0]_i_2_n_0
                         CARRY8 (Prop_CARRY8_CI_CO[7])
                                                      0.022     1.013 r  u_axil_regs/inflight_count_reg[8]_i_1/CO[7]
                         net (fo=1, unplaced)         0.005     1.018    u_axil_regs/inflight_count_reg[8]_i_1_n_0
                         CARRY8 (Prop_CARRY8_CI_CO[7])
                                                      0.022     1.040 r  u_axil_regs/inflight_count_reg[16]_i_1/CO[7]
                         net (fo=1, unplaced)         0.005     1.045    u_axil_regs/inflight_count_reg[16]_i_1_n_0
                         CARRY8 (Prop_CARRY8_CI_O[6])
                                                      0.103     1.148 r  u_axil_regs/inflight_count_reg[24]_i_1/O[6]
                         net (fo=1, unplaced)         0.026     1.174    u_axil_regs_n_109
                         FDRE                                         r  inflight_count_reg[30]/D
  -------------------------------------------------------------------    -------------------

                         (clock accelerator_clk rise edge)
                                                      0.000     0.000 r  
                                                      0.000     0.000 r  aclk (IN)
                         net (fo=3362, unset)         0.021     0.021    aclk
                         FDRE                                         r  inflight_count_reg[30]/C

Slack:                    inf
  Source:                 m_axis_tready
                            (input port)
  Destination:            inflight_count_reg[23]/D
                            (rising edge-triggered cell FDRE clocked by accelerator_clk  {rise@0.000ns fall@3.333ns period=6.667ns})
  Path Group:             (none)
  Path Type:              Setup (Max at Slow Process Corner)
  Data Path Delay:        1.160ns  (logic 0.573ns (49.397%)  route 0.587ns (50.603%))
  Logic Levels:           6  (CARRY8=3 LUT2=1 LUT5=1 LUT6=1)
  Clock Path Skew:        0.021ns (DCD - SCD + CPR)
    Destination Clock Delay (DCD):    0.021ns
    Source Clock Delay      (SCD):    0.000ns
    Clock Pessimism Removal (CPR):    0.000ns
  Clock Uncertainty:      0.025ns  ((TSJ^2 + TIJ^2)^1/2 + DJ) / 2 + PE
    Total System Jitter     (TSJ):    0.050ns
    Total Input Jitter      (TIJ):    0.000ns
    Discrete Jitter          (DJ):    0.000ns
    Phase Error              (PE):    0.000ns

    Location             Delay type                Incr(ns)  Path(ns)    Netlist Resource(s)
  -------------------------------------------------------------------    -------------------
                                                      0.000     0.000 r  m_axis_tready (IN)
                         net (fo=12, unset)           0.000     0.000    u_event_cfg/m_axis_tready
                         LUT5 (Prop_LUT5_I0_O)        0.163     0.163 r  u_event_cfg/s_axis_tready_INST_0_i_1/O
                         net (fo=77, unplaced)        0.266     0.429    u_axil_regs/advance
                         LUT6 (Prop_LUT6_I4_O)        0.038     0.467 r  u_axil_regs/sample_count[0]_i_2/O
                         net (fo=65, unplaced)        0.262     0.729    u_axil_regs/p_0_in[0]
                         LUT2 (Prop_LUT2_I0_O)        0.037     0.766 r  u_axil_regs/inflight_count[0]_i_11/O
                         net (fo=1, unplaced)         0.023     0.789    u_axil_regs/inflight_count[0]_i_11_n_0
                         CARRY8 (Prop_CARRY8_S[1]_CO[7])
                                                      0.197     0.986 r  u_axil_regs/inflight_count_reg[0]_i_2/CO[7]
                         net (fo=1, unplaced)         0.005     0.991    u_axil_regs/inflight_count_reg[0]_i_2_n_0
                         CARRY8 (Prop_CARRY8_CI_CO[7])
                                                      0.022     1.013 r  u_axil_regs/inflight_count_reg[8]_i_1/CO[7]
                         net (fo=1, unplaced)         0.005     1.018    u_axil_regs/inflight_count_reg[8]_i_1_n_0
                         CARRY8 (Prop_CARRY8_CI_O[7])
                                                      0.116     1.134 r  u_axil_regs/inflight_count_reg[16]_i_1/O[7]
                         net (fo=1, unplaced)         0.026     1.160    u_axil_regs_n_100
                         FDRE                                         r  inflight_count_reg[23]/D
  -------------------------------------------------------------------    -------------------

                         (clock accelerator_clk rise edge)
                                                      0.000     0.000 r  
                                                      0.000     0.000 r  aclk (IN)
                         net (fo=3362, unset)         0.021     0.021    aclk
                         FDRE                                         r  inflight_count_reg[23]/C

Slack:                    inf
  Source:                 m_axis_tready
                            (input port)
  Destination:            inflight_count_reg[21]/D
                            (rising edge-triggered cell FDRE clocked by accelerator_clk  {rise@0.000ns fall@3.333ns period=6.667ns})
  Path Group:             (none)
  Path Type:              Setup (Max at Slow Process Corner)
  Data Path Delay:        1.159ns  (logic 0.573ns (49.439%)  route 0.586ns (50.561%))
  Logic Levels:           6  (CARRY8=3 LUT2=1 LUT5=1 LUT6=1)
  Clock Path Skew:        0.021ns (DCD - SCD + CPR)
    Destination Clock Delay (DCD):    0.021ns
    Source Clock Delay      (SCD):    0.000ns
    Clock Pessimism Removal (CPR):    0.000ns
  Clock Uncertainty:      0.025ns  ((TSJ^2 + TIJ^2)^1/2 + DJ) / 2 + PE
    Total System Jitter     (TSJ):    0.050ns
    Total Input Jitter      (TIJ):    0.000ns
    Discrete Jitter          (DJ):    0.000ns
    Phase Error              (PE):    0.000ns

    Location             Delay type                Incr(ns)  Path(ns)    Netlist Resource(s)
  -------------------------------------------------------------------    -------------------
                                                      0.000     0.000 r  m_axis_tready (IN)
                         net (fo=12, unset)           0.000     0.000    u_event_cfg/m_axis_tready
                         LUT5 (Prop_LUT5_I0_O)        0.163     0.163 r  u_event_cfg/s_axis_tready_INST_0_i_1/O
                         net (fo=77, unplaced)        0.266     0.429    u_axil_regs/advance
                         LUT6 (Prop_LUT6_I4_O)        0.038     0.467 r  u_axil_regs/sample_count[0]_i_2/O
                         net (fo=65, unplaced)        0.262     0.729    u_axil_regs/p_0_in[0]
                         LUT2 (Prop_LUT2_I0_O)        0.037     0.766 r  u_axil_regs/inflight_count[0]_i_11/O
                         net (fo=1, unplaced)         0.023     0.789    u_axil_regs/inflight_count[0]_i_11_n_0
                         CARRY8 (Prop_CARRY8_S[1]_CO[7])
                                                      0.197     0.986 r  u_axil_regs/inflight_count_reg[0]_i_2/CO[7]
                         net (fo=1, unplaced)         0.005     0.991    u_axil_regs/inflight_count_reg[0]_i_2_n_0
                         CARRY8 (Prop_CARRY8_CI_CO[7])
                                                      0.022     1.013 r  u_axil_regs/inflight_count_reg[8]_i_1/CO[7]
                         net (fo=1, unplaced)         0.005     1.018    u_axil_regs/inflight_count_reg[8]_i_1_n_0
                         CARRY8 (Prop_CARRY8_CI_O[5])
                                                      0.116     1.134 r  u_axil_regs/inflight_count_reg[16]_i_1/O[5]
                         net (fo=1, unplaced)         0.025     1.159    u_axil_regs_n_102
                         FDRE                                         r  inflight_count_reg[21]/D
  -------------------------------------------------------------------    -------------------

                         (clock accelerator_clk rise edge)
                                                      0.000     0.000 r  
                                                      0.000     0.000 r  aclk (IN)
                         net (fo=3362, unset)         0.021     0.021    aclk
                         FDRE                                         r  inflight_count_reg[21]/C

Slack:                    inf
  Source:                 m_axis_tready
                            (input port)
  Destination:            inflight_count_reg[28]/D
                            (rising edge-triggered cell FDRE clocked by accelerator_clk  {rise@0.000ns fall@3.333ns period=6.667ns})
  Path Group:             (none)
  Path Type:              Setup (Max at Slow Process Corner)
  Data Path Delay:        1.156ns  (logic 0.565ns (48.875%)  route 0.591ns (51.125%))
  Logic Levels:           7  (CARRY8=4 LUT2=1 LUT5=1 LUT6=1)
  Clock Path Skew:        0.021ns (DCD - SCD + CPR)
    Destination Clock Delay (DCD):    0.021ns
    Source Clock Delay      (SCD):    0.000ns
    Clock Pessimism Removal (CPR):    0.000ns
  Clock Uncertainty:      0.025ns  ((TSJ^2 + TIJ^2)^1/2 + DJ) / 2 + PE
    Total System Jitter     (TSJ):    0.050ns
    Total Input Jitter      (TIJ):    0.000ns
    Discrete Jitter          (DJ):    0.000ns
    Phase Error              (PE):    0.000ns

    Location             Delay type                Incr(ns)  Path(ns)    Netlist Resource(s)
  -------------------------------------------------------------------    -------------------
                                                      0.000     0.000 r  m_axis_tready (IN)
                         net (fo=12, unset)           0.000     0.000    u_event_cfg/m_axis_tready
                         LUT5 (Prop_LUT5_I0_O)        0.163     0.163 r  u_event_cfg/s_axis_tready_INST_0_i_1/O
                         net (fo=77, unplaced)        0.266     0.429    u_axil_regs/advance
                         LUT6 (Prop_LUT6_I4_O)        0.038     0.467 r  u_axil_regs/sample_count[0]_i_2/O
                         net (fo=65, unplaced)        0.262     0.729    u_axil_regs/p_0_in[0]
                         LUT2 (Prop_LUT2_I0_O)        0.037     0.766 r  u_axil_regs/inflight_count[0]_i_11/O
                         net (fo=1, unplaced)         0.023     0.789    u_axil_regs/inflight_count[0]_i_11_n_0
                         CARRY8 (Prop_CARRY8_S[1]_CO[7])
                                                      0.197     0.986 r  u_axil_regs/inflight_count_reg[0]_i_2/CO[7]
                         net (fo=1, unplaced)         0.005     0.991    u_axil_regs/inflight_count_reg[0]_i_2_n_0
                         CARRY8 (Prop_CARRY8_CI_CO[7])
                                                      0.022     1.013 r  u_axil_regs/inflight_count_reg[8]_i_1/CO[7]
                         net (fo=1, unplaced)         0.005     1.018    u_axil_regs/inflight_count_reg[8]_i_1_n_0
                         CARRY8 (Prop_CARRY8_CI_CO[7])
                                                      0.022     1.040 r  u_axil_regs/inflight_count_reg[16]_i_1/CO[7]
                         net (fo=1, unplaced)         0.005     1.045    u_axil_regs/inflight_count_reg[16]_i_1_n_0
                         CARRY8 (Prop_CARRY8_CI_O[4])
                                                      0.086     1.131 r  u_axil_regs/inflight_count_reg[24]_i_1/O[4]
                         net (fo=1, unplaced)         0.025     1.156    u_axil_regs_n_111
                         FDRE                                         r  inflight_count_reg[28]/D
  -------------------------------------------------------------------    -------------------

                         (clock accelerator_clk rise edge)
                                                      0.000     0.000 r  
                                                      0.000     0.000 r  aclk (IN)
                         net (fo=3362, unset)         0.021     0.021    aclk
                         FDRE                                         r  inflight_count_reg[28]/C

Slack:                    inf
  Source:                 m_axis_tready
                            (input port)
  Destination:            inflight_count_reg[27]/D
                            (rising edge-triggered cell FDRE clocked by accelerator_clk  {rise@0.000ns fall@3.333ns period=6.667ns})
  Path Group:             (none)
  Path Type:              Setup (Max at Slow Process Corner)
  Data Path Delay:        1.153ns  (logic 0.561ns (48.656%)  route 0.592ns (51.344%))
  Logic Levels:           7  (CARRY8=4 LUT2=1 LUT5=1 LUT6=1)
  Clock Path Skew:        0.021ns (DCD - SCD + CPR)
    Destination Clock Delay (DCD):    0.021ns
    Source Clock Delay      (SCD):    0.000ns
    Clock Pessimism Removal (CPR):    0.000ns
  Clock Uncertainty:      0.025ns  ((TSJ^2 + TIJ^2)^1/2 + DJ) / 2 + PE
    Total System Jitter     (TSJ):    0.050ns
    Total Input Jitter      (TIJ):    0.000ns
    Discrete Jitter          (DJ):    0.000ns
    Phase Error              (PE):    0.000ns

    Location             Delay type                Incr(ns)  Path(ns)    Netlist Resource(s)
  -------------------------------------------------------------------    -------------------
                                                      0.000     0.000 r  m_axis_tready (IN)
                         net (fo=12, unset)           0.000     0.000    u_event_cfg/m_axis_tready
                         LUT5 (Prop_LUT5_I0_O)        0.163     0.163 r  u_event_cfg/s_axis_tready_INST_0_i_1/O
                         net (fo=77, unplaced)        0.266     0.429    u_axil_regs/advance
                         LUT6 (Prop_LUT6_I4_O)        0.038     0.467 r  u_axil_regs/sample_count[0]_i_2/O
                         net (fo=65, unplaced)        0.262     0.729    u_axil_regs/p_0_in[0]
                         LUT2 (Prop_LUT2_I0_O)        0.037     0.766 r  u_axil_regs/inflight_count[0]_i_11/O
                         net (fo=1, unplaced)         0.023     0.789    u_axil_regs/inflight_count[0]_i_11_n_0
                         CARRY8 (Prop_CARRY8_S[1]_CO[7])
                                                      0.197     0.986 r  u_axil_regs/inflight_count_reg[0]_i_2/CO[7]
                         net (fo=1, unplaced)         0.005     0.991    u_axil_regs/inflight_count_reg[0]_i_2_n_0
                         CARRY8 (Prop_CARRY8_CI_CO[7])
                                                      0.022     1.013 r  u_axil_regs/inflight_count_reg[8]_i_1/CO[7]
                         net (fo=1, unplaced)         0.005     1.018    u_axil_regs/inflight_count_reg[8]_i_1_n_0
                         CARRY8 (Prop_CARRY8_CI_CO[7])
                                                      0.022     1.040 r  u_axil_regs/inflight_count_reg[16]_i_1/CO[7]
                         net (fo=1, unplaced)         0.005     1.045    u_axil_regs/inflight_count_reg[16]_i_1_n_0
                         CARRY8 (Prop_CARRY8_CI_O[3])
                                                      0.082     1.127 r  u_axil_regs/inflight_count_reg[24]_i_1/O[3]
                         net (fo=1, unplaced)         0.026     1.153    u_axil_regs_n_112
                         FDRE                                         r  inflight_count_reg[27]/D
  -------------------------------------------------------------------    -------------------

                         (clock accelerator_clk rise edge)
                                                      0.000     0.000 r  
                                                      0.000     0.000 r  aclk (IN)
                         net (fo=3362, unset)         0.021     0.021    aclk
                         FDRE                                         r  inflight_count_reg[27]/C

Slack:                    inf
  Source:                 m_axis_tready
                            (input port)
  Destination:            inflight_count_reg[22]/D
                            (rising edge-triggered cell FDRE clocked by accelerator_clk  {rise@0.000ns fall@3.333ns period=6.667ns})
  Path Group:             (none)
  Path Type:              Setup (Max at Slow Process Corner)
  Data Path Delay:        1.147ns  (logic 0.560ns (48.823%)  route 0.587ns (51.177%))
  Logic Levels:           6  (CARRY8=3 LUT2=1 LUT5=1 LUT6=1)
  Clock Path Skew:        0.021ns (DCD - SCD + CPR)
    Destination Clock Delay (DCD):    0.021ns
    Source Clock Delay      (SCD):    0.000ns
    Clock Pessimism Removal (CPR):    0.000ns
  Clock Uncertainty:      0.025ns  ((TSJ^2 + TIJ^2)^1/2 + DJ) / 2 + PE
    Total System Jitter     (TSJ):    0.050ns
    Total Input Jitter      (TIJ):    0.000ns
    Discrete Jitter          (DJ):    0.000ns
    Phase Error              (PE):    0.000ns

    Location             Delay type                Incr(ns)  Path(ns)    Netlist Resource(s)
  -------------------------------------------------------------------    -------------------
                                                      0.000     0.000 r  m_axis_tready (IN)
                         net (fo=12, unset)           0.000     0.000    u_event_cfg/m_axis_tready
                         LUT5 (Prop_LUT5_I0_O)        0.163     0.163 r  u_event_cfg/s_axis_tready_INST_0_i_1/O
                         net (fo=77, unplaced)        0.266     0.429    u_axil_regs/advance
                         LUT6 (Prop_LUT6_I4_O)        0.038     0.467 r  u_axil_regs/sample_count[0]_i_2/O
                         net (fo=65, unplaced)        0.262     0.729    u_axil_regs/p_0_in[0]
                         LUT2 (Prop_LUT2_I0_O)        0.037     0.766 r  u_axil_regs/inflight_count[0]_i_11/O
                         net (fo=1, unplaced)         0.023     0.789    u_axil_regs/inflight_count[0]_i_11_n_0
                         CARRY8 (Prop_CARRY8_S[1]_CO[7])
                                                      0.197     0.986 r  u_axil_regs/inflight_count_reg[0]_i_2/CO[7]
                         net (fo=1, unplaced)         0.005     0.991    u_axil_regs/inflight_count_reg[0]_i_2_n_0
                         CARRY8 (Prop_CARRY8_CI_CO[7])
                                                      0.022     1.013 r  u_axil_regs/inflight_count_reg[8]_i_1/CO[7]
                         net (fo=1, unplaced)         0.005     1.018    u_axil_regs/inflight_count_reg[8]_i_1_n_0
                         CARRY8 (Prop_CARRY8_CI_O[6])
                                                      0.103     1.121 r  u_axil_regs/inflight_count_reg[16]_i_1/O[6]
                         net (fo=1, unplaced)         0.026     1.147    u_axil_regs_n_101
                         FDRE                                         r  inflight_count_reg[22]/D
  -------------------------------------------------------------------    -------------------

                         (clock accelerator_clk rise edge)
                                                      0.000     0.000 r  
                                                      0.000     0.000 r  aclk (IN)
                         net (fo=3362, unset)         0.021     0.021    aclk
                         FDRE                                         r  inflight_count_reg[22]/C

Slack:                    inf
  Source:                 m_axis_tready
                            (input port)
  Destination:            inflight_count_reg[25]/D
                            (rising edge-triggered cell FDRE clocked by accelerator_clk  {rise@0.000ns fall@3.333ns period=6.667ns})
  Path Group:             (none)
  Path Type:              Setup (Max at Slow Process Corner)
  Data Path Delay:        1.146ns  (logic 0.555ns (48.429%)  route 0.591ns (51.571%))
  Logic Levels:           7  (CARRY8=4 LUT2=1 LUT5=1 LUT6=1)
  Clock Path Skew:        0.021ns (DCD - SCD + CPR)
    Destination Clock Delay (DCD):    0.021ns
    Source Clock Delay      (SCD):    0.000ns
    Clock Pessimism Removal (CPR):    0.000ns
  Clock Uncertainty:      0.025ns  ((TSJ^2 + TIJ^2)^1/2 + DJ) / 2 + PE
    Total System Jitter     (TSJ):    0.050ns
    Total Input Jitter      (TIJ):    0.000ns
    Discrete Jitter          (DJ):    0.000ns
    Phase Error              (PE):    0.000ns

    Location             Delay type                Incr(ns)  Path(ns)    Netlist Resource(s)
  -------------------------------------------------------------------    -------------------
                                                      0.000     0.000 r  m_axis_tready (IN)
                         net (fo=12, unset)           0.000     0.000    u_event_cfg/m_axis_tready
                         LUT5 (Prop_LUT5_I0_O)        0.163     0.163 r  u_event_cfg/s_axis_tready_INST_0_i_1/O
                         net (fo=77, unplaced)        0.266     0.429    u_axil_regs/advance
                         LUT6 (Prop_LUT6_I4_O)        0.038     0.467 r  u_axil_regs/sample_count[0]_i_2/O
                         net (fo=65, unplaced)        0.262     0.729    u_axil_regs/p_0_in[0]
                         LUT2 (Prop_LUT2_I0_O)        0.037     0.766 r  u_axil_regs/inflight_count[0]_i_11/O
                         net (fo=1, unplaced)         0.023     0.789    u_axil_regs/inflight_count[0]_i_11_n_0
                         CARRY8 (Prop_CARRY8_S[1]_CO[7])
                                                      0.197     0.986 r  u_axil_regs/inflight_count_reg[0]_i_2/CO[7]
                         net (fo=1, unplaced)         0.005     0.991    u_axil_regs/inflight_count_reg[0]_i_2_n_0
                         CARRY8 (Prop_CARRY8_CI_CO[7])
                                                      0.022     1.013 r  u_axil_regs/inflight_count_reg[8]_i_1/CO[7]
                         net (fo=1, unplaced)         0.005     1.018    u_axil_regs/inflight_count_reg[8]_i_1_n_0
                         CARRY8 (Prop_CARRY8_CI_CO[7])
                                                      0.022     1.040 r  u_axil_regs/inflight_count_reg[16]_i_1/CO[7]
                         net (fo=1, unplaced)         0.005     1.045    u_axil_regs/inflight_count_reg[16]_i_1_n_0
                         CARRY8 (Prop_CARRY8_CI_O[1])
                                                      0.076     1.121 r  u_axil_regs/inflight_count_reg[24]_i_1/O[1]
                         net (fo=1, unplaced)         0.025     1.146    u_axil_regs_n_114
                         FDRE                                         r  inflight_count_reg[25]/D
  -------------------------------------------------------------------    -------------------

                         (clock accelerator_clk rise edge)
                                                      0.000     0.000 r  
                                                      0.000     0.000 r  aclk (IN)
                         net (fo=3362, unset)         0.021     0.021    aclk
                         FDRE                                         r  inflight_count_reg[25]/C

Slack:                    inf
  Source:                 m_axis_tready
                            (input port)
  Destination:            inflight_count_reg[26]/D
                            (rising edge-triggered cell FDRE clocked by accelerator_clk  {rise@0.000ns fall@3.333ns period=6.667ns})
  Path Group:             (none)
  Path Type:              Setup (Max at Slow Process Corner)
  Data Path Delay:        1.138ns  (logic 0.546ns (47.979%)  route 0.592ns (52.021%))
  Logic Levels:           7  (CARRY8=4 LUT2=1 LUT5=1 LUT6=1)
  Clock Path Skew:        0.021ns (DCD - SCD + CPR)
    Destination Clock Delay (DCD):    0.021ns
    Source Clock Delay      (SCD):    0.000ns
    Clock Pessimism Removal (CPR):    0.000ns
  Clock Uncertainty:      0.025ns  ((TSJ^2 + TIJ^2)^1/2 + DJ) / 2 + PE
    Total System Jitter     (TSJ):    0.050ns
    Total Input Jitter      (TIJ):    0.000ns
    Discrete Jitter          (DJ):    0.000ns
    Phase Error              (PE):    0.000ns

    Location             Delay type                Incr(ns)  Path(ns)    Netlist Resource(s)
  -------------------------------------------------------------------    -------------------
                                                      0.000     0.000 r  m_axis_tready (IN)
                         net (fo=12, unset)           0.000     0.000    u_event_cfg/m_axis_tready
                         LUT5 (Prop_LUT5_I0_O)        0.163     0.163 r  u_event_cfg/s_axis_tready_INST_0_i_1/O
                         net (fo=77, unplaced)        0.266     0.429    u_axil_regs/advance
                         LUT6 (Prop_LUT6_I4_O)        0.038     0.467 r  u_axil_regs/sample_count[0]_i_2/O
                         net (fo=65, unplaced)        0.262     0.729    u_axil_regs/p_0_in[0]
                         LUT2 (Prop_LUT2_I0_O)        0.037     0.766 r  u_axil_regs/inflight_count[0]_i_11/O
                         net (fo=1, unplaced)         0.023     0.789    u_axil_regs/inflight_count[0]_i_11_n_0
                         CARRY8 (Prop_CARRY8_S[1]_CO[7])
                                                      0.197     0.986 r  u_axil_regs/inflight_count_reg[0]_i_2/CO[7]
                         net (fo=1, unplaced)         0.005     0.991    u_axil_regs/inflight_count_reg[0]_i_2_n_0
                         CARRY8 (Prop_CARRY8_CI_CO[7])
                                                      0.022     1.013 r  u_axil_regs/inflight_count_reg[8]_i_1/CO[7]
                         net (fo=1, unplaced)         0.005     1.018    u_axil_regs/inflight_count_reg[8]_i_1_n_0
                         CARRY8 (Prop_CARRY8_CI_CO[7])
                                                      0.022     1.040 r  u_axil_regs/inflight_count_reg[16]_i_1/CO[7]
                         net (fo=1, unplaced)         0.005     1.045    u_axil_regs/inflight_count_reg[16]_i_1_n_0
                         CARRY8 (Prop_CARRY8_CI_O[2])
                                                      0.067     1.112 r  u_axil_regs/inflight_count_reg[24]_i_1/O[2]
                         net (fo=1, unplaced)         0.026     1.138    u_axil_regs_n_113
                         FDRE                                         r  inflight_count_reg[26]/D
  -------------------------------------------------------------------    -------------------

                         (clock accelerator_clk rise edge)
                                                      0.000     0.000 r  
                                                      0.000     0.000 r  aclk (IN)
                         net (fo=3362, unset)         0.021     0.021    aclk
                         FDRE                                         r  inflight_count_reg[26]/C

Slack:                    inf
  Source:                 m_axis_tready
                            (input port)
  Destination:            inflight_count_reg[15]/D
                            (rising edge-triggered cell FDRE clocked by accelerator_clk  {rise@0.000ns fall@3.333ns period=6.667ns})
  Path Group:             (none)
  Path Type:              Setup (Max at Slow Process Corner)
  Data Path Delay:        1.133ns  (logic 0.551ns (48.632%)  route 0.582ns (51.368%))
  Logic Levels:           5  (CARRY8=2 LUT2=1 LUT5=1 LUT6=1)
  Clock Path Skew:        0.021ns (DCD - SCD + CPR)
    Destination Clock Delay (DCD):    0.021ns
    Source Clock Delay      (SCD):    0.000ns
    Clock Pessimism Removal (CPR):    0.000ns
  Clock Uncertainty:      0.025ns  ((TSJ^2 + TIJ^2)^1/2 + DJ) / 2 + PE
    Total System Jitter     (TSJ):    0.050ns
    Total Input Jitter      (TIJ):    0.000ns
    Discrete Jitter          (DJ):    0.000ns
    Phase Error              (PE):    0.000ns

    Location             Delay type                Incr(ns)  Path(ns)    Netlist Resource(s)
  -------------------------------------------------------------------    -------------------
                                                      0.000     0.000 r  m_axis_tready (IN)
                         net (fo=12, unset)           0.000     0.000    u_event_cfg/m_axis_tready
                         LUT5 (Prop_LUT5_I0_O)        0.163     0.163 r  u_event_cfg/s_axis_tready_INST_0_i_1/O
                         net (fo=77, unplaced)        0.266     0.429    u_axil_regs/advance
                         LUT6 (Prop_LUT6_I4_O)        0.038     0.467 r  u_axil_regs/sample_count[0]_i_2/O
                         net (fo=65, unplaced)        0.262     0.729    u_axil_regs/p_0_in[0]
                         LUT2 (Prop_LUT2_I0_O)        0.037     0.766 r  u_axil_regs/inflight_count[0]_i_11/O
                         net (fo=1, unplaced)         0.023     0.789    u_axil_regs/inflight_count[0]_i_11_n_0
                         CARRY8 (Prop_CARRY8_S[1]_CO[7])
                                                      0.197     0.986 r  u_axil_regs/inflight_count_reg[0]_i_2/CO[7]
                         net (fo=1, unplaced)         0.005     0.991    u_axil_regs/inflight_count_reg[0]_i_2_n_0
                         CARRY8 (Prop_CARRY8_CI_O[7])
                                                      0.116     1.107 r  u_axil_regs/inflight_count_reg[8]_i_1/O[7]
                         net (fo=1, unplaced)         0.026     1.133    u_axil_regs_n_92
                         FDRE                                         r  inflight_count_reg[15]/D
  -------------------------------------------------------------------    -------------------

                         (clock accelerator_clk rise edge)
                                                      0.000     0.000 r  
                                                      0.000     0.000 r  aclk (IN)
                         net (fo=3362, unset)         0.021     0.021    aclk
                         FDRE                                         r  inflight_count_reg[15]/C

Slack:                    inf
  Source:                 m_axis_tready
                            (input port)
  Destination:            inflight_count_reg[13]/D
                            (rising edge-triggered cell FDRE clocked by accelerator_clk  {rise@0.000ns fall@3.333ns period=6.667ns})
  Path Group:             (none)
  Path Type:              Setup (Max at Slow Process Corner)
  Data Path Delay:        1.132ns  (logic 0.551ns (48.675%)  route 0.581ns (51.325%))
  Logic Levels:           5  (CARRY8=2 LUT2=1 LUT5=1 LUT6=1)
  Clock Path Skew:        0.021ns (DCD - SCD + CPR)
    Destination Clock Delay (DCD):    0.021ns
    Source Clock Delay      (SCD):    0.000ns
    Clock Pessimism Removal (CPR):    0.000ns
  Clock Uncertainty:      0.025ns  ((TSJ^2 + TIJ^2)^1/2 + DJ) / 2 + PE
    Total System Jitter     (TSJ):    0.050ns
    Total Input Jitter      (TIJ):    0.000ns
    Discrete Jitter          (DJ):    0.000ns
    Phase Error              (PE):    0.000ns

    Location             Delay type                Incr(ns)  Path(ns)    Netlist Resource(s)
  -------------------------------------------------------------------    -------------------
                                                      0.000     0.000 r  m_axis_tready (IN)
                         net (fo=12, unset)           0.000     0.000    u_event_cfg/m_axis_tready
                         LUT5 (Prop_LUT5_I0_O)        0.163     0.163 r  u_event_cfg/s_axis_tready_INST_0_i_1/O
                         net (fo=77, unplaced)        0.266     0.429    u_axil_regs/advance
                         LUT6 (Prop_LUT6_I4_O)        0.038     0.467 r  u_axil_regs/sample_count[0]_i_2/O
                         net (fo=65, unplaced)        0.262     0.729    u_axil_regs/p_0_in[0]
                         LUT2 (Prop_LUT2_I0_O)        0.037     0.766 r  u_axil_regs/inflight_count[0]_i_11/O
                         net (fo=1, unplaced)         0.023     0.789    u_axil_regs/inflight_count[0]_i_11_n_0
                         CARRY8 (Prop_CARRY8_S[1]_CO[7])
                                                      0.197     0.986 r  u_axil_regs/inflight_count_reg[0]_i_2/CO[7]
                         net (fo=1, unplaced)         0.005     0.991    u_axil_regs/inflight_count_reg[0]_i_2_n_0
                         CARRY8 (Prop_CARRY8_CI_O[5])
                                                      0.116     1.107 r  u_axil_regs/inflight_count_reg[8]_i_1/O[5]
                         net (fo=1, unplaced)         0.025     1.132    u_axil_regs_n_94
                         FDRE                                         r  inflight_count_reg[13]/D
  -------------------------------------------------------------------    -------------------

                         (clock accelerator_clk rise edge)
                                                      0.000     0.000 r  
                                                      0.000     0.000 r  aclk (IN)
                         net (fo=3362, unset)         0.021     0.021    aclk
                         FDRE                                         r  inflight_count_reg[13]/C

Slack:                    inf
  Source:                 m_axis_tready
                            (input port)
  Destination:            inflight_count_reg[20]/D
                            (rising edge-triggered cell FDRE clocked by accelerator_clk  {rise@0.000ns fall@3.333ns period=6.667ns})
  Path Group:             (none)
  Path Type:              Setup (Max at Slow Process Corner)
  Data Path Delay:        1.129ns  (logic 0.543ns (48.096%)  route 0.586ns (51.904%))
  Logic Levels:           6  (CARRY8=3 LUT2=1 LUT5=1 LUT6=1)
  Clock Path Skew:        0.021ns (DCD - SCD + CPR)
    Destination Clock Delay (DCD):    0.021ns
    Source Clock Delay      (SCD):    0.000ns
    Clock Pessimism Removal (CPR):    0.000ns
  Clock Uncertainty:      0.025ns  ((TSJ^2 + TIJ^2)^1/2 + DJ) / 2 + PE
    Total System Jitter     (TSJ):    0.050ns
    Total Input Jitter      (TIJ):    0.000ns
    Discrete Jitter          (DJ):    0.000ns
    Phase Error              (PE):    0.000ns

    Location             Delay type                Incr(ns)  Path(ns)    Netlist Resource(s)
  -------------------------------------------------------------------    -------------------
                                                      0.000     0.000 r  m_axis_tready (IN)
                         net (fo=12, unset)           0.000     0.000    u_event_cfg/m_axis_tready
                         LUT5 (Prop_LUT5_I0_O)        0.163     0.163 r  u_event_cfg/s_axis_tready_INST_0_i_1/O
                         net (fo=77, unplaced)        0.266     0.429    u_axil_regs/advance
                         LUT6 (Prop_LUT6_I4_O)        0.038     0.467 r  u_axil_regs/sample_count[0]_i_2/O
                         net (fo=65, unplaced)        0.262     0.729    u_axil_regs/p_0_in[0]
                         LUT2 (Prop_LUT2_I0_O)        0.037     0.766 r  u_axil_regs/inflight_count[0]_i_11/O
                         net (fo=1, unplaced)         0.023     0.789    u_axil_regs/inflight_count[0]_i_11_n_0
                         CARRY8 (Prop_CARRY8_S[1]_CO[7])
                                                      0.197     0.986 r  u_axil_regs/inflight_count_reg[0]_i_2/CO[7]
                         net (fo=1, unplaced)         0.005     0.991    u_axil_regs/inflight_count_reg[0]_i_2_n_0
                         CARRY8 (Prop_CARRY8_CI_CO[7])
                                                      0.022     1.013 r  u_axil_regs/inflight_count_reg[8]_i_1/CO[7]
                         net (fo=1, unplaced)         0.005     1.018    u_axil_regs/inflight_count_reg[8]_i_1_n_0
                         CARRY8 (Prop_CARRY8_CI_O[4])
                                                      0.086     1.104 r  u_axil_regs/inflight_count_reg[16]_i_1/O[4]
                         net (fo=1, unplaced)         0.025     1.129    u_axil_regs_n_103
                         FDRE                                         r  inflight_count_reg[20]/D
  -------------------------------------------------------------------    -------------------

                         (clock accelerator_clk rise edge)
                                                      0.000     0.000 r  
                                                      0.000     0.000 r  aclk (IN)
                         net (fo=3362, unset)         0.021     0.021    aclk
                         FDRE                                         r  inflight_count_reg[20]/C

Slack:                    inf
  Source:                 m_axis_tready
                            (input port)
  Destination:            inflight_count_reg[19]/D
                            (rising edge-triggered cell FDRE clocked by accelerator_clk  {rise@0.000ns fall@3.333ns period=6.667ns})
  Path Group:             (none)
  Path Type:              Setup (Max at Slow Process Corner)
  Data Path Delay:        1.126ns  (logic 0.539ns (47.869%)  route 0.587ns (52.131%))
  Logic Levels:           6  (CARRY8=3 LUT2=1 LUT5=1 LUT6=1)
  Clock Path Skew:        0.021ns (DCD - SCD + CPR)
    Destination Clock Delay (DCD):    0.021ns
    Source Clock Delay      (SCD):    0.000ns
    Clock Pessimism Removal (CPR):    0.000ns
  Clock Uncertainty:      0.025ns  ((TSJ^2 + TIJ^2)^1/2 + DJ) / 2 + PE
    Total System Jitter     (TSJ):    0.050ns
    Total Input Jitter      (TIJ):    0.000ns
    Discrete Jitter          (DJ):    0.000ns
    Phase Error              (PE):    0.000ns

    Location             Delay type                Incr(ns)  Path(ns)    Netlist Resource(s)
  -------------------------------------------------------------------    -------------------
                                                      0.000     0.000 r  m_axis_tready (IN)
                         net (fo=12, unset)           0.000     0.000    u_event_cfg/m_axis_tready
                         LUT5 (Prop_LUT5_I0_O)        0.163     0.163 r  u_event_cfg/s_axis_tready_INST_0_i_1/O
                         net (fo=77, unplaced)        0.266     0.429    u_axil_regs/advance
                         LUT6 (Prop_LUT6_I4_O)        0.038     0.467 r  u_axil_regs/sample_count[0]_i_2/O
                         net (fo=65, unplaced)        0.262     0.729    u_axil_regs/p_0_in[0]
                         LUT2 (Prop_LUT2_I0_O)        0.037     0.766 r  u_axil_regs/inflight_count[0]_i_11/O
                         net (fo=1, unplaced)         0.023     0.789    u_axil_regs/inflight_count[0]_i_11_n_0
                         CARRY8 (Prop_CARRY8_S[1]_CO[7])
                                                      0.197     0.986 r  u_axil_regs/inflight_count_reg[0]_i_2/CO[7]
                         net (fo=1, unplaced)         0.005     0.991    u_axil_regs/inflight_count_reg[0]_i_2_n_0
                         CARRY8 (Prop_CARRY8_CI_CO[7])
                                                      0.022     1.013 r  u_axil_regs/inflight_count_reg[8]_i_1/CO[7]
                         net (fo=1, unplaced)         0.005     1.018    u_axil_regs/inflight_count_reg[8]_i_1_n_0
                         CARRY8 (Prop_CARRY8_CI_O[3])
                                                      0.082     1.100 r  u_axil_regs/inflight_count_reg[16]_i_1/O[3]
                         net (fo=1, unplaced)         0.026     1.126    u_axil_regs_n_104
                         FDRE                                         r  inflight_count_reg[19]/D
  -------------------------------------------------------------------    -------------------

                         (clock accelerator_clk rise edge)
                                                      0.000     0.000 r  
                                                      0.000     0.000 r  aclk (IN)
                         net (fo=3362, unset)         0.021     0.021    aclk
                         FDRE                                         r  inflight_count_reg[19]/C

Slack:                    inf
  Source:                 m_axis_tready
                            (input port)
  Destination:            inflight_count_reg[24]/D
                            (rising edge-triggered cell FDRE clocked by accelerator_clk  {rise@0.000ns fall@3.333ns period=6.667ns})
  Path Group:             (none)
  Path Type:              Setup (Max at Slow Process Corner)
  Data Path Delay:        1.126ns  (logic 0.535ns (47.513%)  route 0.591ns (52.487%))
  Logic Levels:           7  (CARRY8=4 LUT2=1 LUT5=1 LUT6=1)
  Clock Path Skew:        0.021ns (DCD - SCD + CPR)
    Destination Clock Delay (DCD):    0.021ns
    Source Clock Delay      (SCD):    0.000ns
    Clock Pessimism Removal (CPR):    0.000ns
  Clock Uncertainty:      0.025ns  ((TSJ^2 + TIJ^2)^1/2 + DJ) / 2 + PE
    Total System Jitter     (TSJ):    0.050ns
    Total Input Jitter      (TIJ):    0.000ns
    Discrete Jitter          (DJ):    0.000ns
    Phase Error              (PE):    0.000ns

    Location             Delay type                Incr(ns)  Path(ns)    Netlist Resource(s)
  -------------------------------------------------------------------    -------------------
                                                      0.000     0.000 r  m_axis_tready (IN)
                         net (fo=12, unset)           0.000     0.000    u_event_cfg/m_axis_tready
                         LUT5 (Prop_LUT5_I0_O)        0.163     0.163 r  u_event_cfg/s_axis_tready_INST_0_i_1/O
                         net (fo=77, unplaced)        0.266     0.429    u_axil_regs/advance
                         LUT6 (Prop_LUT6_I4_O)        0.038     0.467 r  u_axil_regs/sample_count[0]_i_2/O
                         net (fo=65, unplaced)        0.262     0.729    u_axil_regs/p_0_in[0]
                         LUT2 (Prop_LUT2_I0_O)        0.037     0.766 r  u_axil_regs/inflight_count[0]_i_11/O
                         net (fo=1, unplaced)         0.023     0.789    u_axil_regs/inflight_count[0]_i_11_n_0
                         CARRY8 (Prop_CARRY8_S[1]_CO[7])
                                                      0.197     0.986 r  u_axil_regs/inflight_count_reg[0]_i_2/CO[7]
                         net (fo=1, unplaced)         0.005     0.991    u_axil_regs/inflight_count_reg[0]_i_2_n_0
                         CARRY8 (Prop_CARRY8_CI_CO[7])
                                                      0.022     1.013 r  u_axil_regs/inflight_count_reg[8]_i_1/CO[7]
                         net (fo=1, unplaced)         0.005     1.018    u_axil_regs/inflight_count_reg[8]_i_1_n_0
                         CARRY8 (Prop_CARRY8_CI_CO[7])
                                                      0.022     1.040 r  u_axil_regs/inflight_count_reg[16]_i_1/CO[7]
                         net (fo=1, unplaced)         0.005     1.045    u_axil_regs/inflight_count_reg[16]_i_1_n_0
                         CARRY8 (Prop_CARRY8_CI_O[0])
                                                      0.056     1.101 r  u_axil_regs/inflight_count_reg[24]_i_1/O[0]
                         net (fo=1, unplaced)         0.025     1.126    u_axil_regs_n_115
                         FDRE                                         r  inflight_count_reg[24]/D
  -------------------------------------------------------------------    -------------------

                         (clock accelerator_clk rise edge)
                                                      0.000     0.000 r  
                                                      0.000     0.000 r  aclk (IN)
                         net (fo=3362, unset)         0.021     0.021    aclk
                         FDRE                                         r  inflight_count_reg[24]/C

Slack:                    inf
  Source:                 m_axis_tready
                            (input port)
  Destination:            inflight_count_reg[14]/D
                            (rising edge-triggered cell FDRE clocked by accelerator_clk  {rise@0.000ns fall@3.333ns period=6.667ns})
  Path Group:             (none)
  Path Type:              Setup (Max at Slow Process Corner)
  Data Path Delay:        1.120ns  (logic 0.538ns (48.036%)  route 0.582ns (51.964%))
  Logic Levels:           5  (CARRY8=2 LUT2=1 LUT5=1 LUT6=1)
  Clock Path Skew:        0.021ns (DCD - SCD + CPR)
    Destination Clock Delay (DCD):    0.021ns
    Source Clock Delay      (SCD):    0.000ns
    Clock Pessimism Removal (CPR):    0.000ns
  Clock Uncertainty:      0.025ns  ((TSJ^2 + TIJ^2)^1/2 + DJ) / 2 + PE
    Total System Jitter     (TSJ):    0.050ns
    Total Input Jitter      (TIJ):    0.000ns
    Discrete Jitter          (DJ):    0.000ns
    Phase Error              (PE):    0.000ns

    Location             Delay type                Incr(ns)  Path(ns)    Netlist Resource(s)
  -------------------------------------------------------------------    -------------------
                                                      0.000     0.000 r  m_axis_tready (IN)
                         net (fo=12, unset)           0.000     0.000    u_event_cfg/m_axis_tready
                         LUT5 (Prop_LUT5_I0_O)        0.163     0.163 r  u_event_cfg/s_axis_tready_INST_0_i_1/O
                         net (fo=77, unplaced)        0.266     0.429    u_axil_regs/advance
                         LUT6 (Prop_LUT6_I4_O)        0.038     0.467 r  u_axil_regs/sample_count[0]_i_2/O
                         net (fo=65, unplaced)        0.262     0.729    u_axil_regs/p_0_in[0]
                         LUT2 (Prop_LUT2_I0_O)        0.037     0.766 r  u_axil_regs/inflight_count[0]_i_11/O
                         net (fo=1, unplaced)         0.023     0.789    u_axil_regs/inflight_count[0]_i_11_n_0
                         CARRY8 (Prop_CARRY8_S[1]_CO[7])
                                                      0.197     0.986 r  u_axil_regs/inflight_count_reg[0]_i_2/CO[7]
                         net (fo=1, unplaced)         0.005     0.991    u_axil_regs/inflight_count_reg[0]_i_2_n_0
                         CARRY8 (Prop_CARRY8_CI_O[6])
                                                      0.103     1.094 r  u_axil_regs/inflight_count_reg[8]_i_1/O[6]
                         net (fo=1, unplaced)         0.026     1.120    u_axil_regs_n_93
                         FDRE                                         r  inflight_count_reg[14]/D
  -------------------------------------------------------------------    -------------------

                         (clock accelerator_clk rise edge)
                                                      0.000     0.000 r  
                                                      0.000     0.000 r  aclk (IN)
                         net (fo=3362, unset)         0.021     0.021    aclk
                         FDRE                                         r  inflight_count_reg[14]/C

Slack:                    inf
  Source:                 m_axis_tready
                            (input port)
  Destination:            inflight_count_reg[17]/D
                            (rising edge-triggered cell FDRE clocked by accelerator_clk  {rise@0.000ns fall@3.333ns period=6.667ns})
  Path Group:             (none)
  Path Type:              Setup (Max at Slow Process Corner)
  Data Path Delay:        1.119ns  (logic 0.533ns (47.632%)  route 0.586ns (52.368%))
  Logic Levels:           6  (CARRY8=3 LUT2=1 LUT5=1 LUT6=1)
  Clock Path Skew:        0.021ns (DCD - SCD + CPR)
    Destination Clock Delay (DCD):    0.021ns
    Source Clock Delay      (SCD):    0.000ns
    Clock Pessimism Removal (CPR):    0.000ns
  Clock Uncertainty:      0.025ns  ((TSJ^2 + TIJ^2)^1/2 + DJ) / 2 + PE
    Total System Jitter     (TSJ):    0.050ns
    Total Input Jitter      (TIJ):    0.000ns
    Discrete Jitter          (DJ):    0.000ns
    Phase Error              (PE):    0.000ns

    Location             Delay type                Incr(ns)  Path(ns)    Netlist Resource(s)
  -------------------------------------------------------------------    -------------------
                                                      0.000     0.000 r  m_axis_tready (IN)
                         net (fo=12, unset)           0.000     0.000    u_event_cfg/m_axis_tready
                         LUT5 (Prop_LUT5_I0_O)        0.163     0.163 r  u_event_cfg/s_axis_tready_INST_0_i_1/O
                         net (fo=77, unplaced)        0.266     0.429    u_axil_regs/advance
                         LUT6 (Prop_LUT6_I4_O)        0.038     0.467 r  u_axil_regs/sample_count[0]_i_2/O
                         net (fo=65, unplaced)        0.262     0.729    u_axil_regs/p_0_in[0]
                         LUT2 (Prop_LUT2_I0_O)        0.037     0.766 r  u_axil_regs/inflight_count[0]_i_11/O
                         net (fo=1, unplaced)         0.023     0.789    u_axil_regs/inflight_count[0]_i_11_n_0
                         CARRY8 (Prop_CARRY8_S[1]_CO[7])
                                                      0.197     0.986 r  u_axil_regs/inflight_count_reg[0]_i_2/CO[7]
                         net (fo=1, unplaced)         0.005     0.991    u_axil_regs/inflight_count_reg[0]_i_2_n_0
                         CARRY8 (Prop_CARRY8_CI_CO[7])
                                                      0.022     1.013 r  u_axil_regs/inflight_count_reg[8]_i_1/CO[7]
                         net (fo=1, unplaced)         0.005     1.018    u_axil_regs/inflight_count_reg[8]_i_1_n_0
                         CARRY8 (Prop_CARRY8_CI_O[1])
                                                      0.076     1.094 r  u_axil_regs/inflight_count_reg[16]_i_1/O[1]
                         net (fo=1, unplaced)         0.025     1.119    u_axil_regs_n_106
                         FDRE                                         r  inflight_count_reg[17]/D
  -------------------------------------------------------------------    -------------------

                         (clock accelerator_clk rise edge)
                                                      0.000     0.000 r  
                                                      0.000     0.000 r  aclk (IN)
                         net (fo=3362, unset)         0.021     0.021    aclk
                         FDRE                                         r  inflight_count_reg[17]/C

Slack:                    inf
  Source:                 m_axis_tready
                            (input port)
  Destination:            inflight_count_reg[18]/D
                            (rising edge-triggered cell FDRE clocked by accelerator_clk  {rise@0.000ns fall@3.333ns period=6.667ns})
  Path Group:             (none)
  Path Type:              Setup (Max at Slow Process Corner)
  Data Path Delay:        1.111ns  (logic 0.524ns (47.165%)  route 0.587ns (52.835%))
  Logic Levels:           6  (CARRY8=3 LUT2=1 LUT5=1 LUT6=1)
  Clock Path Skew:        0.021ns (DCD - SCD + CPR)
    Destination Clock Delay (DCD):    0.021ns
    Source Clock Delay      (SCD):    0.000ns
    Clock Pessimism Removal (CPR):    0.000ns
  Clock Uncertainty:      0.025ns  ((TSJ^2 + TIJ^2)^1/2 + DJ) / 2 + PE
    Total System Jitter     (TSJ):    0.050ns
    Total Input Jitter      (TIJ):    0.000ns
    Discrete Jitter          (DJ):    0.000ns
    Phase Error              (PE):    0.000ns

    Location             Delay type                Incr(ns)  Path(ns)    Netlist Resource(s)
  -------------------------------------------------------------------    -------------------
                                                      0.000     0.000 r  m_axis_tready (IN)
                         net (fo=12, unset)           0.000     0.000    u_event_cfg/m_axis_tready
                         LUT5 (Prop_LUT5_I0_O)        0.163     0.163 r  u_event_cfg/s_axis_tready_INST_0_i_1/O
                         net (fo=77, unplaced)        0.266     0.429    u_axil_regs/advance
                         LUT6 (Prop_LUT6_I4_O)        0.038     0.467 r  u_axil_regs/sample_count[0]_i_2/O
                         net (fo=65, unplaced)        0.262     0.729    u_axil_regs/p_0_in[0]
                         LUT2 (Prop_LUT2_I0_O)        0.037     0.766 r  u_axil_regs/inflight_count[0]_i_11/O
                         net (fo=1, unplaced)         0.023     0.789    u_axil_regs/inflight_count[0]_i_11_n_0
                         CARRY8 (Prop_CARRY8_S[1]_CO[7])
                                                      0.197     0.986 r  u_axil_regs/inflight_count_reg[0]_i_2/CO[7]
                         net (fo=1, unplaced)         0.005     0.991    u_axil_regs/inflight_count_reg[0]_i_2_n_0
                         CARRY8 (Prop_CARRY8_CI_CO[7])
                                                      0.022     1.013 r  u_axil_regs/inflight_count_reg[8]_i_1/CO[7]
                         net (fo=1, unplaced)         0.005     1.018    u_axil_regs/inflight_count_reg[8]_i_1_n_0
                         CARRY8 (Prop_CARRY8_CI_O[2])
                                                      0.067     1.085 r  u_axil_regs/inflight_count_reg[16]_i_1/O[2]
                         net (fo=1, unplaced)         0.026     1.111    u_axil_regs_n_105
                         FDRE                                         r  inflight_count_reg[18]/D
  -------------------------------------------------------------------    -------------------

                         (clock accelerator_clk rise edge)
                                                      0.000     0.000 r  
                                                      0.000     0.000 r  aclk (IN)
                         net (fo=3362, unset)         0.021     0.021    aclk
                         FDRE                                         r  inflight_count_reg[18]/C

Slack:                    inf
  Source:                 m_axis_tready
                            (input port)
  Destination:            inflight_count_reg[12]/D
                            (rising edge-triggered cell FDRE clocked by accelerator_clk  {rise@0.000ns fall@3.333ns period=6.667ns})
  Path Group:             (none)
  Path Type:              Setup (Max at Slow Process Corner)
  Data Path Delay:        1.102ns  (logic 0.521ns (47.278%)  route 0.581ns (52.722%))
  Logic Levels:           5  (CARRY8=2 LUT2=1 LUT5=1 LUT6=1)
  Clock Path Skew:        0.021ns (DCD - SCD + CPR)
    Destination Clock Delay (DCD):    0.021ns
    Source Clock Delay      (SCD):    0.000ns
    Clock Pessimism Removal (CPR):    0.000ns
  Clock Uncertainty:      0.025ns  ((TSJ^2 + TIJ^2)^1/2 + DJ) / 2 + PE
    Total System Jitter     (TSJ):    0.050ns
    Total Input Jitter      (TIJ):    0.000ns
    Discrete Jitter          (DJ):    0.000ns
    Phase Error              (PE):    0.000ns

    Location             Delay type                Incr(ns)  Path(ns)    Netlist Resource(s)
  -------------------------------------------------------------------    -------------------
                                                      0.000     0.000 r  m_axis_tready (IN)
                         net (fo=12, unset)           0.000     0.000    u_event_cfg/m_axis_tready
                         LUT5 (Prop_LUT5_I0_O)        0.163     0.163 r  u_event_cfg/s_axis_tready_INST_0_i_1/O
                         net (fo=77, unplaced)        0.266     0.429    u_axil_regs/advance
                         LUT6 (Prop_LUT6_I4_O)        0.038     0.467 r  u_axil_regs/sample_count[0]_i_2/O
                         net (fo=65, unplaced)        0.262     0.729    u_axil_regs/p_0_in[0]
                         LUT2 (Prop_LUT2_I0_O)        0.037     0.766 r  u_axil_regs/inflight_count[0]_i_11/O
                         net (fo=1, unplaced)         0.023     0.789    u_axil_regs/inflight_count[0]_i_11_n_0
                         CARRY8 (Prop_CARRY8_S[1]_CO[7])
                                                      0.197     0.986 r  u_axil_regs/inflight_count_reg[0]_i_2/CO[7]
                         net (fo=1, unplaced)         0.005     0.991    u_axil_regs/inflight_count_reg[0]_i_2_n_0
                         CARRY8 (Prop_CARRY8_CI_O[4])
                                                      0.086     1.077 r  u_axil_regs/inflight_count_reg[8]_i_1/O[4]
                         net (fo=1, unplaced)         0.025     1.102    u_axil_regs_n_95
                         FDRE                                         r  inflight_count_reg[12]/D
  -------------------------------------------------------------------    -------------------

                         (clock accelerator_clk rise edge)
                                                      0.000     0.000 r  
                                                      0.000     0.000 r  aclk (IN)
                         net (fo=3362, unset)         0.021     0.021    aclk
                         FDRE                                         r  inflight_count_reg[12]/C

Slack:                    inf
  Source:                 m_axis_tready
                            (input port)
  Destination:            inflight_count_reg[11]/D
                            (rising edge-triggered cell FDRE clocked by accelerator_clk  {rise@0.000ns fall@3.333ns period=6.667ns})
  Path Group:             (none)
  Path Type:              Setup (Max at Slow Process Corner)
  Data Path Delay:        1.099ns  (logic 0.517ns (47.043%)  route 0.582ns (52.957%))
  Logic Levels:           5  (CARRY8=2 LUT2=1 LUT5=1 LUT6=1)
  Clock Path Skew:        0.021ns (DCD - SCD + CPR)
    Destination Clock Delay (DCD):    0.021ns
    Source Clock Delay      (SCD):    0.000ns
    Clock Pessimism Removal (CPR):    0.000ns
  Clock Uncertainty:      0.025ns  ((TSJ^2 + TIJ^2)^1/2 + DJ) / 2 + PE
    Total System Jitter     (TSJ):    0.050ns
    Total Input Jitter      (TIJ):    0.000ns
    Discrete Jitter          (DJ):    0.000ns
    Phase Error              (PE):    0.000ns

    Location             Delay type                Incr(ns)  Path(ns)    Netlist Resource(s)
  -------------------------------------------------------------------    -------------------
                                                      0.000     0.000 r  m_axis_tready (IN)
                         net (fo=12, unset)           0.000     0.000    u_event_cfg/m_axis_tready
                         LUT5 (Prop_LUT5_I0_O)        0.163     0.163 r  u_event_cfg/s_axis_tready_INST_0_i_1/O
                         net (fo=77, unplaced)        0.266     0.429    u_axil_regs/advance
                         LUT6 (Prop_LUT6_I4_O)        0.038     0.467 r  u_axil_regs/sample_count[0]_i_2/O
                         net (fo=65, unplaced)        0.262     0.729    u_axil_regs/p_0_in[0]
                         LUT2 (Prop_LUT2_I0_O)        0.037     0.766 r  u_axil_regs/inflight_count[0]_i_11/O
                         net (fo=1, unplaced)         0.023     0.789    u_axil_regs/inflight_count[0]_i_11_n_0
                         CARRY8 (Prop_CARRY8_S[1]_CO[7])
                                                      0.197     0.986 r  u_axil_regs/inflight_count_reg[0]_i_2/CO[7]
                         net (fo=1, unplaced)         0.005     0.991    u_axil_regs/inflight_count_reg[0]_i_2_n_0
                         CARRY8 (Prop_CARRY8_CI_O[3])
                                                      0.082     1.073 r  u_axil_regs/inflight_count_reg[8]_i_1/O[3]
                         net (fo=1, unplaced)         0.026     1.099    u_axil_regs_n_96
                         FDRE                                         r  inflight_count_reg[11]/D
  -------------------------------------------------------------------    -------------------

                         (clock accelerator_clk rise edge)
                                                      0.000     0.000 r  
                                                      0.000     0.000 r  aclk (IN)
                         net (fo=3362, unset)         0.021     0.021    aclk
                         FDRE                                         r  inflight_count_reg[11]/C

Slack:                    inf
  Source:                 m_axis_tready
                            (input port)
  Destination:            inflight_count_reg[16]/D
                            (rising edge-triggered cell FDRE clocked by accelerator_clk  {rise@0.000ns fall@3.333ns period=6.667ns})
  Path Group:             (none)
  Path Type:              Setup (Max at Slow Process Corner)
  Data Path Delay:        1.099ns  (logic 0.513ns (46.679%)  route 0.586ns (53.321%))
  Logic Levels:           6  (CARRY8=3 LUT2=1 LUT5=1 LUT6=1)
  Clock Path Skew:        0.021ns (DCD - SCD + CPR)
    Destination Clock Delay (DCD):    0.021ns
    Source Clock Delay      (SCD):    0.000ns
    Clock Pessimism Removal (CPR):    0.000ns
  Clock Uncertainty:      0.025ns  ((TSJ^2 + TIJ^2)^1/2 + DJ) / 2 + PE
    Total System Jitter     (TSJ):    0.050ns
    Total Input Jitter      (TIJ):    0.000ns
    Discrete Jitter          (DJ):    0.000ns
    Phase Error              (PE):    0.000ns

    Location             Delay type                Incr(ns)  Path(ns)    Netlist Resource(s)
  -------------------------------------------------------------------    -------------------
                                                      0.000     0.000 r  m_axis_tready (IN)
                         net (fo=12, unset)           0.000     0.000    u_event_cfg/m_axis_tready
                         LUT5 (Prop_LUT5_I0_O)        0.163     0.163 r  u_event_cfg/s_axis_tready_INST_0_i_1/O
                         net (fo=77, unplaced)        0.266     0.429    u_axil_regs/advance
                         LUT6 (Prop_LUT6_I4_O)        0.038     0.467 r  u_axil_regs/sample_count[0]_i_2/O
                         net (fo=65, unplaced)        0.262     0.729    u_axil_regs/p_0_in[0]
                         LUT2 (Prop_LUT2_I0_O)        0.037     0.766 r  u_axil_regs/inflight_count[0]_i_11/O
                         net (fo=1, unplaced)         0.023     0.789    u_axil_regs/inflight_count[0]_i_11_n_0
                         CARRY8 (Prop_CARRY8_S[1]_CO[7])
                                                      0.197     0.986 r  u_axil_regs/inflight_count_reg[0]_i_2/CO[7]
                         net (fo=1, unplaced)         0.005     0.991    u_axil_regs/inflight_count_reg[0]_i_2_n_0
                         CARRY8 (Prop_CARRY8_CI_CO[7])
                                                      0.022     1.013 r  u_axil_regs/inflight_count_reg[8]_i_1/CO[7]
                         net (fo=1, unplaced)         0.005     1.018    u_axil_regs/inflight_count_reg[8]_i_1_n_0
                         CARRY8 (Prop_CARRY8_CI_O[0])
                                                      0.056     1.074 r  u_axil_regs/inflight_count_reg[16]_i_1/O[0]
                         net (fo=1, unplaced)         0.025     1.099    u_axil_regs_n_107
                         FDRE                                         r  inflight_count_reg[16]/D
  -------------------------------------------------------------------    -------------------

                         (clock accelerator_clk rise edge)
                                                      0.000     0.000 r  
                                                      0.000     0.000 r  aclk (IN)
                         net (fo=3362, unset)         0.021     0.021    aclk
                         FDRE                                         r  inflight_count_reg[16]/C

Slack:                    inf
  Source:                 m_axis_tready
                            (input port)
  Destination:            inflight_count_reg[9]/D
                            (rising edge-triggered cell FDRE clocked by accelerator_clk  {rise@0.000ns fall@3.333ns period=6.667ns})
  Path Group:             (none)
  Path Type:              Setup (Max at Slow Process Corner)
  Data Path Delay:        1.092ns  (logic 0.511ns (46.795%)  route 0.581ns (53.205%))
  Logic Levels:           5  (CARRY8=2 LUT2=1 LUT5=1 LUT6=1)
  Clock Path Skew:        0.021ns (DCD - SCD + CPR)
    Destination Clock Delay (DCD):    0.021ns
    Source Clock Delay      (SCD):    0.000ns
    Clock Pessimism Removal (CPR):    0.000ns
  Clock Uncertainty:      0.025ns  ((TSJ^2 + TIJ^2)^1/2 + DJ) / 2 + PE
    Total System Jitter     (TSJ):    0.050ns
    Total Input Jitter      (TIJ):    0.000ns
    Discrete Jitter          (DJ):    0.000ns
    Phase Error              (PE):    0.000ns

    Location             Delay type                Incr(ns)  Path(ns)    Netlist Resource(s)
  -------------------------------------------------------------------    -------------------
                                                      0.000     0.000 r  m_axis_tready (IN)
                         net (fo=12, unset)           0.000     0.000    u_event_cfg/m_axis_tready
                         LUT5 (Prop_LUT5_I0_O)        0.163     0.163 r  u_event_cfg/s_axis_tready_INST_0_i_1/O
                         net (fo=77, unplaced)        0.266     0.429    u_axil_regs/advance
                         LUT6 (Prop_LUT6_I4_O)        0.038     0.467 r  u_axil_regs/sample_count[0]_i_2/O
                         net (fo=65, unplaced)        0.262     0.729    u_axil_regs/p_0_in[0]
                         LUT2 (Prop_LUT2_I0_O)        0.037     0.766 r  u_axil_regs/inflight_count[0]_i_11/O
                         net (fo=1, unplaced)         0.023     0.789    u_axil_regs/inflight_count[0]_i_11_n_0
                         CARRY8 (Prop_CARRY8_S[1]_CO[7])
                                                      0.197     0.986 r  u_axil_regs/inflight_count_reg[0]_i_2/CO[7]
                         net (fo=1, unplaced)         0.005     0.991    u_axil_regs/inflight_count_reg[0]_i_2_n_0
                         CARRY8 (Prop_CARRY8_CI_O[1])
                                                      0.076     1.067 r  u_axil_regs/inflight_count_reg[8]_i_1/O[1]
                         net (fo=1, unplaced)         0.025     1.092    u_axil_regs_n_98
                         FDRE                                         r  inflight_count_reg[9]/D
  -------------------------------------------------------------------    -------------------

                         (clock accelerator_clk rise edge)
                                                      0.000     0.000 r  
                                                      0.000     0.000 r  aclk (IN)
                         net (fo=3362, unset)         0.021     0.021    aclk
                         FDRE                                         r  inflight_count_reg[9]/C

Slack:                    inf
  Source:                 m_axis_tready
                            (input port)
  Destination:            inflight_count_reg[10]/D
                            (rising edge-triggered cell FDRE clocked by accelerator_clk  {rise@0.000ns fall@3.333ns period=6.667ns})
  Path Group:             (none)
  Path Type:              Setup (Max at Slow Process Corner)
  Data Path Delay:        1.084ns  (logic 0.502ns (46.310%)  route 0.582ns (53.690%))
  Logic Levels:           5  (CARRY8=2 LUT2=1 LUT5=1 LUT6=1)
  Clock Path Skew:        0.021ns (DCD - SCD + CPR)
    Destination Clock Delay (DCD):    0.021ns
    Source Clock Delay      (SCD):    0.000ns
    Clock Pessimism Removal (CPR):    0.000ns
  Clock Uncertainty:      0.025ns  ((TSJ^2 + TIJ^2)^1/2 + DJ) / 2 + PE
    Total System Jitter     (TSJ):    0.050ns
    Total Input Jitter      (TIJ):    0.000ns
    Discrete Jitter          (DJ):    0.000ns
    Phase Error              (PE):    0.000ns

    Location             Delay type                Incr(ns)  Path(ns)    Netlist Resource(s)
  -------------------------------------------------------------------    -------------------
                                                      0.000     0.000 r  m_axis_tready (IN)
                         net (fo=12, unset)           0.000     0.000    u_event_cfg/m_axis_tready
                         LUT5 (Prop_LUT5_I0_O)        0.163     0.163 r  u_event_cfg/s_axis_tready_INST_0_i_1/O
                         net (fo=77, unplaced)        0.266     0.429    u_axil_regs/advance
                         LUT6 (Prop_LUT6_I4_O)        0.038     0.467 r  u_axil_regs/sample_count[0]_i_2/O
                         net (fo=65, unplaced)        0.262     0.729    u_axil_regs/p_0_in[0]
                         LUT2 (Prop_LUT2_I0_O)        0.037     0.766 r  u_axil_regs/inflight_count[0]_i_11/O
                         net (fo=1, unplaced)         0.023     0.789    u_axil_regs/inflight_count[0]_i_11_n_0
                         CARRY8 (Prop_CARRY8_S[1]_CO[7])
                                                      0.197     0.986 r  u_axil_regs/inflight_count_reg[0]_i_2/CO[7]
                         net (fo=1, unplaced)         0.005     0.991    u_axil_regs/inflight_count_reg[0]_i_2_n_0
                         CARRY8 (Prop_CARRY8_CI_O[2])
                                                      0.067     1.058 r  u_axil_regs/inflight_count_reg[8]_i_1/O[2]
                         net (fo=1, unplaced)         0.026     1.084    u_axil_regs_n_97
                         FDRE                                         r  inflight_count_reg[10]/D
  -------------------------------------------------------------------    -------------------

                         (clock accelerator_clk rise edge)
                                                      0.000     0.000 r  
                                                      0.000     0.000 r  aclk (IN)
                         net (fo=3362, unset)         0.021     0.021    aclk
                         FDRE                                         r  inflight_count_reg[10]/C

Slack:                    inf
  Source:                 m_axis_tready
                            (input port)
  Destination:            inflight_count_reg[8]/D
                            (rising edge-triggered cell FDRE clocked by accelerator_clk  {rise@0.000ns fall@3.333ns period=6.667ns})
  Path Group:             (none)
  Path Type:              Setup (Max at Slow Process Corner)
  Data Path Delay:        1.072ns  (logic 0.491ns (45.802%)  route 0.581ns (54.198%))
  Logic Levels:           5  (CARRY8=2 LUT2=1 LUT5=1 LUT6=1)
  Clock Path Skew:        0.021ns (DCD - SCD + CPR)
    Destination Clock Delay (DCD):    0.021ns
    Source Clock Delay      (SCD):    0.000ns
    Clock Pessimism Removal (CPR):    0.000ns
  Clock Uncertainty:      0.025ns  ((TSJ^2 + TIJ^2)^1/2 + DJ) / 2 + PE
    Total System Jitter     (TSJ):    0.050ns
    Total Input Jitter      (TIJ):    0.000ns
    Discrete Jitter          (DJ):    0.000ns
    Phase Error              (PE):    0.000ns

    Location             Delay type                Incr(ns)  Path(ns)    Netlist Resource(s)
  -------------------------------------------------------------------    -------------------
                                                      0.000     0.000 r  m_axis_tready (IN)
                         net (fo=12, unset)           0.000     0.000    u_event_cfg/m_axis_tready
                         LUT5 (Prop_LUT5_I0_O)        0.163     0.163 r  u_event_cfg/s_axis_tready_INST_0_i_1/O
                         net (fo=77, unplaced)        0.266     0.429    u_axil_regs/advance
                         LUT6 (Prop_LUT6_I4_O)        0.038     0.467 r  u_axil_regs/sample_count[0]_i_2/O
                         net (fo=65, unplaced)        0.262     0.729    u_axil_regs/p_0_in[0]
                         LUT2 (Prop_LUT2_I0_O)        0.037     0.766 r  u_axil_regs/inflight_count[0]_i_11/O
                         net (fo=1, unplaced)         0.023     0.789    u_axil_regs/inflight_count[0]_i_11_n_0
                         CARRY8 (Prop_CARRY8_S[1]_CO[7])
                                                      0.197     0.986 r  u_axil_regs/inflight_count_reg[0]_i_2/CO[7]
                         net (fo=1, unplaced)         0.005     0.991    u_axil_regs/inflight_count_reg[0]_i_2_n_0
                         CARRY8 (Prop_CARRY8_CI_O[0])
                                                      0.056     1.047 r  u_axil_regs/inflight_count_reg[8]_i_1/O[0]
                         net (fo=1, unplaced)         0.025     1.072    u_axil_regs_n_99
                         FDRE                                         r  inflight_count_reg[8]/D
  -------------------------------------------------------------------    -------------------

                         (clock accelerator_clk rise edge)
                                                      0.000     0.000 r  
                                                      0.000     0.000 r  aclk (IN)
                         net (fo=3362, unset)         0.021     0.021    aclk
                         FDRE                                         r  inflight_count_reg[8]/C

Slack:                    inf
  Source:                 m_axis_tready
                            (input port)
  Destination:            inflight_count_reg[7]/D
                            (rising edge-triggered cell FDRE clocked by accelerator_clk  {rise@0.000ns fall@3.333ns period=6.667ns})
  Path Group:             (none)
  Path Type:              Setup (Max at Slow Process Corner)
  Data Path Delay:        1.053ns  (logic 0.476ns (45.204%)  route 0.577ns (54.796%))
  Logic Levels:           4  (CARRY8=1 LUT2=1 LUT5=1 LUT6=1)
  Clock Path Skew:        0.021ns (DCD - SCD + CPR)
    Destination Clock Delay (DCD):    0.021ns
    Source Clock Delay      (SCD):    0.000ns
    Clock Pessimism Removal (CPR):    0.000ns
  Clock Uncertainty:      0.025ns  ((TSJ^2 + TIJ^2)^1/2 + DJ) / 2 + PE
    Total System Jitter     (TSJ):    0.050ns
    Total Input Jitter      (TIJ):    0.000ns
    Discrete Jitter          (DJ):    0.000ns
    Phase Error              (PE):    0.000ns

    Location             Delay type                Incr(ns)  Path(ns)    Netlist Resource(s)
  -------------------------------------------------------------------    -------------------
                                                      0.000     0.000 r  m_axis_tready (IN)
                         net (fo=12, unset)           0.000     0.000    u_event_cfg/m_axis_tready
                         LUT5 (Prop_LUT5_I0_O)        0.163     0.163 r  u_event_cfg/s_axis_tready_INST_0_i_1/O
                         net (fo=77, unplaced)        0.266     0.429    u_axil_regs/advance
                         LUT6 (Prop_LUT6_I4_O)        0.038     0.467 r  u_axil_regs/sample_count[0]_i_2/O
                         net (fo=65, unplaced)        0.262     0.729    u_axil_regs/p_0_in[0]
                         LUT2 (Prop_LUT2_I0_O)        0.037     0.766 r  u_axil_regs/inflight_count[0]_i_11/O
                         net (fo=1, unplaced)         0.023     0.789    u_axil_regs/inflight_count[0]_i_11_n_0
                         CARRY8 (Prop_CARRY8_S[1]_O[7])
                                                      0.238     1.027 r  u_axil_regs/inflight_count_reg[0]_i_2/O[7]
                         net (fo=1, unplaced)         0.026     1.053    u_axil_regs_n_84
                         FDRE                                         r  inflight_count_reg[7]/D
  -------------------------------------------------------------------    -------------------

                         (clock accelerator_clk rise edge)
                                                      0.000     0.000 r  
                                                      0.000     0.000 r  aclk (IN)
                         net (fo=3362, unset)         0.021     0.021    aclk
                         FDRE                                         r  inflight_count_reg[7]/C

Slack:                    inf
  Source:                 m_axis_tready
                            (input port)
  Destination:            inflight_count_reg[5]/D
                            (rising edge-triggered cell FDRE clocked by accelerator_clk  {rise@0.000ns fall@3.333ns period=6.667ns})
  Path Group:             (none)
  Path Type:              Setup (Max at Slow Process Corner)
  Data Path Delay:        1.051ns  (logic 0.475ns (45.195%)  route 0.576ns (54.805%))
  Logic Levels:           4  (CARRY8=1 LUT2=1 LUT5=1 LUT6=1)
  Clock Path Skew:        0.021ns (DCD - SCD + CPR)
    Destination Clock Delay (DCD):    0.021ns
    Source Clock Delay      (SCD):    0.000ns
    Clock Pessimism Removal (CPR):    0.000ns
  Clock Uncertainty:      0.025ns  ((TSJ^2 + TIJ^2)^1/2 + DJ) / 2 + PE
    Total System Jitter     (TSJ):    0.050ns
    Total Input Jitter      (TIJ):    0.000ns
    Discrete Jitter          (DJ):    0.000ns
    Phase Error              (PE):    0.000ns

    Location             Delay type                Incr(ns)  Path(ns)    Netlist Resource(s)
  -------------------------------------------------------------------    -------------------
                                                      0.000     0.000 r  m_axis_tready (IN)
                         net (fo=12, unset)           0.000     0.000    u_event_cfg/m_axis_tready
                         LUT5 (Prop_LUT5_I0_O)        0.163     0.163 r  u_event_cfg/s_axis_tready_INST_0_i_1/O
                         net (fo=77, unplaced)        0.266     0.429    u_axil_regs/advance
                         LUT6 (Prop_LUT6_I4_O)        0.038     0.467 r  u_axil_regs/sample_count[0]_i_2/O
                         net (fo=65, unplaced)        0.262     0.729    u_axil_regs/p_0_in[0]
                         LUT2 (Prop_LUT2_I0_O)        0.037     0.766 r  u_axil_regs/inflight_count[0]_i_11/O
                         net (fo=1, unplaced)         0.023     0.789    u_axil_regs/inflight_count[0]_i_11_n_0
                         CARRY8 (Prop_CARRY8_S[1]_O[5])
                                                      0.237     1.026 r  u_axil_regs/inflight_count_reg[0]_i_2/O[5]
                         net (fo=1, unplaced)         0.025     1.051    u_axil_regs_n_86
                         FDRE                                         r  inflight_count_reg[5]/D
  -------------------------------------------------------------------    -------------------

                         (clock accelerator_clk rise edge)
                                                      0.000     0.000 r  
                                                      0.000     0.000 r  aclk (IN)
                         net (fo=3362, unset)         0.021     0.021    aclk
                         FDRE                                         r  inflight_count_reg[5]/C

Slack:                    inf
  Source:                 m_axis_tready
                            (input port)
  Destination:            inflight_count_reg[6]/D
                            (rising edge-triggered cell FDRE clocked by accelerator_clk  {rise@0.000ns fall@3.333ns period=6.667ns})
  Path Group:             (none)
  Path Type:              Setup (Max at Slow Process Corner)
  Data Path Delay:        1.039ns  (logic 0.462ns (44.466%)  route 0.577ns (55.534%))
  Logic Levels:           4  (CARRY8=1 LUT2=1 LUT5=1 LUT6=1)
  Clock Path Skew:        0.021ns (DCD - SCD + CPR)
    Destination Clock Delay (DCD):    0.021ns
    Source Clock Delay      (SCD):    0.000ns
    Clock Pessimism Removal (CPR):    0.000ns
  Clock Uncertainty:      0.025ns  ((TSJ^2 + TIJ^2)^1/2 + DJ) / 2 + PE
    Total System Jitter     (TSJ):    0.050ns
    Total Input Jitter      (TIJ):    0.000ns
    Discrete Jitter          (DJ):    0.000ns
    Phase Error              (PE):    0.000ns

    Location             Delay type                Incr(ns)  Path(ns)    Netlist Resource(s)
  -------------------------------------------------------------------    -------------------
                                                      0.000     0.000 r  m_axis_tready (IN)
                         net (fo=12, unset)           0.000     0.000    u_event_cfg/m_axis_tready
                         LUT5 (Prop_LUT5_I0_O)        0.163     0.163 r  u_event_cfg/s_axis_tready_INST_0_i_1/O
                         net (fo=77, unplaced)        0.266     0.429    u_axil_regs/advance
                         LUT6 (Prop_LUT6_I4_O)        0.038     0.467 r  u_axil_regs/sample_count[0]_i_2/O
                         net (fo=65, unplaced)        0.262     0.729    u_axil_regs/p_0_in[0]
                         LUT2 (Prop_LUT2_I0_O)        0.037     0.766 r  u_axil_regs/inflight_count[0]_i_11/O
                         net (fo=1, unplaced)         0.023     0.789    u_axil_regs/inflight_count[0]_i_11_n_0
                         CARRY8 (Prop_CARRY8_S[1]_O[6])
                                                      0.224     1.013 r  u_axil_regs/inflight_count_reg[0]_i_2/O[6]
                         net (fo=1, unplaced)         0.026     1.039    u_axil_regs_n_85
                         FDRE                                         r  inflight_count_reg[6]/D
  -------------------------------------------------------------------    -------------------

                         (clock accelerator_clk rise edge)
                                                      0.000     0.000 r  
                                                      0.000     0.000 r  aclk (IN)
                         net (fo=3362, unset)         0.021     0.021    aclk
                         FDRE                                         r  inflight_count_reg[6]/C

Slack:                    inf
  Source:                 m_axis_tready
                            (input port)
  Destination:            u_axil_regs/s_axi_rdata_reg[2]/D
                            (rising edge-triggered cell FDRE clocked by accelerator_clk  {rise@0.000ns fall@3.333ns period=6.667ns})
  Path Group:             (none)
  Path Type:              Setup (Max at Slow Process Corner)
  Data Path Delay:        1.039ns  (logic 0.277ns (26.660%)  route 0.762ns (73.340%))
  Logic Levels:           4  (LUT5=2 LUT6=2)
  Clock Path Skew:        0.021ns (DCD - SCD + CPR)
    Destination Clock Delay (DCD):    0.021ns
    Source Clock Delay      (SCD):    0.000ns
    Clock Pessimism Removal (CPR):    0.000ns
  Clock Uncertainty:      0.025ns  ((TSJ^2 + TIJ^2)^1/2 + DJ) / 2 + PE
    Total System Jitter     (TSJ):    0.050ns
    Total Input Jitter      (TIJ):    0.000ns
    Discrete Jitter          (DJ):    0.000ns
    Phase Error              (PE):    0.000ns

    Location             Delay type                Incr(ns)  Path(ns)    Netlist Resource(s)
  -------------------------------------------------------------------    -------------------
                                                      0.000     0.000 r  m_axis_tready (IN)
                         net (fo=12, unset)           0.000     0.000    u_event_cfg/m_axis_tready
                         LUT5 (Prop_LUT5_I0_O)        0.163     0.163 r  u_event_cfg/s_axis_tready_INST_0_i_1/O
                         net (fo=77, unplaced)        0.266     0.429    u_axil_regs/advance
                         LUT6 (Prop_LUT6_I4_O)        0.038     0.467 r  u_axil_regs/sample_count[0]_i_2/O
                         net (fo=65, unplaced)        0.262     0.729    u_axil_regs/p_0_in[0]
                         LUT5 (Prop_LUT5_I4_O)        0.038     0.767 r  u_axil_regs/s_axi_rdata[2]_i_2/O
                         net (fo=1, unplaced)         0.186     0.953    u_axil_regs/s_axi_rdata[2]_i_2_n_0
                         LUT6 (Prop_LUT6_I0_O)        0.038     0.991 r  u_axil_regs/s_axi_rdata[2]_i_1/O
                         net (fo=1, unplaced)         0.048     1.039    u_axil_regs/s_axi_rdata[2]_i_1_n_0
                         FDRE                                         r  u_axil_regs/s_axi_rdata_reg[2]/D
  -------------------------------------------------------------------    -------------------

                         (clock accelerator_clk rise edge)
                                                      0.000     0.000 r  
                                                      0.000     0.000 r  aclk (IN)
                         net (fo=3362, unset)         0.021     0.021    u_axil_regs/aclk
                         FDRE                                         r  u_axil_regs/s_axi_rdata_reg[2]/C

Slack:                    inf
  Source:                 m_axis_tready
                            (input port)
  Destination:            inflight_count_reg[4]/D
                            (rising edge-triggered cell FDRE clocked by accelerator_clk  {rise@0.000ns fall@3.333ns period=6.667ns})
  Path Group:             (none)
  Path Type:              Setup (Max at Slow Process Corner)
  Data Path Delay:        1.018ns  (logic 0.442ns (43.418%)  route 0.576ns (56.582%))
  Logic Levels:           4  (CARRY8=1 LUT2=1 LUT5=1 LUT6=1)
  Clock Path Skew:        0.021ns (DCD - SCD + CPR)
    Destination Clock Delay (DCD):    0.021ns
    Source Clock Delay      (SCD):    0.000ns
    Clock Pessimism Removal (CPR):    0.000ns
  Clock Uncertainty:      0.025ns  ((TSJ^2 + TIJ^2)^1/2 + DJ) / 2 + PE
    Total System Jitter     (TSJ):    0.050ns
    Total Input Jitter      (TIJ):    0.000ns
    Discrete Jitter          (DJ):    0.000ns
    Phase Error              (PE):    0.000ns

    Location             Delay type                Incr(ns)  Path(ns)    Netlist Resource(s)
  -------------------------------------------------------------------    -------------------
                                                      0.000     0.000 r  m_axis_tready (IN)
                         net (fo=12, unset)           0.000     0.000    u_event_cfg/m_axis_tready
                         LUT5 (Prop_LUT5_I0_O)        0.163     0.163 r  u_event_cfg/s_axis_tready_INST_0_i_1/O
                         net (fo=77, unplaced)        0.266     0.429    u_axil_regs/advance
                         LUT6 (Prop_LUT6_I4_O)        0.038     0.467 r  u_axil_regs/sample_count[0]_i_2/O
                         net (fo=65, unplaced)        0.262     0.729    u_axil_regs/p_0_in[0]
                         LUT2 (Prop_LUT2_I0_O)        0.037     0.766 r  u_axil_regs/inflight_count[0]_i_11/O
                         net (fo=1, unplaced)         0.023     0.789    u_axil_regs/inflight_count[0]_i_11_n_0
                         CARRY8 (Prop_CARRY8_S[1]_O[4])
                                                      0.204     0.993 r  u_axil_regs/inflight_count_reg[0]_i_2/O[4]
                         net (fo=1, unplaced)         0.025     1.018    u_axil_regs_n_87
                         FDRE                                         r  inflight_count_reg[4]/D
  -------------------------------------------------------------------    -------------------

                         (clock accelerator_clk rise edge)
                                                      0.000     0.000 r  
                                                      0.000     0.000 r  aclk (IN)
                         net (fo=3362, unset)         0.021     0.021    aclk
                         FDRE                                         r  inflight_count_reg[4]/C

Slack:                    inf
  Source:                 m_axis_tready
                            (input port)
  Destination:            inflight_count_reg[0]/CE
                            (rising edge-triggered cell FDRE clocked by accelerator_clk  {rise@0.000ns fall@3.333ns period=6.667ns})
  Path Group:             (none)
  Path Type:              Setup (Max at Slow Process Corner)
  Data Path Delay:        0.973ns  (logic 0.291ns (29.908%)  route 0.682ns (70.092%))
  Logic Levels:           3  (LUT5=2 LUT6=1)
  Clock Path Skew:        0.021ns (DCD - SCD + CPR)
    Destination Clock Delay (DCD):    0.021ns
    Source Clock Delay      (SCD):    0.000ns
    Clock Pessimism Removal (CPR):    0.000ns
  Clock Uncertainty:      0.025ns  ((TSJ^2 + TIJ^2)^1/2 + DJ) / 2 + PE
    Total System Jitter     (TSJ):    0.050ns
    Total Input Jitter      (TIJ):    0.000ns
    Discrete Jitter          (DJ):    0.000ns
    Phase Error              (PE):    0.000ns

    Location             Delay type                Incr(ns)  Path(ns)    Netlist Resource(s)
  -------------------------------------------------------------------    -------------------
                                                      0.000     0.000 r  m_axis_tready (IN)
                         net (fo=12, unset)           0.000     0.000    u_event_cfg/m_axis_tready
                         LUT5 (Prop_LUT5_I0_O)        0.163     0.163 r  u_event_cfg/s_axis_tready_INST_0_i_1/O
                         net (fo=77, unplaced)        0.266     0.429    u_axil_regs/advance
                         LUT6 (Prop_LUT6_I4_O)        0.038     0.467 r  u_axil_regs/sample_count[0]_i_2/O
                         net (fo=65, unplaced)        0.216     0.683    u_event_cfg/p_0_in[0]
                         LUT5 (Prop_LUT5_I4_O)        0.090     0.773 r  u_event_cfg/inflight_count[0]_i_1/O
                         net (fo=32, unplaced)        0.200     0.973    u_event_cfg_n_58
                         FDRE                                         r  inflight_count_reg[0]/CE
  -------------------------------------------------------------------    -------------------

                         (clock accelerator_clk rise edge)
                                                      0.000     0.000 r  
                                                      0.000     0.000 r  aclk (IN)
                         net (fo=3362, unset)         0.021     0.021    aclk
                         FDRE                                         r  inflight_count_reg[0]/C





Min Delay Paths
--------------------------------------------------------------------------------------
Slack:                    inf
  Source:                 s_axi_awaddr[0]
                            (input port)
  Destination:            u_axil_regs/awaddr_hold_reg[0]/D
                            (rising edge-triggered cell FDRE clocked by accelerator_clk  {rise@0.000ns fall@3.333ns period=6.667ns})
  Path Group:             (none)
  Path Type:              Hold (Min at Fast Process Corner)
  Data Path Delay:        0.009ns  (logic 0.000ns (0.000%)  route 0.009ns (100.000%))
  Logic Levels:           0  
  Clock Path Skew:        0.019ns (DCD - SCD - CPR)
    Destination Clock Delay (DCD):    0.019ns
    Source Clock Delay      (SCD):    0.000ns
    Clock Pessimism Removal (CPR):    -0.000ns

    Location             Delay type                Incr(ns)  Path(ns)    Netlist Resource(s)
  -------------------------------------------------------------------    -------------------
                                                      0.000     0.000 r  s_axi_awaddr[0] (IN)
                         net (fo=0)                   0.009     0.009    u_axil_regs/s_axi_awaddr[0]
                         FDRE                                         r  u_axil_regs/awaddr_hold_reg[0]/D
  -------------------------------------------------------------------    -------------------

                         (clock accelerator_clk rise edge)
                                                      0.000     0.000 r  
                                                      0.000     0.000 r  aclk (IN)
                         net (fo=3362, unset)         0.019     0.019    u_axil_regs/aclk
                         FDRE                                         r  u_axil_regs/awaddr_hold_reg[0]/C

Slack:                    inf
  Source:                 s_axi_awaddr[1]
                            (input port)
  Destination:            u_axil_regs/awaddr_hold_reg[1]/D
                            (rising edge-triggered cell FDRE clocked by accelerator_clk  {rise@0.000ns fall@3.333ns period=6.667ns})
  Path Group:             (none)
  Path Type:              Hold (Min at Fast Process Corner)
  Data Path Delay:        0.009ns  (logic 0.000ns (0.000%)  route 0.009ns (100.000%))
  Logic Levels:           0  
  Clock Path Skew:        0.019ns (DCD - SCD - CPR)
    Destination Clock Delay (DCD):    0.019ns
    Source Clock Delay      (SCD):    0.000ns
    Clock Pessimism Removal (CPR):    -0.000ns

    Location             Delay type                Incr(ns)  Path(ns)    Netlist Resource(s)
  -------------------------------------------------------------------    -------------------
                                                      0.000     0.000 r  s_axi_awaddr[1] (IN)
                         net (fo=0)                   0.009     0.009    u_axil_regs/s_axi_awaddr[1]
                         FDRE                                         r  u_axil_regs/awaddr_hold_reg[1]/D
  -------------------------------------------------------------------    -------------------

                         (clock accelerator_clk rise edge)
                                                      0.000     0.000 r  
                                                      0.000     0.000 r  aclk (IN)
                         net (fo=3362, unset)         0.019     0.019    u_axil_regs/aclk
                         FDRE                                         r  u_axil_regs/awaddr_hold_reg[1]/C

Slack:                    inf
  Source:                 s_axi_awaddr[2]
                            (input port)
  Destination:            u_axil_regs/awaddr_hold_reg[2]/D
                            (rising edge-triggered cell FDRE clocked by accelerator_clk  {rise@0.000ns fall@3.333ns period=6.667ns})
  Path Group:             (none)
  Path Type:              Hold (Min at Fast Process Corner)
  Data Path Delay:        0.009ns  (logic 0.000ns (0.000%)  route 0.009ns (100.000%))
  Logic Levels:           0  
  Clock Path Skew:        0.019ns (DCD - SCD - CPR)
    Destination Clock Delay (DCD):    0.019ns
    Source Clock Delay      (SCD):    0.000ns
    Clock Pessimism Removal (CPR):    -0.000ns

    Location             Delay type                Incr(ns)  Path(ns)    Netlist Resource(s)
  -------------------------------------------------------------------    -------------------
                                                      0.000     0.000 r  s_axi_awaddr[2] (IN)
                         net (fo=0)                   0.009     0.009    u_axil_regs/s_axi_awaddr[2]
                         FDRE                                         r  u_axil_regs/awaddr_hold_reg[2]/D
  -------------------------------------------------------------------    -------------------

                         (clock accelerator_clk rise edge)
                                                      0.000     0.000 r  
                                                      0.000     0.000 r  aclk (IN)
                         net (fo=3362, unset)         0.019     0.019    u_axil_regs/aclk
                         FDRE                                         r  u_axil_regs/awaddr_hold_reg[2]/C

Slack:                    inf
  Source:                 s_axi_awaddr[3]
                            (input port)
  Destination:            u_axil_regs/awaddr_hold_reg[3]/D
                            (rising edge-triggered cell FDRE clocked by accelerator_clk  {rise@0.000ns fall@3.333ns period=6.667ns})
  Path Group:             (none)
  Path Type:              Hold (Min at Fast Process Corner)
  Data Path Delay:        0.009ns  (logic 0.000ns (0.000%)  route 0.009ns (100.000%))
  Logic Levels:           0  
  Clock Path Skew:        0.019ns (DCD - SCD - CPR)
    Destination Clock Delay (DCD):    0.019ns
    Source Clock Delay      (SCD):    0.000ns
    Clock Pessimism Removal (CPR):    -0.000ns

    Location             Delay type                Incr(ns)  Path(ns)    Netlist Resource(s)
  -------------------------------------------------------------------    -------------------
                                                      0.000     0.000 r  s_axi_awaddr[3] (IN)
                         net (fo=0)                   0.009     0.009    u_axil_regs/s_axi_awaddr[3]
                         FDRE                                         r  u_axil_regs/awaddr_hold_reg[3]/D
  -------------------------------------------------------------------    -------------------

                         (clock accelerator_clk rise edge)
                                                      0.000     0.000 r  
                                                      0.000     0.000 r  aclk (IN)
                         net (fo=3362, unset)         0.019     0.019    u_axil_regs/aclk
                         FDRE                                         r  u_axil_regs/awaddr_hold_reg[3]/C

Slack:                    inf
  Source:                 s_axi_awaddr[4]
                            (input port)
  Destination:            u_axil_regs/awaddr_hold_reg[4]/D
                            (rising edge-triggered cell FDRE clocked by accelerator_clk  {rise@0.000ns fall@3.333ns period=6.667ns})
  Path Group:             (none)
  Path Type:              Hold (Min at Fast Process Corner)
  Data Path Delay:        0.009ns  (logic 0.000ns (0.000%)  route 0.009ns (100.000%))
  Logic Levels:           0  
  Clock Path Skew:        0.019ns (DCD - SCD - CPR)
    Destination Clock Delay (DCD):    0.019ns
    Source Clock Delay      (SCD):    0.000ns
    Clock Pessimism Removal (CPR):    -0.000ns

    Location             Delay type                Incr(ns)  Path(ns)    Netlist Resource(s)
  -------------------------------------------------------------------    -------------------
                                                      0.000     0.000 r  s_axi_awaddr[4] (IN)
                         net (fo=0)                   0.009     0.009    u_axil_regs/s_axi_awaddr[4]
                         FDRE                                         r  u_axil_regs/awaddr_hold_reg[4]/D
  -------------------------------------------------------------------    -------------------

                         (clock accelerator_clk rise edge)
                                                      0.000     0.000 r  
                                                      0.000     0.000 r  aclk (IN)
                         net (fo=3362, unset)         0.019     0.019    u_axil_regs/aclk
                         FDRE                                         r  u_axil_regs/awaddr_hold_reg[4]/C

Slack:                    inf
  Source:                 s_axi_awaddr[5]
                            (input port)
  Destination:            u_axil_regs/awaddr_hold_reg[5]/D
                            (rising edge-triggered cell FDRE clocked by accelerator_clk  {rise@0.000ns fall@3.333ns period=6.667ns})
  Path Group:             (none)
  Path Type:              Hold (Min at Fast Process Corner)
  Data Path Delay:        0.009ns  (logic 0.000ns (0.000%)  route 0.009ns (100.000%))
  Logic Levels:           0  
  Clock Path Skew:        0.019ns (DCD - SCD - CPR)
    Destination Clock Delay (DCD):    0.019ns
    Source Clock Delay      (SCD):    0.000ns
    Clock Pessimism Removal (CPR):    -0.000ns

    Location             Delay type                Incr(ns)  Path(ns)    Netlist Resource(s)
  -------------------------------------------------------------------    -------------------
                                                      0.000     0.000 r  s_axi_awaddr[5] (IN)
                         net (fo=0)                   0.009     0.009    u_axil_regs/s_axi_awaddr[5]
                         FDRE                                         r  u_axil_regs/awaddr_hold_reg[5]/D
  -------------------------------------------------------------------    -------------------

                         (clock accelerator_clk rise edge)
                                                      0.000     0.000 r  
                                                      0.000     0.000 r  aclk (IN)
                         net (fo=3362, unset)         0.019     0.019    u_axil_regs/aclk
                         FDRE                                         r  u_axil_regs/awaddr_hold_reg[5]/C

Slack:                    inf
  Source:                 s_axi_wdata[0]
                            (input port)
  Destination:            u_axil_regs/wdata_hold_reg[0]/D
                            (rising edge-triggered cell FDRE clocked by accelerator_clk  {rise@0.000ns fall@3.333ns period=6.667ns})
  Path Group:             (none)
  Path Type:              Hold (Min at Fast Process Corner)
  Data Path Delay:        0.009ns  (logic 0.000ns (0.000%)  route 0.009ns (100.000%))
  Logic Levels:           0  
  Clock Path Skew:        0.019ns (DCD - SCD - CPR)
    Destination Clock Delay (DCD):    0.019ns
    Source Clock Delay      (SCD):    0.000ns
    Clock Pessimism Removal (CPR):    -0.000ns

    Location             Delay type                Incr(ns)  Path(ns)    Netlist Resource(s)
  -------------------------------------------------------------------    -------------------
                                                      0.000     0.000 r  s_axi_wdata[0] (IN)
                         net (fo=0)                   0.009     0.009    u_axil_regs/s_axi_wdata[0]
                         FDRE                                         r  u_axil_regs/wdata_hold_reg[0]/D
  -------------------------------------------------------------------    -------------------

                         (clock accelerator_clk rise edge)
                                                      0.000     0.000 r  
                                                      0.000     0.000 r  aclk (IN)
                         net (fo=3362, unset)         0.019     0.019    u_axil_regs/aclk
                         FDRE                                         r  u_axil_regs/wdata_hold_reg[0]/C

Slack:                    inf
  Source:                 s_axi_wdata[10]
                            (input port)
  Destination:            u_axil_regs/wdata_hold_reg[10]/D
                            (rising edge-triggered cell FDRE clocked by accelerator_clk  {rise@0.000ns fall@3.333ns period=6.667ns})
  Path Group:             (none)
  Path Type:              Hold (Min at Fast Process Corner)
  Data Path Delay:        0.009ns  (logic 0.000ns (0.000%)  route 0.009ns (100.000%))
  Logic Levels:           0  
  Clock Path Skew:        0.019ns (DCD - SCD - CPR)
    Destination Clock Delay (DCD):    0.019ns
    Source Clock Delay      (SCD):    0.000ns
    Clock Pessimism Removal (CPR):    -0.000ns

    Location             Delay type                Incr(ns)  Path(ns)    Netlist Resource(s)
  -------------------------------------------------------------------    -------------------
                                                      0.000     0.000 r  s_axi_wdata[10] (IN)
                         net (fo=0)                   0.009     0.009    u_axil_regs/s_axi_wdata[10]
                         FDRE                                         r  u_axil_regs/wdata_hold_reg[10]/D
  -------------------------------------------------------------------    -------------------

                         (clock accelerator_clk rise edge)
                                                      0.000     0.000 r  
                                                      0.000     0.000 r  aclk (IN)
                         net (fo=3362, unset)         0.019     0.019    u_axil_regs/aclk
                         FDRE                                         r  u_axil_regs/wdata_hold_reg[10]/C

Slack:                    inf
  Source:                 s_axi_wdata[11]
                            (input port)
  Destination:            u_axil_regs/wdata_hold_reg[11]/D
                            (rising edge-triggered cell FDRE clocked by accelerator_clk  {rise@0.000ns fall@3.333ns period=6.667ns})
  Path Group:             (none)
  Path Type:              Hold (Min at Fast Process Corner)
  Data Path Delay:        0.009ns  (logic 0.000ns (0.000%)  route 0.009ns (100.000%))
  Logic Levels:           0  
  Clock Path Skew:        0.019ns (DCD - SCD - CPR)
    Destination Clock Delay (DCD):    0.019ns
    Source Clock Delay      (SCD):    0.000ns
    Clock Pessimism Removal (CPR):    -0.000ns

    Location             Delay type                Incr(ns)  Path(ns)    Netlist Resource(s)
  -------------------------------------------------------------------    -------------------
                                                      0.000     0.000 r  s_axi_wdata[11] (IN)
                         net (fo=0)                   0.009     0.009    u_axil_regs/s_axi_wdata[11]
                         FDRE                                         r  u_axil_regs/wdata_hold_reg[11]/D
  -------------------------------------------------------------------    -------------------

                         (clock accelerator_clk rise edge)
                                                      0.000     0.000 r  
                                                      0.000     0.000 r  aclk (IN)
                         net (fo=3362, unset)         0.019     0.019    u_axil_regs/aclk
                         FDRE                                         r  u_axil_regs/wdata_hold_reg[11]/C

Slack:                    inf
  Source:                 s_axi_wdata[12]
                            (input port)
  Destination:            u_axil_regs/wdata_hold_reg[12]/D
                            (rising edge-triggered cell FDRE clocked by accelerator_clk  {rise@0.000ns fall@3.333ns period=6.667ns})
  Path Group:             (none)
  Path Type:              Hold (Min at Fast Process Corner)
  Data Path Delay:        0.009ns  (logic 0.000ns (0.000%)  route 0.009ns (100.000%))
  Logic Levels:           0  
  Clock Path Skew:        0.019ns (DCD - SCD - CPR)
    Destination Clock Delay (DCD):    0.019ns
    Source Clock Delay      (SCD):    0.000ns
    Clock Pessimism Removal (CPR):    -0.000ns

    Location             Delay type                Incr(ns)  Path(ns)    Netlist Resource(s)
  -------------------------------------------------------------------    -------------------
                                                      0.000     0.000 r  s_axi_wdata[12] (IN)
                         net (fo=0)                   0.009     0.009    u_axil_regs/s_axi_wdata[12]
                         FDRE                                         r  u_axil_regs/wdata_hold_reg[12]/D
  -------------------------------------------------------------------    -------------------

                         (clock accelerator_clk rise edge)
                                                      0.000     0.000 r  
                                                      0.000     0.000 r  aclk (IN)
                         net (fo=3362, unset)         0.019     0.019    u_axil_regs/aclk
                         FDRE                                         r  u_axil_regs/wdata_hold_reg[12]/C

Slack:                    inf
  Source:                 s_axi_wdata[13]
                            (input port)
  Destination:            u_axil_regs/wdata_hold_reg[13]/D
                            (rising edge-triggered cell FDRE clocked by accelerator_clk  {rise@0.000ns fall@3.333ns period=6.667ns})
  Path Group:             (none)
  Path Type:              Hold (Min at Fast Process Corner)
  Data Path Delay:        0.009ns  (logic 0.000ns (0.000%)  route 0.009ns (100.000%))
  Logic Levels:           0  
  Clock Path Skew:        0.019ns (DCD - SCD - CPR)
    Destination Clock Delay (DCD):    0.019ns
    Source Clock Delay      (SCD):    0.000ns
    Clock Pessimism Removal (CPR):    -0.000ns

    Location             Delay type                Incr(ns)  Path(ns)    Netlist Resource(s)
  -------------------------------------------------------------------    -------------------
                                                      0.000     0.000 r  s_axi_wdata[13] (IN)
                         net (fo=0)                   0.009     0.009    u_axil_regs/s_axi_wdata[13]
                         FDRE                                         r  u_axil_regs/wdata_hold_reg[13]/D
  -------------------------------------------------------------------    -------------------

                         (clock accelerator_clk rise edge)
                                                      0.000     0.000 r  
                                                      0.000     0.000 r  aclk (IN)
                         net (fo=3362, unset)         0.019     0.019    u_axil_regs/aclk
                         FDRE                                         r  u_axil_regs/wdata_hold_reg[13]/C

Slack:                    inf
  Source:                 s_axi_wdata[14]
                            (input port)
  Destination:            u_axil_regs/wdata_hold_reg[14]/D
                            (rising edge-triggered cell FDRE clocked by accelerator_clk  {rise@0.000ns fall@3.333ns period=6.667ns})
  Path Group:             (none)
  Path Type:              Hold (Min at Fast Process Corner)
  Data Path Delay:        0.009ns  (logic 0.000ns (0.000%)  route 0.009ns (100.000%))
  Logic Levels:           0  
  Clock Path Skew:        0.019ns (DCD - SCD - CPR)
    Destination Clock Delay (DCD):    0.019ns
    Source Clock Delay      (SCD):    0.000ns
    Clock Pessimism Removal (CPR):    -0.000ns

    Location             Delay type                Incr(ns)  Path(ns)    Netlist Resource(s)
  -------------------------------------------------------------------    -------------------
                                                      0.000     0.000 r  s_axi_wdata[14] (IN)
                         net (fo=0)                   0.009     0.009    u_axil_regs/s_axi_wdata[14]
                         FDRE                                         r  u_axil_regs/wdata_hold_reg[14]/D
  -------------------------------------------------------------------    -------------------

                         (clock accelerator_clk rise edge)
                                                      0.000     0.000 r  
                                                      0.000     0.000 r  aclk (IN)
                         net (fo=3362, unset)         0.019     0.019    u_axil_regs/aclk
                         FDRE                                         r  u_axil_regs/wdata_hold_reg[14]/C

Slack:                    inf
  Source:                 s_axi_wdata[15]
                            (input port)
  Destination:            u_axil_regs/wdata_hold_reg[15]/D
                            (rising edge-triggered cell FDRE clocked by accelerator_clk  {rise@0.000ns fall@3.333ns period=6.667ns})
  Path Group:             (none)
  Path Type:              Hold (Min at Fast Process Corner)
  Data Path Delay:        0.009ns  (logic 0.000ns (0.000%)  route 0.009ns (100.000%))
  Logic Levels:           0  
  Clock Path Skew:        0.019ns (DCD - SCD - CPR)
    Destination Clock Delay (DCD):    0.019ns
    Source Clock Delay      (SCD):    0.000ns
    Clock Pessimism Removal (CPR):    -0.000ns

    Location             Delay type                Incr(ns)  Path(ns)    Netlist Resource(s)
  -------------------------------------------------------------------    -------------------
                                                      0.000     0.000 r  s_axi_wdata[15] (IN)
                         net (fo=0)                   0.009     0.009    u_axil_regs/s_axi_wdata[15]
                         FDRE                                         r  u_axil_regs/wdata_hold_reg[15]/D
  -------------------------------------------------------------------    -------------------

                         (clock accelerator_clk rise edge)
                                                      0.000     0.000 r  
                                                      0.000     0.000 r  aclk (IN)
                         net (fo=3362, unset)         0.019     0.019    u_axil_regs/aclk
                         FDRE                                         r  u_axil_regs/wdata_hold_reg[15]/C

Slack:                    inf
  Source:                 s_axi_wdata[16]
                            (input port)
  Destination:            u_axil_regs/wdata_hold_reg[16]/D
                            (rising edge-triggered cell FDRE clocked by accelerator_clk  {rise@0.000ns fall@3.333ns period=6.667ns})
  Path Group:             (none)
  Path Type:              Hold (Min at Fast Process Corner)
  Data Path Delay:        0.009ns  (logic 0.000ns (0.000%)  route 0.009ns (100.000%))
  Logic Levels:           0  
  Clock Path Skew:        0.019ns (DCD - SCD - CPR)
    Destination Clock Delay (DCD):    0.019ns
    Source Clock Delay      (SCD):    0.000ns
    Clock Pessimism Removal (CPR):    -0.000ns

    Location             Delay type                Incr(ns)  Path(ns)    Netlist Resource(s)
  -------------------------------------------------------------------    -------------------
                                                      0.000     0.000 r  s_axi_wdata[16] (IN)
                         net (fo=0)                   0.009     0.009    u_axil_regs/s_axi_wdata[16]
                         FDRE                                         r  u_axil_regs/wdata_hold_reg[16]/D
  -------------------------------------------------------------------    -------------------

                         (clock accelerator_clk rise edge)
                                                      0.000     0.000 r  
                                                      0.000     0.000 r  aclk (IN)
                         net (fo=3362, unset)         0.019     0.019    u_axil_regs/aclk
                         FDRE                                         r  u_axil_regs/wdata_hold_reg[16]/C

Slack:                    inf
  Source:                 s_axi_wdata[17]
                            (input port)
  Destination:            u_axil_regs/wdata_hold_reg[17]/D
                            (rising edge-triggered cell FDRE clocked by accelerator_clk  {rise@0.000ns fall@3.333ns period=6.667ns})
  Path Group:             (none)
  Path Type:              Hold (Min at Fast Process Corner)
  Data Path Delay:        0.009ns  (logic 0.000ns (0.000%)  route 0.009ns (100.000%))
  Logic Levels:           0  
  Clock Path Skew:        0.019ns (DCD - SCD - CPR)
    Destination Clock Delay (DCD):    0.019ns
    Source Clock Delay      (SCD):    0.000ns
    Clock Pessimism Removal (CPR):    -0.000ns

    Location             Delay type                Incr(ns)  Path(ns)    Netlist Resource(s)
  -------------------------------------------------------------------    -------------------
                                                      0.000     0.000 r  s_axi_wdata[17] (IN)
                         net (fo=0)                   0.009     0.009    u_axil_regs/s_axi_wdata[17]
                         FDRE                                         r  u_axil_regs/wdata_hold_reg[17]/D
  -------------------------------------------------------------------    -------------------

                         (clock accelerator_clk rise edge)
                                                      0.000     0.000 r  
                                                      0.000     0.000 r  aclk (IN)
                         net (fo=3362, unset)         0.019     0.019    u_axil_regs/aclk
                         FDRE                                         r  u_axil_regs/wdata_hold_reg[17]/C

Slack:                    inf
  Source:                 s_axi_wdata[18]
                            (input port)
  Destination:            u_axil_regs/wdata_hold_reg[18]/D
                            (rising edge-triggered cell FDRE clocked by accelerator_clk  {rise@0.000ns fall@3.333ns period=6.667ns})
  Path Group:             (none)
  Path Type:              Hold (Min at Fast Process Corner)
  Data Path Delay:        0.009ns  (logic 0.000ns (0.000%)  route 0.009ns (100.000%))
  Logic Levels:           0  
  Clock Path Skew:        0.019ns (DCD - SCD - CPR)
    Destination Clock Delay (DCD):    0.019ns
    Source Clock Delay      (SCD):    0.000ns
    Clock Pessimism Removal (CPR):    -0.000ns

    Location             Delay type                Incr(ns)  Path(ns)    Netlist Resource(s)
  -------------------------------------------------------------------    -------------------
                                                      0.000     0.000 r  s_axi_wdata[18] (IN)
                         net (fo=0)                   0.009     0.009    u_axil_regs/s_axi_wdata[18]
                         FDRE                                         r  u_axil_regs/wdata_hold_reg[18]/D
  -------------------------------------------------------------------    -------------------

                         (clock accelerator_clk rise edge)
                                                      0.000     0.000 r  
                                                      0.000     0.000 r  aclk (IN)
                         net (fo=3362, unset)         0.019     0.019    u_axil_regs/aclk
                         FDRE                                         r  u_axil_regs/wdata_hold_reg[18]/C

Slack:                    inf
  Source:                 s_axi_wdata[19]
                            (input port)
  Destination:            u_axil_regs/wdata_hold_reg[19]/D
                            (rising edge-triggered cell FDRE clocked by accelerator_clk  {rise@0.000ns fall@3.333ns period=6.667ns})
  Path Group:             (none)
  Path Type:              Hold (Min at Fast Process Corner)
  Data Path Delay:        0.009ns  (logic 0.000ns (0.000%)  route 0.009ns (100.000%))
  Logic Levels:           0  
  Clock Path Skew:        0.019ns (DCD - SCD - CPR)
    Destination Clock Delay (DCD):    0.019ns
    Source Clock Delay      (SCD):    0.000ns
    Clock Pessimism Removal (CPR):    -0.000ns

    Location             Delay type                Incr(ns)  Path(ns)    Netlist Resource(s)
  -------------------------------------------------------------------    -------------------
                                                      0.000     0.000 r  s_axi_wdata[19] (IN)
                         net (fo=0)                   0.009     0.009    u_axil_regs/s_axi_wdata[19]
                         FDRE                                         r  u_axil_regs/wdata_hold_reg[19]/D
  -------------------------------------------------------------------    -------------------

                         (clock accelerator_clk rise edge)
                                                      0.000     0.000 r  
                                                      0.000     0.000 r  aclk (IN)
                         net (fo=3362, unset)         0.019     0.019    u_axil_regs/aclk
                         FDRE                                         r  u_axil_regs/wdata_hold_reg[19]/C

Slack:                    inf
  Source:                 s_axi_wdata[1]
                            (input port)
  Destination:            u_axil_regs/wdata_hold_reg[1]/D
                            (rising edge-triggered cell FDRE clocked by accelerator_clk  {rise@0.000ns fall@3.333ns period=6.667ns})
  Path Group:             (none)
  Path Type:              Hold (Min at Fast Process Corner)
  Data Path Delay:        0.009ns  (logic 0.000ns (0.000%)  route 0.009ns (100.000%))
  Logic Levels:           0  
  Clock Path Skew:        0.019ns (DCD - SCD - CPR)
    Destination Clock Delay (DCD):    0.019ns
    Source Clock Delay      (SCD):    0.000ns
    Clock Pessimism Removal (CPR):    -0.000ns

    Location             Delay type                Incr(ns)  Path(ns)    Netlist Resource(s)
  -------------------------------------------------------------------    -------------------
                                                      0.000     0.000 r  s_axi_wdata[1] (IN)
                         net (fo=0)                   0.009     0.009    u_axil_regs/s_axi_wdata[1]
                         FDRE                                         r  u_axil_regs/wdata_hold_reg[1]/D
  -------------------------------------------------------------------    -------------------

                         (clock accelerator_clk rise edge)
                                                      0.000     0.000 r  
                                                      0.000     0.000 r  aclk (IN)
                         net (fo=3362, unset)         0.019     0.019    u_axil_regs/aclk
                         FDRE                                         r  u_axil_regs/wdata_hold_reg[1]/C

Slack:                    inf
  Source:                 s_axi_wdata[20]
                            (input port)
  Destination:            u_axil_regs/wdata_hold_reg[20]/D
                            (rising edge-triggered cell FDRE clocked by accelerator_clk  {rise@0.000ns fall@3.333ns period=6.667ns})
  Path Group:             (none)
  Path Type:              Hold (Min at Fast Process Corner)
  Data Path Delay:        0.009ns  (logic 0.000ns (0.000%)  route 0.009ns (100.000%))
  Logic Levels:           0  
  Clock Path Skew:        0.019ns (DCD - SCD - CPR)
    Destination Clock Delay (DCD):    0.019ns
    Source Clock Delay      (SCD):    0.000ns
    Clock Pessimism Removal (CPR):    -0.000ns

    Location             Delay type                Incr(ns)  Path(ns)    Netlist Resource(s)
  -------------------------------------------------------------------    -------------------
                                                      0.000     0.000 r  s_axi_wdata[20] (IN)
                         net (fo=0)                   0.009     0.009    u_axil_regs/s_axi_wdata[20]
                         FDRE                                         r  u_axil_regs/wdata_hold_reg[20]/D
  -------------------------------------------------------------------    -------------------

                         (clock accelerator_clk rise edge)
                                                      0.000     0.000 r  
                                                      0.000     0.000 r  aclk (IN)
                         net (fo=3362, unset)         0.019     0.019    u_axil_regs/aclk
                         FDRE                                         r  u_axil_regs/wdata_hold_reg[20]/C

Slack:                    inf
  Source:                 s_axi_wdata[21]
                            (input port)
  Destination:            u_axil_regs/wdata_hold_reg[21]/D
                            (rising edge-triggered cell FDRE clocked by accelerator_clk  {rise@0.000ns fall@3.333ns period=6.667ns})
  Path Group:             (none)
  Path Type:              Hold (Min at Fast Process Corner)
  Data Path Delay:        0.009ns  (logic 0.000ns (0.000%)  route 0.009ns (100.000%))
  Logic Levels:           0  
  Clock Path Skew:        0.019ns (DCD - SCD - CPR)
    Destination Clock Delay (DCD):    0.019ns
    Source Clock Delay      (SCD):    0.000ns
    Clock Pessimism Removal (CPR):    -0.000ns

    Location             Delay type                Incr(ns)  Path(ns)    Netlist Resource(s)
  -------------------------------------------------------------------    -------------------
                                                      0.000     0.000 r  s_axi_wdata[21] (IN)
                         net (fo=0)                   0.009     0.009    u_axil_regs/s_axi_wdata[21]
                         FDRE                                         r  u_axil_regs/wdata_hold_reg[21]/D
  -------------------------------------------------------------------    -------------------

                         (clock accelerator_clk rise edge)
                                                      0.000     0.000 r  
                                                      0.000     0.000 r  aclk (IN)
                         net (fo=3362, unset)         0.019     0.019    u_axil_regs/aclk
                         FDRE                                         r  u_axil_regs/wdata_hold_reg[21]/C

Slack:                    inf
  Source:                 s_axi_wdata[22]
                            (input port)
  Destination:            u_axil_regs/wdata_hold_reg[22]/D
                            (rising edge-triggered cell FDRE clocked by accelerator_clk  {rise@0.000ns fall@3.333ns period=6.667ns})
  Path Group:             (none)
  Path Type:              Hold (Min at Fast Process Corner)
  Data Path Delay:        0.009ns  (logic 0.000ns (0.000%)  route 0.009ns (100.000%))
  Logic Levels:           0  
  Clock Path Skew:        0.019ns (DCD - SCD - CPR)
    Destination Clock Delay (DCD):    0.019ns
    Source Clock Delay      (SCD):    0.000ns
    Clock Pessimism Removal (CPR):    -0.000ns

    Location             Delay type                Incr(ns)  Path(ns)    Netlist Resource(s)
  -------------------------------------------------------------------    -------------------
                                                      0.000     0.000 r  s_axi_wdata[22] (IN)
                         net (fo=0)                   0.009     0.009    u_axil_regs/s_axi_wdata[22]
                         FDRE                                         r  u_axil_regs/wdata_hold_reg[22]/D
  -------------------------------------------------------------------    -------------------

                         (clock accelerator_clk rise edge)
                                                      0.000     0.000 r  
                                                      0.000     0.000 r  aclk (IN)
                         net (fo=3362, unset)         0.019     0.019    u_axil_regs/aclk
                         FDRE                                         r  u_axil_regs/wdata_hold_reg[22]/C

Slack:                    inf
  Source:                 s_axi_wdata[23]
                            (input port)
  Destination:            u_axil_regs/wdata_hold_reg[23]/D
                            (rising edge-triggered cell FDRE clocked by accelerator_clk  {rise@0.000ns fall@3.333ns period=6.667ns})
  Path Group:             (none)
  Path Type:              Hold (Min at Fast Process Corner)
  Data Path Delay:        0.009ns  (logic 0.000ns (0.000%)  route 0.009ns (100.000%))
  Logic Levels:           0  
  Clock Path Skew:        0.019ns (DCD - SCD - CPR)
    Destination Clock Delay (DCD):    0.019ns
    Source Clock Delay      (SCD):    0.000ns
    Clock Pessimism Removal (CPR):    -0.000ns

    Location             Delay type                Incr(ns)  Path(ns)    Netlist Resource(s)
  -------------------------------------------------------------------    -------------------
                                                      0.000     0.000 r  s_axi_wdata[23] (IN)
                         net (fo=0)                   0.009     0.009    u_axil_regs/s_axi_wdata[23]
                         FDRE                                         r  u_axil_regs/wdata_hold_reg[23]/D
  -------------------------------------------------------------------    -------------------

                         (clock accelerator_clk rise edge)
                                                      0.000     0.000 r  
                                                      0.000     0.000 r  aclk (IN)
                         net (fo=3362, unset)         0.019     0.019    u_axil_regs/aclk
                         FDRE                                         r  u_axil_regs/wdata_hold_reg[23]/C

Slack:                    inf
  Source:                 s_axi_wdata[24]
                            (input port)
  Destination:            u_axil_regs/wdata_hold_reg[24]/D
                            (rising edge-triggered cell FDRE clocked by accelerator_clk  {rise@0.000ns fall@3.333ns period=6.667ns})
  Path Group:             (none)
  Path Type:              Hold (Min at Fast Process Corner)
  Data Path Delay:        0.009ns  (logic 0.000ns (0.000%)  route 0.009ns (100.000%))
  Logic Levels:           0  
  Clock Path Skew:        0.019ns (DCD - SCD - CPR)
    Destination Clock Delay (DCD):    0.019ns
    Source Clock Delay      (SCD):    0.000ns
    Clock Pessimism Removal (CPR):    -0.000ns

    Location             Delay type                Incr(ns)  Path(ns)    Netlist Resource(s)
  -------------------------------------------------------------------    -------------------
                                                      0.000     0.000 r  s_axi_wdata[24] (IN)
                         net (fo=0)                   0.009     0.009    u_axil_regs/s_axi_wdata[24]
                         FDRE                                         r  u_axil_regs/wdata_hold_reg[24]/D
  -------------------------------------------------------------------    -------------------

                         (clock accelerator_clk rise edge)
                                                      0.000     0.000 r  
                                                      0.000     0.000 r  aclk (IN)
                         net (fo=3362, unset)         0.019     0.019    u_axil_regs/aclk
                         FDRE                                         r  u_axil_regs/wdata_hold_reg[24]/C

Slack:                    inf
  Source:                 s_axi_wdata[25]
                            (input port)
  Destination:            u_axil_regs/wdata_hold_reg[25]/D
                            (rising edge-triggered cell FDRE clocked by accelerator_clk  {rise@0.000ns fall@3.333ns period=6.667ns})
  Path Group:             (none)
  Path Type:              Hold (Min at Fast Process Corner)
  Data Path Delay:        0.009ns  (logic 0.000ns (0.000%)  route 0.009ns (100.000%))
  Logic Levels:           0  
  Clock Path Skew:        0.019ns (DCD - SCD - CPR)
    Destination Clock Delay (DCD):    0.019ns
    Source Clock Delay      (SCD):    0.000ns
    Clock Pessimism Removal (CPR):    -0.000ns

    Location             Delay type                Incr(ns)  Path(ns)    Netlist Resource(s)
  -------------------------------------------------------------------    -------------------
                                                      0.000     0.000 r  s_axi_wdata[25] (IN)
                         net (fo=0)                   0.009     0.009    u_axil_regs/s_axi_wdata[25]
                         FDRE                                         r  u_axil_regs/wdata_hold_reg[25]/D
  -------------------------------------------------------------------    -------------------

                         (clock accelerator_clk rise edge)
                                                      0.000     0.000 r  
                                                      0.000     0.000 r  aclk (IN)
                         net (fo=3362, unset)         0.019     0.019    u_axil_regs/aclk
                         FDRE                                         r  u_axil_regs/wdata_hold_reg[25]/C

Slack:                    inf
  Source:                 s_axi_wdata[26]
                            (input port)
  Destination:            u_axil_regs/wdata_hold_reg[26]/D
                            (rising edge-triggered cell FDRE clocked by accelerator_clk  {rise@0.000ns fall@3.333ns period=6.667ns})
  Path Group:             (none)
  Path Type:              Hold (Min at Fast Process Corner)
  Data Path Delay:        0.009ns  (logic 0.000ns (0.000%)  route 0.009ns (100.000%))
  Logic Levels:           0  
  Clock Path Skew:        0.019ns (DCD - SCD - CPR)
    Destination Clock Delay (DCD):    0.019ns
    Source Clock Delay      (SCD):    0.000ns
    Clock Pessimism Removal (CPR):    -0.000ns

    Location             Delay type                Incr(ns)  Path(ns)    Netlist Resource(s)
  -------------------------------------------------------------------    -------------------
                                                      0.000     0.000 r  s_axi_wdata[26] (IN)
                         net (fo=0)                   0.009     0.009    u_axil_regs/s_axi_wdata[26]
                         FDRE                                         r  u_axil_regs/wdata_hold_reg[26]/D
  -------------------------------------------------------------------    -------------------

                         (clock accelerator_clk rise edge)
                                                      0.000     0.000 r  
                                                      0.000     0.000 r  aclk (IN)
                         net (fo=3362, unset)         0.019     0.019    u_axil_regs/aclk
                         FDRE                                         r  u_axil_regs/wdata_hold_reg[26]/C

Slack:                    inf
  Source:                 s_axi_wdata[27]
                            (input port)
  Destination:            u_axil_regs/wdata_hold_reg[27]/D
                            (rising edge-triggered cell FDRE clocked by accelerator_clk  {rise@0.000ns fall@3.333ns period=6.667ns})
  Path Group:             (none)
  Path Type:              Hold (Min at Fast Process Corner)
  Data Path Delay:        0.009ns  (logic 0.000ns (0.000%)  route 0.009ns (100.000%))
  Logic Levels:           0  
  Clock Path Skew:        0.019ns (DCD - SCD - CPR)
    Destination Clock Delay (DCD):    0.019ns
    Source Clock Delay      (SCD):    0.000ns
    Clock Pessimism Removal (CPR):    -0.000ns

    Location             Delay type                Incr(ns)  Path(ns)    Netlist Resource(s)
  -------------------------------------------------------------------    -------------------
                                                      0.000     0.000 r  s_axi_wdata[27] (IN)
                         net (fo=0)                   0.009     0.009    u_axil_regs/s_axi_wdata[27]
                         FDRE                                         r  u_axil_regs/wdata_hold_reg[27]/D
  -------------------------------------------------------------------    -------------------

                         (clock accelerator_clk rise edge)
                                                      0.000     0.000 r  
                                                      0.000     0.000 r  aclk (IN)
                         net (fo=3362, unset)         0.019     0.019    u_axil_regs/aclk
                         FDRE                                         r  u_axil_regs/wdata_hold_reg[27]/C

Slack:                    inf
  Source:                 s_axi_wdata[28]
                            (input port)
  Destination:            u_axil_regs/wdata_hold_reg[28]/D
                            (rising edge-triggered cell FDRE clocked by accelerator_clk  {rise@0.000ns fall@3.333ns period=6.667ns})
  Path Group:             (none)
  Path Type:              Hold (Min at Fast Process Corner)
  Data Path Delay:        0.009ns  (logic 0.000ns (0.000%)  route 0.009ns (100.000%))
  Logic Levels:           0  
  Clock Path Skew:        0.019ns (DCD - SCD - CPR)
    Destination Clock Delay (DCD):    0.019ns
    Source Clock Delay      (SCD):    0.000ns
    Clock Pessimism Removal (CPR):    -0.000ns

    Location             Delay type                Incr(ns)  Path(ns)    Netlist Resource(s)
  -------------------------------------------------------------------    -------------------
                                                      0.000     0.000 r  s_axi_wdata[28] (IN)
                         net (fo=0)                   0.009     0.009    u_axil_regs/s_axi_wdata[28]
                         FDRE                                         r  u_axil_regs/wdata_hold_reg[28]/D
  -------------------------------------------------------------------    -------------------

                         (clock accelerator_clk rise edge)
                                                      0.000     0.000 r  
                                                      0.000     0.000 r  aclk (IN)
                         net (fo=3362, unset)         0.019     0.019    u_axil_regs/aclk
                         FDRE                                         r  u_axil_regs/wdata_hold_reg[28]/C

Slack:                    inf
  Source:                 s_axi_wdata[29]
                            (input port)
  Destination:            u_axil_regs/wdata_hold_reg[29]/D
                            (rising edge-triggered cell FDRE clocked by accelerator_clk  {rise@0.000ns fall@3.333ns period=6.667ns})
  Path Group:             (none)
  Path Type:              Hold (Min at Fast Process Corner)
  Data Path Delay:        0.009ns  (logic 0.000ns (0.000%)  route 0.009ns (100.000%))
  Logic Levels:           0  
  Clock Path Skew:        0.019ns (DCD - SCD - CPR)
    Destination Clock Delay (DCD):    0.019ns
    Source Clock Delay      (SCD):    0.000ns
    Clock Pessimism Removal (CPR):    -0.000ns

    Location             Delay type                Incr(ns)  Path(ns)    Netlist Resource(s)
  -------------------------------------------------------------------    -------------------
                                                      0.000     0.000 r  s_axi_wdata[29] (IN)
                         net (fo=0)                   0.009     0.009    u_axil_regs/s_axi_wdata[29]
                         FDRE                                         r  u_axil_regs/wdata_hold_reg[29]/D
  -------------------------------------------------------------------    -------------------

                         (clock accelerator_clk rise edge)
                                                      0.000     0.000 r  
                                                      0.000     0.000 r  aclk (IN)
                         net (fo=3362, unset)         0.019     0.019    u_axil_regs/aclk
                         FDRE                                         r  u_axil_regs/wdata_hold_reg[29]/C

Slack:                    inf
  Source:                 s_axi_wdata[2]
                            (input port)
  Destination:            u_axil_regs/wdata_hold_reg[2]/D
                            (rising edge-triggered cell FDRE clocked by accelerator_clk  {rise@0.000ns fall@3.333ns period=6.667ns})
  Path Group:             (none)
  Path Type:              Hold (Min at Fast Process Corner)
  Data Path Delay:        0.009ns  (logic 0.000ns (0.000%)  route 0.009ns (100.000%))
  Logic Levels:           0  
  Clock Path Skew:        0.019ns (DCD - SCD - CPR)
    Destination Clock Delay (DCD):    0.019ns
    Source Clock Delay      (SCD):    0.000ns
    Clock Pessimism Removal (CPR):    -0.000ns

    Location             Delay type                Incr(ns)  Path(ns)    Netlist Resource(s)
  -------------------------------------------------------------------    -------------------
                                                      0.000     0.000 r  s_axi_wdata[2] (IN)
                         net (fo=0)                   0.009     0.009    u_axil_regs/s_axi_wdata[2]
                         FDRE                                         r  u_axil_regs/wdata_hold_reg[2]/D
  -------------------------------------------------------------------    -------------------

                         (clock accelerator_clk rise edge)
                                                      0.000     0.000 r  
                                                      0.000     0.000 r  aclk (IN)
                         net (fo=3362, unset)         0.019     0.019    u_axil_regs/aclk
                         FDRE                                         r  u_axil_regs/wdata_hold_reg[2]/C

Slack:                    inf
  Source:                 s_axi_wdata[30]
                            (input port)
  Destination:            u_axil_regs/wdata_hold_reg[30]/D
                            (rising edge-triggered cell FDRE clocked by accelerator_clk  {rise@0.000ns fall@3.333ns period=6.667ns})
  Path Group:             (none)
  Path Type:              Hold (Min at Fast Process Corner)
  Data Path Delay:        0.009ns  (logic 0.000ns (0.000%)  route 0.009ns (100.000%))
  Logic Levels:           0  
  Clock Path Skew:        0.019ns (DCD - SCD - CPR)
    Destination Clock Delay (DCD):    0.019ns
    Source Clock Delay      (SCD):    0.000ns
    Clock Pessimism Removal (CPR):    -0.000ns

    Location             Delay type                Incr(ns)  Path(ns)    Netlist Resource(s)
  -------------------------------------------------------------------    -------------------
                                                      0.000     0.000 r  s_axi_wdata[30] (IN)
                         net (fo=0)                   0.009     0.009    u_axil_regs/s_axi_wdata[30]
                         FDRE                                         r  u_axil_regs/wdata_hold_reg[30]/D
  -------------------------------------------------------------------    -------------------

                         (clock accelerator_clk rise edge)
                                                      0.000     0.000 r  
                                                      0.000     0.000 r  aclk (IN)
                         net (fo=3362, unset)         0.019     0.019    u_axil_regs/aclk
                         FDRE                                         r  u_axil_regs/wdata_hold_reg[30]/C





