Copyright 1986-2022 Xilinx, Inc. All Rights Reserved. Copyright 2022-2023 Advanced Micro Devices, Inc. All Rights Reserved.
-------------------------------------------------------------------------------------------------------------------------------------------------------------------------------------------------------------------------------------------------------------------
| Tool Version      : Vivado v.2023.2 (lin64) Build 4029153 Fri Oct 13 20:13:54 MDT 2023
| Date              : Thu Oct  1 05:54:23 2026
| Host              : frankhasrisen running 64-bit Ubuntu 22.04.5 LTS
| Command           : report_timing_summary -delay_type min_max -report_unconstrained -check_timing_verbose -max_paths 20 -file /home/frankhasrisen/fpga-rtl-portfolio/projects/zcu104/06-streaming-dsp-accelerator-soc/reports/fir32_synthesis_timing_summary.rpt
| Design            : fir32_axis
| Device            : xczu7ev-ffvc1156
| Speed File        : -2  PRODUCTION 1.30 05-15-2022
| Design State      : Synthesized
| Temperature Grade : E
-------------------------------------------------------------------------------------------------------------------------------------------------------------------------------------------------------------------------------------------------------------------

Timing Summary Report

------------------------------------------------------------------------------------------------
| Timer Settings
| --------------
------------------------------------------------------------------------------------------------

  Enable Multi Corner Analysis               :  Yes
  Enable Pessimism Removal                   :  Yes
  Pessimism Removal Resolution               :  Nearest Common Node
  Enable Input Delay Default Clock           :  No
  Enable Preset / Clear Arcs                 :  No
  Disable Flight Delays                      :  No
  Ignore I/O Paths                           :  No
  Timing Early Launch at Borrowing Latches   :  No
  Borrow Time for Max Delay Exceptions       :  Yes
  Merge Timing Exceptions                    :  Yes
  Inter-SLR Compensation                     :  Conservative

  Corner  Analyze    Analyze    
  Name    Max Paths  Min Paths  
  ------  ---------  ---------  
  Slow    Yes        Yes        
  Fast    Yes        Yes        


------------------------------------------------------------------------------------------------
| Report Methodology
| ------------------
------------------------------------------------------------------------------------------------

No report available as report_methodology has not been run prior. Run report_methodology on the current design for the summary of methodology violations.



check_timing report

Table of Contents
-----------------
1. checking no_clock (0)
2. checking constant_clock (0)
3. checking pulse_width_clock (0)
4. checking unconstrained_internal_endpoints (0)
5. checking no_input_delay (20)
6. checking no_output_delay (19)
7. checking multiple_clock (0)
8. checking generated_clocks (0)
9. checking loops (0)
10. checking partial_input_delay (0)
11. checking partial_output_delay (0)
12. checking latch_loops (0)

1. checking no_clock (0)
------------------------
 There are 0 register/latch pins with no clock.


2. checking constant_clock (0)
------------------------------
 There are 0 register/latch pins with constant_clock.


3. checking pulse_width_clock (0)
---------------------------------
 There are 0 register/latch pins which need pulse_width check


4. checking unconstrained_internal_endpoints (0)
------------------------------------------------
 There are 0 pins that are not constrained for maximum delay.

 There are 0 pins that are not constrained for maximum delay due to constant clock.


5. checking no_input_delay (20)
-------------------------------
 There are 20 input ports with no input delay specified. (HIGH)

aresetn
m_axis_tready
s_axis_tdata[0]
s_axis_tdata[10]
s_axis_tdata[11]
s_axis_tdata[12]
s_axis_tdata[13]
s_axis_tdata[14]
s_axis_tdata[15]
s_axis_tdata[1]
s_axis_tdata[2]
s_axis_tdata[3]
s_axis_tdata[4]
s_axis_tdata[5]
s_axis_tdata[6]
s_axis_tdata[7]
s_axis_tdata[8]
s_axis_tdata[9]
s_axis_tlast
s_axis_tvalid

 There are 0 input ports with no input delay but user has a false path constraint.


6. checking no_output_delay (19)
--------------------------------
 There are 19 ports with no output delay specified. (HIGH)

m_axis_tdata[0]
m_axis_tdata[10]
m_axis_tdata[11]
m_axis_tdata[12]
m_axis_tdata[13]
m_axis_tdata[14]
m_axis_tdata[15]
m_axis_tdata[1]
m_axis_tdata[2]
m_axis_tdata[3]
m_axis_tdata[4]
m_axis_tdata[5]
m_axis_tdata[6]
m_axis_tdata[7]
m_axis_tdata[8]
m_axis_tdata[9]
m_axis_tlast
m_axis_tvalid
s_axis_tready

 There are 0 ports with no output delay but user has a false path constraint

 There are 0 ports with no output delay but with a timing clock defined on it or propagating through it


7. checking multiple_clock (0)
------------------------------
 There are 0 register/latch pins with multiple clocks.


8. checking generated_clocks (0)
--------------------------------
 There are 0 generated clocks that are not connected to a clock source.


9. checking loops (0)
---------------------
 There are 0 combinational loops in the design.


10. checking partial_input_delay (0)
------------------------------------
 There are 0 input ports with partial input delay specified.


11. checking partial_output_delay (0)
-------------------------------------
 There are 0 ports with partial output delay specified.


12. checking latch_loops (0)
----------------------------
 There are 0 combinational latch loops in the design through latch input



------------------------------------------------------------------------------------------------
| Design Timing Summary
| ---------------------
------------------------------------------------------------------------------------------------

    WNS(ns)      TNS(ns)  TNS Failing Endpoints  TNS Total Endpoints      WHS(ns)      THS(ns)  THS Failing Endpoints  THS Total Endpoints     WPWS(ns)     TPWS(ns)  TPWS Failing Endpoints  TPWS Total Endpoints  
    -------      -------  ---------------------  -------------------      -------      -------  ---------------------  -------------------     --------     --------  ----------------------  --------------------  
      4.396        0.000                      0                 5561        0.070        0.000                      0                 5561        3.058        0.000                       0                   750  


All user specified timing constraints are met.


------------------------------------------------------------------------------------------------
| Clock Summary
| -------------
------------------------------------------------------------------------------------------------

Clock            Waveform(ns)         Period(ns)      Frequency(MHz)
-----            ------------         ----------      --------------
accelerator_clk  {0.000 3.333}        6.667           149.992         


------------------------------------------------------------------------------------------------
| Intra Clock Table
| -----------------
------------------------------------------------------------------------------------------------

Clock                WNS(ns)      TNS(ns)  TNS Failing Endpoints  TNS Total Endpoints      WHS(ns)      THS(ns)  THS Failing Endpoints  THS Total Endpoints     WPWS(ns)     TPWS(ns)  TPWS Failing Endpoints  TPWS Total Endpoints  
-----                -------      -------  ---------------------  -------------------      -------      -------  ---------------------  -------------------     --------     --------  ----------------------  --------------------  
accelerator_clk        4.396        0.000                      0                 5561        0.070        0.000                      0                 5561        3.058        0.000                       0                   750  


------------------------------------------------------------------------------------------------
| Inter Clock Table
| -----------------
------------------------------------------------------------------------------------------------

From Clock    To Clock          WNS(ns)      TNS(ns)  TNS Failing Endpoints  TNS Total Endpoints      WHS(ns)      THS(ns)  THS Failing Endpoints  THS Total Endpoints  
----------    --------          -------      -------  ---------------------  -------------------      -------      -------  ---------------------  -------------------  


------------------------------------------------------------------------------------------------
| Other Path Groups Table
| -----------------------
------------------------------------------------------------------------------------------------

Path Group    From Clock    To Clock          WNS(ns)      TNS(ns)  TNS Failing Endpoints  TNS Total Endpoints      WHS(ns)      THS(ns)  THS Failing Endpoints  THS Total Endpoints  
----------    ----------    --------          -------      -------  ---------------------  -------------------      -------      -------  ---------------------  -------------------  


------------------------------------------------------------------------------------------------
| User Ignored Path Table
| -----------------------
------------------------------------------------------------------------------------------------

Path Group    From Clock    To Clock    
----------    ----------    --------    


------------------------------------------------------------------------------------------------
| Unconstrained Path Table
| ------------------------
------------------------------------------------------------------------------------------------

Path Group       From Clock       To Clock       
----------       ----------       --------       
(none)                                             
(none)           accelerator_clk                   
(none)                            accelerator_clk  


------------------------------------------------------------------------------------------------
| Timing Details
| --------------
------------------------------------------------------------------------------------------------


---------------------------------------------------------------------------------------------------
From Clock:  accelerator_clk
  To Clock:  accelerator_clk

Setup :            0  Failing Endpoints,  Worst Slack        4.396ns,  Total Violation        0.000ns
Hold  :            0  Failing Endpoints,  Worst Slack        0.070ns,  Total Violation        0.000ns
PW    :            0  Failing Endpoints,  Worst Slack        3.058ns,  Total Violation        0.000ns
---------------------------------------------------------------------------------------------------


Max Delay Paths
--------------------------------------------------------------------------------------
Slack (MET) :             4.396ns  (required time - arrival time)
  Source:                 sum_s5_reg[14]/C
                            (rising edge-triggered cell FDRE clocked by accelerator_clk  {rise@0.000ns fall@3.333ns period=6.667ns})
  Destination:            quant_s6_reg[15]/D
                            (rising edge-triggered cell FDRE clocked by accelerator_clk  {rise@0.000ns fall@3.333ns period=6.667ns})
  Path Group:             accelerator_clk
  Path Type:              Setup (Max at Slow Process Corner)
  Requirement:            6.667ns  (accelerator_clk rise@6.667ns - accelerator_clk rise@0.000ns)
  Data Path Delay:        2.252ns  (logic 0.957ns (42.496%)  route 1.295ns (57.504%))
  Logic Levels:           10  (CARRY8=6 LUT1=2 LUT3=1 LUT5=1)
  Clock Path Skew:        -0.009ns (DCD - SCD + CPR)
    Destination Clock Delay (DCD):    0.021ns = ( 6.688 - 6.667 ) 
    Source Clock Delay      (SCD):    0.030ns
    Clock Pessimism Removal (CPR):    0.000ns
  Clock Uncertainty:      0.035ns  ((TSJ^2 + TIJ^2)^1/2 + DJ) / 2 + PE
    Total System Jitter     (TSJ):    0.071ns
    Total Input Jitter      (TIJ):    0.000ns
    Discrete Jitter          (DJ):    0.000ns
    Phase Error              (PE):    0.000ns

    Location             Delay type                Incr(ns)  Path(ns)    Netlist Resource(s)
  -------------------------------------------------------------------    -------------------
                         (clock accelerator_clk rise edge)
                                                      0.000     0.000 r  
                                                      0.000     0.000 r  aclk (IN)
                         net (fo=934, unset)          0.030     0.030    aclk
                         FDRE                                         r  sum_s5_reg[14]/C
  -------------------------------------------------------------------    -------------------
                         FDRE (Prop_FDRE_C_Q)         0.078     0.108 f  sum_s5_reg[14]/Q
                         net (fo=4, unplaced)         0.149     0.257    sum_s5_reg_n_0_[14]
                         LUT1 (Prop_LUT1_I0_O)        0.074     0.331 r  quant_s6[0]_i_4/O
                         net (fo=1, unplaced)         0.238     0.569    quant_s6[0]_i_4_n_0
                         CARRY8 (Prop_CARRY8_DI[5]_CO[7])
                                                      0.097     0.666 r  quant_s6_reg[0]_i_2/CO[7]
                         net (fo=1, unplaced)         0.005     0.671    quant_s6_reg[0]_i_2_n_0
                         CARRY8 (Prop_CARRY8_CI_CO[7])
                                                      0.022     0.693 r  quant_s6_reg[15]_i_30/CO[7]
                         net (fo=1, unplaced)         0.005     0.698    quant_s6_reg[15]_i_30_n_0
                         CARRY8 (Prop_CARRY8_CI_O[4])
                                                      0.086     0.784 f  quant_s6_reg[15]_i_29/O[4]
                         net (fo=1, unplaced)         0.184     0.968    rounded2[29]
                         LUT1 (Prop_LUT1_I0_O)        0.037     1.005 r  quant_s6[15]_i_10/O
                         net (fo=1, unplaced)         0.029     1.034    quant_s6[15]_i_10_n_0
                         CARRY8 (Prop_CARRY8_S[5]_CO[7])
                                                      0.166     1.200 r  quant_s6_reg[15]_i_5/CO[7]
                         net (fo=1, unplaced)         0.005     1.205    quant_s6_reg[15]_i_5_n_0
                         CARRY8 (Prop_CARRY8_CI_CO[6])
                                                      0.092     1.297 r  quant_s6_reg[15]_i_47/CO[6]
                         net (fo=24, unplaced)        0.191     1.488    quant_s6_reg[15]_i_47_n_1
                         LUT3 (Prop_LUT3_I0_O)        0.070     1.558 r  quant_s6[15]_i_19/O
                         net (fo=1, unplaced)         0.260     1.818    quant_s6[15]_i_19_n_0
                         CARRY8 (Prop_CARRY8_DI[0]_CO[3])
                                                      0.182     2.000 r  quant_s6_reg[15]_i_6/CO[3]
                         net (fo=16, unplaced)        0.181     2.181    quantize_q151
                         LUT5 (Prop_LUT5_I3_O)        0.053     2.234 r  quant_s6[15]_i_3/O
                         net (fo=1, unplaced)         0.048     2.282    quant_s6[15]_i_3_n_0
                         FDRE                                         r  quant_s6_reg[15]/D
  -------------------------------------------------------------------    -------------------

                         (clock accelerator_clk rise edge)
                                                      6.667     6.667 r  
                                                      0.000     6.667 r  aclk (IN)
                         net (fo=934, unset)          0.021     6.688    aclk
                         FDRE                                         r  quant_s6_reg[15]/C
                         clock pessimism              0.000     6.688    
                         clock uncertainty           -0.035     6.653    
                         FDRE (Setup_FDRE_C_D)        0.025     6.678    quant_s6_reg[15]
  -------------------------------------------------------------------
                         required time                          6.678    
                         arrival time                          -2.282    
  -------------------------------------------------------------------
                         slack                                  4.396    

Slack (MET) :             4.424ns  (required time - arrival time)
  Source:                 sum_s5_reg[14]/C
                            (rising edge-triggered cell FDRE clocked by accelerator_clk  {rise@0.000ns fall@3.333ns period=6.667ns})
  Destination:            quant_s6_reg[0]/D
                            (rising edge-triggered cell FDRE clocked by accelerator_clk  {rise@0.000ns fall@3.333ns period=6.667ns})
  Path Group:             accelerator_clk
  Path Type:              Setup (Max at Slow Process Corner)
  Requirement:            6.667ns  (accelerator_clk rise@6.667ns - accelerator_clk rise@0.000ns)
  Data Path Delay:        2.224ns  (logic 0.964ns (43.345%)  route 1.260ns (56.655%))
  Logic Levels:           10  (CARRY8=6 LUT1=2 LUT3=1 LUT5=1)
  Clock Path Skew:        -0.009ns (DCD - SCD + CPR)
    Destination Clock Delay (DCD):    0.021ns = ( 6.688 - 6.667 ) 
    Source Clock Delay      (SCD):    0.030ns
    Clock Pessimism Removal (CPR):    0.000ns
  Clock Uncertainty:      0.035ns  ((TSJ^2 + TIJ^2)^1/2 + DJ) / 2 + PE
    Total System Jitter     (TSJ):    0.071ns
    Total Input Jitter      (TIJ):    0.000ns
    Discrete Jitter          (DJ):    0.000ns
    Phase Error              (PE):    0.000ns

    Location             Delay type                Incr(ns)  Path(ns)    Netlist Resource(s)
  -------------------------------------------------------------------    -------------------
                         (clock accelerator_clk rise edge)
                                                      0.000     0.000 r  
                                                      0.000     0.000 r  aclk (IN)
                         net (fo=934, unset)          0.030     0.030    aclk
                         FDRE                                         r  sum_s5_reg[14]/C
  -------------------------------------------------------------------    -------------------
                         FDRE (Prop_FDRE_C_Q)         0.078     0.108 f  sum_s5_reg[14]/Q
                         net (fo=4, unplaced)         0.149     0.257    sum_s5_reg_n_0_[14]
                         LUT1 (Prop_LUT1_I0_O)        0.074     0.331 r  quant_s6[0]_i_4/O
                         net (fo=1, unplaced)         0.238     0.569    quant_s6[0]_i_4_n_0
                         CARRY8 (Prop_CARRY8_DI[5]_CO[7])
                                                      0.097     0.666 r  quant_s6_reg[0]_i_2/CO[7]
                         net (fo=1, unplaced)         0.005     0.671    quant_s6_reg[0]_i_2_n_0
                         CARRY8 (Prop_CARRY8_CI_O[4])
                                                      0.086     0.757 f  quant_s6_reg[15]_i_30/O[4]
                         net (fo=1, unplaced)         0.184     0.941    rounded2[21]
                         LUT1 (Prop_LUT1_I0_O)        0.037     0.978 r  quant_s6[8]_i_6/O
                         net (fo=1, unplaced)         0.029     1.007    quant_s6[8]_i_6_n_0
                         CARRY8 (Prop_CARRY8_S[5]_CO[7])
                                                      0.166     1.173 r  quant_s6_reg[8]_i_2/CO[7]
                         net (fo=1, unplaced)         0.005     1.178    quant_s6_reg[8]_i_2_n_0
                         CARRY8 (Prop_CARRY8_CI_O[6])
                                                      0.103     1.281 r  quant_s6_reg[15]_i_5/O[6]
                         net (fo=5, unplaced)         0.156     1.437    rounded0[15]
                         LUT3 (Prop_LUT3_I1_O)        0.070     1.507 r  quant_s6[15]_i_53/O
                         net (fo=1, unplaced)         0.260     1.767    quant_s6[15]_i_53_n_0
                         CARRY8 (Prop_CARRY8_DI[0]_CO[7])
                                                      0.140     1.907 r  quant_s6_reg[15]_i_24/CO[7]
                         net (fo=1, unplaced)         0.005     1.912    quant_s6_reg[15]_i_24_n_0
                         CARRY8 (Prop_CARRY8_CI_CO[3])
                                                      0.060     1.972 r  quant_s6_reg[15]_i_7/CO[3]
                         net (fo=16, unplaced)        0.181     2.153    quantize_q1510_in
                         LUT5 (Prop_LUT5_I0_O)        0.053     2.206 r  quant_s6[0]_i_1/O
                         net (fo=1, unplaced)         0.048     2.254    quantize_q15_return[0]
                         FDRE                                         r  quant_s6_reg[0]/D
  -------------------------------------------------------------------    -------------------

                         (clock accelerator_clk rise edge)
                                                      6.667     6.667 r  
                                                      0.000     6.667 r  aclk (IN)
                         net (fo=934, unset)          0.021     6.688    aclk
                         FDRE                                         r  quant_s6_reg[0]/C
                         clock pessimism              0.000     6.688    
                         clock uncertainty           -0.035     6.653    
                         FDRE (Setup_FDRE_C_D)        0.025     6.678    quant_s6_reg[0]
  -------------------------------------------------------------------
                         required time                          6.678    
                         arrival time                          -2.254    
  -------------------------------------------------------------------
                         slack                                  4.424    

Slack (MET) :             4.424ns  (required time - arrival time)
  Source:                 sum_s5_reg[14]/C
                            (rising edge-triggered cell FDRE clocked by accelerator_clk  {rise@0.000ns fall@3.333ns period=6.667ns})
  Destination:            quant_s6_reg[10]/D
                            (rising edge-triggered cell FDRE clocked by accelerator_clk  {rise@0.000ns fall@3.333ns period=6.667ns})
  Path Group:             accelerator_clk
  Path Type:              Setup (Max at Slow Process Corner)
  Requirement:            6.667ns  (accelerator_clk rise@6.667ns - accelerator_clk rise@0.000ns)
  Data Path Delay:        2.224ns  (logic 0.964ns (43.345%)  route 1.260ns (56.655%))
  Logic Levels:           10  (CARRY8=6 LUT1=2 LUT3=1 LUT5=1)
  Clock Path Skew:        -0.009ns (DCD - SCD + CPR)
    Destination Clock Delay (DCD):    0.021ns = ( 6.688 - 6.667 ) 
    Source Clock Delay      (SCD):    0.030ns
    Clock Pessimism Removal (CPR):    0.000ns
  Clock Uncertainty:      0.035ns  ((TSJ^2 + TIJ^2)^1/2 + DJ) / 2 + PE
    Total System Jitter     (TSJ):    0.071ns
    Total Input Jitter      (TIJ):    0.000ns
    Discrete Jitter          (DJ):    0.000ns
    Phase Error              (PE):    0.000ns

    Location             Delay type                Incr(ns)  Path(ns)    Netlist Resource(s)
  -------------------------------------------------------------------    -------------------
                         (clock accelerator_clk rise edge)
                                                      0.000     0.000 r  
                                                      0.000     0.000 r  aclk (IN)
                         net (fo=934, unset)          0.030     0.030    aclk
                         FDRE                                         r  sum_s5_reg[14]/C
  -------------------------------------------------------------------    -------------------
                         FDRE (Prop_FDRE_C_Q)         0.078     0.108 f  sum_s5_reg[14]/Q
                         net (fo=4, unplaced)         0.149     0.257    sum_s5_reg_n_0_[14]
                         LUT1 (Prop_LUT1_I0_O)        0.074     0.331 r  quant_s6[0]_i_4/O
                         net (fo=1, unplaced)         0.238     0.569    quant_s6[0]_i_4_n_0
                         CARRY8 (Prop_CARRY8_DI[5]_CO[7])
                                                      0.097     0.666 r  quant_s6_reg[0]_i_2/CO[7]
                         net (fo=1, unplaced)         0.005     0.671    quant_s6_reg[0]_i_2_n_0
                         CARRY8 (Prop_CARRY8_CI_O[4])
                                                      0.086     0.757 f  quant_s6_reg[15]_i_30/O[4]
                         net (fo=1, unplaced)         0.184     0.941    rounded2[21]
                         LUT1 (Prop_LUT1_I0_O)        0.037     0.978 r  quant_s6[8]_i_6/O
                         net (fo=1, unplaced)         0.029     1.007    quant_s6[8]_i_6_n_0
                         CARRY8 (Prop_CARRY8_S[5]_CO[7])
                                                      0.166     1.173 r  quant_s6_reg[8]_i_2/CO[7]
                         net (fo=1, unplaced)         0.005     1.178    quant_s6_reg[8]_i_2_n_0
                         CARRY8 (Prop_CARRY8_CI_O[6])
                                                      0.103     1.281 r  quant_s6_reg[15]_i_5/O[6]
                         net (fo=5, unplaced)         0.156     1.437    rounded0[15]
                         LUT3 (Prop_LUT3_I1_O)        0.070     1.507 r  quant_s6[15]_i_53/O
                         net (fo=1, unplaced)         0.260     1.767    quant_s6[15]_i_53_n_0
                         CARRY8 (Prop_CARRY8_DI[0]_CO[7])
                                                      0.140     1.907 r  quant_s6_reg[15]_i_24/CO[7]
                         net (fo=1, unplaced)         0.005     1.912    quant_s6_reg[15]_i_24_n_0
                         CARRY8 (Prop_CARRY8_CI_CO[3])
                                                      0.060     1.972 r  quant_s6_reg[15]_i_7/CO[3]
                         net (fo=16, unplaced)        0.181     2.153    quantize_q1510_in
                         LUT5 (Prop_LUT5_I0_O)        0.053     2.206 r  quant_s6[10]_i_1/O
                         net (fo=1, unplaced)         0.048     2.254    quantize_q15_return[10]
                         FDRE                                         r  quant_s6_reg[10]/D
  -------------------------------------------------------------------    -------------------

                         (clock accelerator_clk rise edge)
                                                      6.667     6.667 r  
                                                      0.000     6.667 r  aclk (IN)
                         net (fo=934, unset)          0.021     6.688    aclk
                         FDRE                                         r  quant_s6_reg[10]/C
                         clock pessimism              0.000     6.688    
                         clock uncertainty           -0.035     6.653    
                         FDRE (Setup_FDRE_C_D)        0.025     6.678    quant_s6_reg[10]
  -------------------------------------------------------------------
                         required time                          6.678    
                         arrival time                          -2.254    
  -------------------------------------------------------------------
                         slack                                  4.424    

Slack (MET) :             4.424ns  (required time - arrival time)
  Source:                 sum_s5_reg[14]/C
                            (rising edge-triggered cell FDRE clocked by accelerator_clk  {rise@0.000ns fall@3.333ns period=6.667ns})
  Destination:            quant_s6_reg[11]/D
                            (rising edge-triggered cell FDRE clocked by accelerator_clk  {rise@0.000ns fall@3.333ns period=6.667ns})
  Path Group:             accelerator_clk
  Path Type:              Setup (Max at Slow Process Corner)
  Requirement:            6.667ns  (accelerator_clk rise@6.667ns - accelerator_clk rise@0.000ns)
  Data Path Delay:        2.224ns  (logic 0.964ns (43.345%)  route 1.260ns (56.655%))
  Logic Levels:           10  (CARRY8=6 LUT1=2 LUT3=1 LUT5=1)
  Clock Path Skew:        -0.009ns (DCD - SCD + CPR)
    Destination Clock Delay (DCD):    0.021ns = ( 6.688 - 6.667 ) 
    Source Clock Delay      (SCD):    0.030ns
    Clock Pessimism Removal (CPR):    0.000ns
  Clock Uncertainty:      0.035ns  ((TSJ^2 + TIJ^2)^1/2 + DJ) / 2 + PE
    Total System Jitter     (TSJ):    0.071ns
    Total Input Jitter      (TIJ):    0.000ns
    Discrete Jitter          (DJ):    0.000ns
    Phase Error              (PE):    0.000ns

    Location             Delay type                Incr(ns)  Path(ns)    Netlist Resource(s)
  -------------------------------------------------------------------    -------------------
                         (clock accelerator_clk rise edge)
                                                      0.000     0.000 r  
                                                      0.000     0.000 r  aclk (IN)
                         net (fo=934, unset)          0.030     0.030    aclk
                         FDRE                                         r  sum_s5_reg[14]/C
  -------------------------------------------------------------------    -------------------
                         FDRE (Prop_FDRE_C_Q)         0.078     0.108 f  sum_s5_reg[14]/Q
                         net (fo=4, unplaced)         0.149     0.257    sum_s5_reg_n_0_[14]
                         LUT1 (Prop_LUT1_I0_O)        0.074     0.331 r  quant_s6[0]_i_4/O
                         net (fo=1, unplaced)         0.238     0.569    quant_s6[0]_i_4_n_0
                         CARRY8 (Prop_CARRY8_DI[5]_CO[7])
                                                      0.097     0.666 r  quant_s6_reg[0]_i_2/CO[7]
                         net (fo=1, unplaced)         0.005     0.671    quant_s6_reg[0]_i_2_n_0
                         CARRY8 (Prop_CARRY8_CI_O[4])
                                                      0.086     0.757 f  quant_s6_reg[15]_i_30/O[4]
                         net (fo=1, unplaced)         0.184     0.941    rounded2[21]
                         LUT1 (Prop_LUT1_I0_O)        0.037     0.978 r  quant_s6[8]_i_6/O
                         net (fo=1, unplaced)         0.029     1.007    quant_s6[8]_i_6_n_0
                         CARRY8 (Prop_CARRY8_S[5]_CO[7])
                                                      0.166     1.173 r  quant_s6_reg[8]_i_2/CO[7]
                         net (fo=1, unplaced)         0.005     1.178    quant_s6_reg[8]_i_2_n_0
                         CARRY8 (Prop_CARRY8_CI_O[6])
                                                      0.103     1.281 r  quant_s6_reg[15]_i_5/O[6]
                         net (fo=5, unplaced)         0.156     1.437    rounded0[15]
                         LUT3 (Prop_LUT3_I1_O)        0.070     1.507 r  quant_s6[15]_i_53/O
                         net (fo=1, unplaced)         0.260     1.767    quant_s6[15]_i_53_n_0
                         CARRY8 (Prop_CARRY8_DI[0]_CO[7])
                                                      0.140     1.907 r  quant_s6_reg[15]_i_24/CO[7]
                         net (fo=1, unplaced)         0.005     1.912    quant_s6_reg[15]_i_24_n_0
                         CARRY8 (Prop_CARRY8_CI_CO[3])
                                                      0.060     1.972 r  quant_s6_reg[15]_i_7/CO[3]
                         net (fo=16, unplaced)        0.181     2.153    quantize_q1510_in
                         LUT5 (Prop_LUT5_I0_O)        0.053     2.206 r  quant_s6[11]_i_1/O
                         net (fo=1, unplaced)         0.048     2.254    quantize_q15_return[11]
                         FDRE                                         r  quant_s6_reg[11]/D
  -------------------------------------------------------------------    -------------------

                         (clock accelerator_clk rise edge)
                                                      6.667     6.667 r  
                                                      0.000     6.667 r  aclk (IN)
                         net (fo=934, unset)          0.021     6.688    aclk
                         FDRE                                         r  quant_s6_reg[11]/C
                         clock pessimism              0.000     6.688    
                         clock uncertainty           -0.035     6.653    
                         FDRE (Setup_FDRE_C_D)        0.025     6.678    quant_s6_reg[11]
  -------------------------------------------------------------------
                         required time                          6.678    
                         arrival time                          -2.254    
  -------------------------------------------------------------------
                         slack                                  4.424    

Slack (MET) :             4.424ns  (required time - arrival time)
  Source:                 sum_s5_reg[14]/C
                            (rising edge-triggered cell FDRE clocked by accelerator_clk  {rise@0.000ns fall@3.333ns period=6.667ns})
  Destination:            quant_s6_reg[12]/D
                            (rising edge-triggered cell FDRE clocked by accelerator_clk  {rise@0.000ns fall@3.333ns period=6.667ns})
  Path Group:             accelerator_clk
  Path Type:              Setup (Max at Slow Process Corner)
  Requirement:            6.667ns  (accelerator_clk rise@6.667ns - accelerator_clk rise@0.000ns)
  Data Path Delay:        2.224ns  (logic 0.964ns (43.345%)  route 1.260ns (56.655%))
  Logic Levels:           10  (CARRY8=6 LUT1=2 LUT3=1 LUT5=1)
  Clock Path Skew:        -0.009ns (DCD - SCD + CPR)
    Destination Clock Delay (DCD):    0.021ns = ( 6.688 - 6.667 ) 
    Source Clock Delay      (SCD):    0.030ns
    Clock Pessimism Removal (CPR):    0.000ns
  Clock Uncertainty:      0.035ns  ((TSJ^2 + TIJ^2)^1/2 + DJ) / 2 + PE
    Total System Jitter     (TSJ):    0.071ns
    Total Input Jitter      (TIJ):    0.000ns
    Discrete Jitter          (DJ):    0.000ns
    Phase Error              (PE):    0.000ns

    Location             Delay type                Incr(ns)  Path(ns)    Netlist Resource(s)
  -------------------------------------------------------------------    -------------------
                         (clock accelerator_clk rise edge)
                                                      0.000     0.000 r  
                                                      0.000     0.000 r  aclk (IN)
                         net (fo=934, unset)          0.030     0.030    aclk
                         FDRE                                         r  sum_s5_reg[14]/C
  -------------------------------------------------------------------    -------------------
                         FDRE (Prop_FDRE_C_Q)         0.078     0.108 f  sum_s5_reg[14]/Q
                         net (fo=4, unplaced)         0.149     0.257    sum_s5_reg_n_0_[14]
                         LUT1 (Prop_LUT1_I0_O)        0.074     0.331 r  quant_s6[0]_i_4/O
                         net (fo=1, unplaced)         0.238     0.569    quant_s6[0]_i_4_n_0
                         CARRY8 (Prop_CARRY8_DI[5]_CO[7])
                                                      0.097     0.666 r  quant_s6_reg[0]_i_2/CO[7]
                         net (fo=1, unplaced)         0.005     0.671    quant_s6_reg[0]_i_2_n_0
                         CARRY8 (Prop_CARRY8_CI_O[4])
                                                      0.086     0.757 f  quant_s6_reg[15]_i_30/O[4]
                         net (fo=1, unplaced)         0.184     0.941    rounded2[21]
                         LUT1 (Prop_LUT1_I0_O)        0.037     0.978 r  quant_s6[8]_i_6/O
                         net (fo=1, unplaced)         0.029     1.007    quant_s6[8]_i_6_n_0
                         CARRY8 (Prop_CARRY8_S[5]_CO[7])
                                                      0.166     1.173 r  quant_s6_reg[8]_i_2/CO[7]
                         net (fo=1, unplaced)         0.005     1.178    quant_s6_reg[8]_i_2_n_0
                         CARRY8 (Prop_CARRY8_CI_O[6])
                                                      0.103     1.281 r  quant_s6_reg[15]_i_5/O[6]
                         net (fo=5, unplaced)         0.156     1.437    rounded0[15]
                         LUT3 (Prop_LUT3_I1_O)        0.070     1.507 r  quant_s6[15]_i_53/O
                         net (fo=1, unplaced)         0.260     1.767    quant_s6[15]_i_53_n_0
                         CARRY8 (Prop_CARRY8_DI[0]_CO[7])
                                                      0.140     1.907 r  quant_s6_reg[15]_i_24/CO[7]
                         net (fo=1, unplaced)         0.005     1.912    quant_s6_reg[15]_i_24_n_0
                         CARRY8 (Prop_CARRY8_CI_CO[3])
                                                      0.060     1.972 r  quant_s6_reg[15]_i_7/CO[3]
                         net (fo=16, unplaced)        0.181     2.153    quantize_q1510_in
                         LUT5 (Prop_LUT5_I0_O)        0.053     2.206 r  quant_s6[12]_i_1/O
                         net (fo=1, unplaced)         0.048     2.254    quantize_q15_return[12]
                         FDRE                                         r  quant_s6_reg[12]/D
  -------------------------------------------------------------------    -------------------

                         (clock accelerator_clk rise edge)
                                                      6.667     6.667 r  
                                                      0.000     6.667 r  aclk (IN)
                         net (fo=934, unset)          0.021     6.688    aclk
                         FDRE                                         r  quant_s6_reg[12]/C
                         clock pessimism              0.000     6.688    
                         clock uncertainty           -0.035     6.653    
                         FDRE (Setup_FDRE_C_D)        0.025     6.678    quant_s6_reg[12]
  -------------------------------------------------------------------
                         required time                          6.678    
                         arrival time                          -2.254    
  -------------------------------------------------------------------
                         slack                                  4.424    

Slack (MET) :             4.424ns  (required time - arrival time)
  Source:                 sum_s5_reg[14]/C
                            (rising edge-triggered cell FDRE clocked by accelerator_clk  {rise@0.000ns fall@3.333ns period=6.667ns})
  Destination:            quant_s6_reg[13]/D
                            (rising edge-triggered cell FDRE clocked by accelerator_clk  {rise@0.000ns fall@3.333ns period=6.667ns})
  Path Group:             accelerator_clk
  Path Type:              Setup (Max at Slow Process Corner)
  Requirement:            6.667ns  (accelerator_clk rise@6.667ns - accelerator_clk rise@0.000ns)
  Data Path Delay:        2.224ns  (logic 0.964ns (43.345%)  route 1.260ns (56.655%))
  Logic Levels:           10  (CARRY8=6 LUT1=2 LUT3=1 LUT5=1)
  Clock Path Skew:        -0.009ns (DCD - SCD + CPR)
    Destination Clock Delay (DCD):    0.021ns = ( 6.688 - 6.667 ) 
    Source Clock Delay      (SCD):    0.030ns
    Clock Pessimism Removal (CPR):    0.000ns
  Clock Uncertainty:      0.035ns  ((TSJ^2 + TIJ^2)^1/2 + DJ) / 2 + PE
    Total System Jitter     (TSJ):    0.071ns
    Total Input Jitter      (TIJ):    0.000ns
    Discrete Jitter          (DJ):    0.000ns
    Phase Error              (PE):    0.000ns

    Location             Delay type                Incr(ns)  Path(ns)    Netlist Resource(s)
  -------------------------------------------------------------------    -------------------
                         (clock accelerator_clk rise edge)
                                                      0.000     0.000 r  
                                                      0.000     0.000 r  aclk (IN)
                         net (fo=934, unset)          0.030     0.030    aclk
                         FDRE                                         r  sum_s5_reg[14]/C
  -------------------------------------------------------------------    -------------------
                         FDRE (Prop_FDRE_C_Q)         0.078     0.108 f  sum_s5_reg[14]/Q
                         net (fo=4, unplaced)         0.149     0.257    sum_s5_reg_n_0_[14]
                         LUT1 (Prop_LUT1_I0_O)        0.074     0.331 r  quant_s6[0]_i_4/O
                         net (fo=1, unplaced)         0.238     0.569    quant_s6[0]_i_4_n_0
                         CARRY8 (Prop_CARRY8_DI[5]_CO[7])
                                                      0.097     0.666 r  quant_s6_reg[0]_i_2/CO[7]
                         net (fo=1, unplaced)         0.005     0.671    quant_s6_reg[0]_i_2_n_0
                         CARRY8 (Prop_CARRY8_CI_O[4])
                                                      0.086     0.757 f  quant_s6_reg[15]_i_30/O[4]
                         net (fo=1, unplaced)         0.184     0.941    rounded2[21]
                         LUT1 (Prop_LUT1_I0_O)        0.037     0.978 r  quant_s6[8]_i_6/O
                         net (fo=1, unplaced)         0.029     1.007    quant_s6[8]_i_6_n_0
                         CARRY8 (Prop_CARRY8_S[5]_CO[7])
                                                      0.166     1.173 r  quant_s6_reg[8]_i_2/CO[7]
                         net (fo=1, unplaced)         0.005     1.178    quant_s6_reg[8]_i_2_n_0
                         CARRY8 (Prop_CARRY8_CI_O[6])
                                                      0.103     1.281 r  quant_s6_reg[15]_i_5/O[6]
                         net (fo=5, unplaced)         0.156     1.437    rounded0[15]
                         LUT3 (Prop_LUT3_I1_O)        0.070     1.507 r  quant_s6[15]_i_53/O
                         net (fo=1, unplaced)         0.260     1.767    quant_s6[15]_i_53_n_0
                         CARRY8 (Prop_CARRY8_DI[0]_CO[7])
                                                      0.140     1.907 r  quant_s6_reg[15]_i_24/CO[7]
                         net (fo=1, unplaced)         0.005     1.912    quant_s6_reg[15]_i_24_n_0
                         CARRY8 (Prop_CARRY8_CI_CO[3])
                                                      0.060     1.972 r  quant_s6_reg[15]_i_7/CO[3]
                         net (fo=16, unplaced)        0.181     2.153    quantize_q1510_in
                         LUT5 (Prop_LUT5_I0_O)        0.053     2.206 r  quant_s6[13]_i_1/O
                         net (fo=1, unplaced)         0.048     2.254    quantize_q15_return[13]
                         FDRE                                         r  quant_s6_reg[13]/D
  -------------------------------------------------------------------    -------------------

                         (clock accelerator_clk rise edge)
                                                      6.667     6.667 r  
                                                      0.000     6.667 r  aclk (IN)
                         net (fo=934, unset)          0.021     6.688    aclk
                         FDRE                                         r  quant_s6_reg[13]/C
                         clock pessimism              0.000     6.688    
                         clock uncertainty           -0.035     6.653    
                         FDRE (Setup_FDRE_C_D)        0.025     6.678    quant_s6_reg[13]
  -------------------------------------------------------------------
                         required time                          6.678    
                         arrival time                          -2.254    
  -------------------------------------------------------------------
                         slack                                  4.424    

Slack (MET) :             4.424ns  (required time - arrival time)
  Source:                 sum_s5_reg[14]/C
                            (rising edge-triggered cell FDRE clocked by accelerator_clk  {rise@0.000ns fall@3.333ns period=6.667ns})
  Destination:            quant_s6_reg[14]/D
                            (rising edge-triggered cell FDRE clocked by accelerator_clk  {rise@0.000ns fall@3.333ns period=6.667ns})
  Path Group:             accelerator_clk
  Path Type:              Setup (Max at Slow Process Corner)
  Requirement:            6.667ns  (accelerator_clk rise@6.667ns - accelerator_clk rise@0.000ns)
  Data Path Delay:        2.224ns  (logic 0.964ns (43.345%)  route 1.260ns (56.655%))
  Logic Levels:           10  (CARRY8=6 LUT1=2 LUT3=1 LUT5=1)
  Clock Path Skew:        -0.009ns (DCD - SCD + CPR)
    Destination Clock Delay (DCD):    0.021ns = ( 6.688 - 6.667 ) 
    Source Clock Delay      (SCD):    0.030ns
    Clock Pessimism Removal (CPR):    0.000ns
  Clock Uncertainty:      0.035ns  ((TSJ^2 + TIJ^2)^1/2 + DJ) / 2 + PE
    Total System Jitter     (TSJ):    0.071ns
    Total Input Jitter      (TIJ):    0.000ns
    Discrete Jitter          (DJ):    0.000ns
    Phase Error              (PE):    0.000ns

    Location             Delay type                Incr(ns)  Path(ns)    Netlist Resource(s)
  -------------------------------------------------------------------    -------------------
                         (clock accelerator_clk rise edge)
                                                      0.000     0.000 r  
                                                      0.000     0.000 r  aclk (IN)
                         net (fo=934, unset)          0.030     0.030    aclk
                         FDRE                                         r  sum_s5_reg[14]/C
  -------------------------------------------------------------------    -------------------
                         FDRE (Prop_FDRE_C_Q)         0.078     0.108 f  sum_s5_reg[14]/Q
                         net (fo=4, unplaced)         0.149     0.257    sum_s5_reg_n_0_[14]
                         LUT1 (Prop_LUT1_I0_O)        0.074     0.331 r  quant_s6[0]_i_4/O
                         net (fo=1, unplaced)         0.238     0.569    quant_s6[0]_i_4_n_0
                         CARRY8 (Prop_CARRY8_DI[5]_CO[7])
                                                      0.097     0.666 r  quant_s6_reg[0]_i_2/CO[7]
                         net (fo=1, unplaced)         0.005     0.671    quant_s6_reg[0]_i_2_n_0
                         CARRY8 (Prop_CARRY8_CI_O[4])
                                                      0.086     0.757 f  quant_s6_reg[15]_i_30/O[4]
                         net (fo=1, unplaced)         0.184     0.941    rounded2[21]
                         LUT1 (Prop_LUT1_I0_O)        0.037     0.978 r  quant_s6[8]_i_6/O
                         net (fo=1, unplaced)         0.029     1.007    quant_s6[8]_i_6_n_0
                         CARRY8 (Prop_CARRY8_S[5]_CO[7])
                                                      0.166     1.173 r  quant_s6_reg[8]_i_2/CO[7]
                         net (fo=1, unplaced)         0.005     1.178    quant_s6_reg[8]_i_2_n_0
                         CARRY8 (Prop_CARRY8_CI_O[6])
                                                      0.103     1.281 r  quant_s6_reg[15]_i_5/O[6]
                         net (fo=5, unplaced)         0.156     1.437    rounded0[15]
                         LUT3 (Prop_LUT3_I1_O)        0.070     1.507 r  quant_s6[15]_i_53/O
                         net (fo=1, unplaced)         0.260     1.767    quant_s6[15]_i_53_n_0
                         CARRY8 (Prop_CARRY8_DI[0]_CO[7])
                                                      0.140     1.907 r  quant_s6_reg[15]_i_24/CO[7]
                         net (fo=1, unplaced)         0.005     1.912    quant_s6_reg[15]_i_24_n_0
                         CARRY8 (Prop_CARRY8_CI_CO[3])
                                                      0.060     1.972 r  quant_s6_reg[15]_i_7/CO[3]
                         net (fo=16, unplaced)        0.181     2.153    quantize_q1510_in
                         LUT5 (Prop_LUT5_I0_O)        0.053     2.206 r  quant_s6[14]_i_1/O
                         net (fo=1, unplaced)         0.048     2.254    quantize_q15_return[14]
                         FDRE                                         r  quant_s6_reg[14]/D
  -------------------------------------------------------------------    -------------------

                         (clock accelerator_clk rise edge)
                                                      6.667     6.667 r  
                                                      0.000     6.667 r  aclk (IN)
                         net (fo=934, unset)          0.021     6.688    aclk
                         FDRE                                         r  quant_s6_reg[14]/C
                         clock pessimism              0.000     6.688    
                         clock uncertainty           -0.035     6.653    
                         FDRE (Setup_FDRE_C_D)        0.025     6.678    quant_s6_reg[14]
  -------------------------------------------------------------------
                         required time                          6.678    
                         arrival time                          -2.254    
  -------------------------------------------------------------------
                         slack                                  4.424    

Slack (MET) :             4.424ns  (required time - arrival time)
  Source:                 sum_s5_reg[14]/C
                            (rising edge-triggered cell FDRE clocked by accelerator_clk  {rise@0.000ns fall@3.333ns period=6.667ns})
  Destination:            quant_s6_reg[1]/D
                            (rising edge-triggered cell FDRE clocked by accelerator_clk  {rise@0.000ns fall@3.333ns period=6.667ns})
  Path Group:             accelerator_clk
  Path Type:              Setup (Max at Slow Process Corner)
  Requirement:            6.667ns  (accelerator_clk rise@6.667ns - accelerator_clk rise@0.000ns)
  Data Path Delay:        2.224ns  (logic 0.964ns (43.345%)  route 1.260ns (56.655%))
  Logic Levels:           10  (CARRY8=6 LUT1=2 LUT3=1 LUT5=1)
  Clock Path Skew:        -0.009ns (DCD - SCD + CPR)
    Destination Clock Delay (DCD):    0.021ns = ( 6.688 - 6.667 ) 
    Source Clock Delay      (SCD):    0.030ns
    Clock Pessimism Removal (CPR):    0.000ns
  Clock Uncertainty:      0.035ns  ((TSJ^2 + TIJ^2)^1/2 + DJ) / 2 + PE
    Total System Jitter     (TSJ):    0.071ns
    Total Input Jitter      (TIJ):    0.000ns
    Discrete Jitter          (DJ):    0.000ns
    Phase Error              (PE):    0.000ns

    Location             Delay type                Incr(ns)  Path(ns)    Netlist Resource(s)
  -------------------------------------------------------------------    -------------------
                         (clock accelerator_clk rise edge)
                                                      0.000     0.000 r  
                                                      0.000     0.000 r  aclk (IN)
                         net (fo=934, unset)          0.030     0.030    aclk
                         FDRE                                         r  sum_s5_reg[14]/C
  -------------------------------------------------------------------    -------------------
                         FDRE (Prop_FDRE_C_Q)         0.078     0.108 f  sum_s5_reg[14]/Q
                         net (fo=4, unplaced)         0.149     0.257    sum_s5_reg_n_0_[14]
                         LUT1 (Prop_LUT1_I0_O)        0.074     0.331 r  quant_s6[0]_i_4/O
                         net (fo=1, unplaced)         0.238     0.569    quant_s6[0]_i_4_n_0
                         CARRY8 (Prop_CARRY8_DI[5]_CO[7])
                                                      0.097     0.666 r  quant_s6_reg[0]_i_2/CO[7]
                         net (fo=1, unplaced)         0.005     0.671    quant_s6_reg[0]_i_2_n_0
                         CARRY8 (Prop_CARRY8_CI_O[4])
                                                      0.086     0.757 f  quant_s6_reg[15]_i_30/O[4]
                         net (fo=1, unplaced)         0.184     0.941    rounded2[21]
                         LUT1 (Prop_LUT1_I0_O)        0.037     0.978 r  quant_s6[8]_i_6/O
                         net (fo=1, unplaced)         0.029     1.007    quant_s6[8]_i_6_n_0
                         CARRY8 (Prop_CARRY8_S[5]_CO[7])
                                                      0.166     1.173 r  quant_s6_reg[8]_i_2/CO[7]
                         net (fo=1, unplaced)         0.005     1.178    quant_s6_reg[8]_i_2_n_0
                         CARRY8 (Prop_CARRY8_CI_O[6])
                                                      0.103     1.281 r  quant_s6_reg[15]_i_5/O[6]
                         net (fo=5, unplaced)         0.156     1.437    rounded0[15]
                         LUT3 (Prop_LUT3_I1_O)        0.070     1.507 r  quant_s6[15]_i_53/O
                         net (fo=1, unplaced)         0.260     1.767    quant_s6[15]_i_53_n_0
                         CARRY8 (Prop_CARRY8_DI[0]_CO[7])
                                                      0.140     1.907 r  quant_s6_reg[15]_i_24/CO[7]
                         net (fo=1, unplaced)         0.005     1.912    quant_s6_reg[15]_i_24_n_0
                         CARRY8 (Prop_CARRY8_CI_CO[3])
                                                      0.060     1.972 r  quant_s6_reg[15]_i_7/CO[3]
                         net (fo=16, unplaced)        0.181     2.153    quantize_q1510_in
                         LUT5 (Prop_LUT5_I0_O)        0.053     2.206 r  quant_s6[1]_i_1/O
                         net (fo=1, unplaced)         0.048     2.254    quantize_q15_return[1]
                         FDRE                                         r  quant_s6_reg[1]/D
  -------------------------------------------------------------------    -------------------

                         (clock accelerator_clk rise edge)
                                                      6.667     6.667 r  
                                                      0.000     6.667 r  aclk (IN)
                         net (fo=934, unset)          0.021     6.688    aclk
                         FDRE                                         r  quant_s6_reg[1]/C
                         clock pessimism              0.000     6.688    
                         clock uncertainty           -0.035     6.653    
                         FDRE (Setup_FDRE_C_D)        0.025     6.678    quant_s6_reg[1]
  -------------------------------------------------------------------
                         required time                          6.678    
                         arrival time                          -2.254    
  -------------------------------------------------------------------
                         slack                                  4.424    

Slack (MET) :             4.424ns  (required time - arrival time)
  Source:                 sum_s5_reg[14]/C
                            (rising edge-triggered cell FDRE clocked by accelerator_clk  {rise@0.000ns fall@3.333ns period=6.667ns})
  Destination:            quant_s6_reg[2]/D
                            (rising edge-triggered cell FDRE clocked by accelerator_clk  {rise@0.000ns fall@3.333ns period=6.667ns})
  Path Group:             accelerator_clk
  Path Type:              Setup (Max at Slow Process Corner)
  Requirement:            6.667ns  (accelerator_clk rise@6.667ns - accelerator_clk rise@0.000ns)
  Data Path Delay:        2.224ns  (logic 0.964ns (43.345%)  route 1.260ns (56.655%))
  Logic Levels:           10  (CARRY8=6 LUT1=2 LUT3=1 LUT5=1)
  Clock Path Skew:        -0.009ns (DCD - SCD + CPR)
    Destination Clock Delay (DCD):    0.021ns = ( 6.688 - 6.667 ) 
    Source Clock Delay      (SCD):    0.030ns
    Clock Pessimism Removal (CPR):    0.000ns
  Clock Uncertainty:      0.035ns  ((TSJ^2 + TIJ^2)^1/2 + DJ) / 2 + PE
    Total System Jitter     (TSJ):    0.071ns
    Total Input Jitter      (TIJ):    0.000ns
    Discrete Jitter          (DJ):    0.000ns
    Phase Error              (PE):    0.000ns

    Location             Delay type                Incr(ns)  Path(ns)    Netlist Resource(s)
  -------------------------------------------------------------------    -------------------
                         (clock accelerator_clk rise edge)
                                                      0.000     0.000 r  
                                                      0.000     0.000 r  aclk (IN)
                         net (fo=934, unset)          0.030     0.030    aclk
                         FDRE                                         r  sum_s5_reg[14]/C
  -------------------------------------------------------------------    -------------------
                         FDRE (Prop_FDRE_C_Q)         0.078     0.108 f  sum_s5_reg[14]/Q
                         net (fo=4, unplaced)         0.149     0.257    sum_s5_reg_n_0_[14]
                         LUT1 (Prop_LUT1_I0_O)        0.074     0.331 r  quant_s6[0]_i_4/O
                         net (fo=1, unplaced)         0.238     0.569    quant_s6[0]_i_4_n_0
                         CARRY8 (Prop_CARRY8_DI[5]_CO[7])
                                                      0.097     0.666 r  quant_s6_reg[0]_i_2/CO[7]
                         net (fo=1, unplaced)         0.005     0.671    quant_s6_reg[0]_i_2_n_0
                         CARRY8 (Prop_CARRY8_CI_O[4])
                                                      0.086     0.757 f  quant_s6_reg[15]_i_30/O[4]
                         net (fo=1, unplaced)         0.184     0.941    rounded2[21]
                         LUT1 (Prop_LUT1_I0_O)        0.037     0.978 r  quant_s6[8]_i_6/O
                         net (fo=1, unplaced)         0.029     1.007    quant_s6[8]_i_6_n_0
                         CARRY8 (Prop_CARRY8_S[5]_CO[7])
                                                      0.166     1.173 r  quant_s6_reg[8]_i_2/CO[7]
                         net (fo=1, unplaced)         0.005     1.178    quant_s6_reg[8]_i_2_n_0
                         CARRY8 (Prop_CARRY8_CI_O[6])
                                                      0.103     1.281 r  quant_s6_reg[15]_i_5/O[6]
                         net (fo=5, unplaced)         0.156     1.437    rounded0[15]
                         LUT3 (Prop_LUT3_I1_O)        0.070     1.507 r  quant_s6[15]_i_53/O
                         net (fo=1, unplaced)         0.260     1.767    quant_s6[15]_i_53_n_0
                         CARRY8 (Prop_CARRY8_DI[0]_CO[7])
                                                      0.140     1.907 r  quant_s6_reg[15]_i_24/CO[7]
                         net (fo=1, unplaced)         0.005     1.912    quant_s6_reg[15]_i_24_n_0
                         CARRY8 (Prop_CARRY8_CI_CO[3])
                                                      0.060     1.972 r  quant_s6_reg[15]_i_7/CO[3]
                         net (fo=16, unplaced)        0.181     2.153    quantize_q1510_in
                         LUT5 (Prop_LUT5_I0_O)        0.053     2.206 r  quant_s6[2]_i_1/O
                         net (fo=1, unplaced)         0.048     2.254    quantize_q15_return[2]
                         FDRE                                         r  quant_s6_reg[2]/D
  -------------------------------------------------------------------    -------------------

                         (clock accelerator_clk rise edge)
                                                      6.667     6.667 r  
                                                      0.000     6.667 r  aclk (IN)
                         net (fo=934, unset)          0.021     6.688    aclk
                         FDRE                                         r  quant_s6_reg[2]/C
                         clock pessimism              0.000     6.688    
                         clock uncertainty           -0.035     6.653    
                         FDRE (Setup_FDRE_C_D)        0.025     6.678    quant_s6_reg[2]
  -------------------------------------------------------------------
                         required time                          6.678    
                         arrival time                          -2.254    
  -------------------------------------------------------------------
                         slack                                  4.424    

Slack (MET) :             4.424ns  (required time - arrival time)
  Source:                 sum_s5_reg[14]/C
                            (rising edge-triggered cell FDRE clocked by accelerator_clk  {rise@0.000ns fall@3.333ns period=6.667ns})
  Destination:            quant_s6_reg[3]/D
                            (rising edge-triggered cell FDRE clocked by accelerator_clk  {rise@0.000ns fall@3.333ns period=6.667ns})
  Path Group:             accelerator_clk
  Path Type:              Setup (Max at Slow Process Corner)
  Requirement:            6.667ns  (accelerator_clk rise@6.667ns - accelerator_clk rise@0.000ns)
  Data Path Delay:        2.224ns  (logic 0.964ns (43.345%)  route 1.260ns (56.655%))
  Logic Levels:           10  (CARRY8=6 LUT1=2 LUT3=1 LUT5=1)
  Clock Path Skew:        -0.009ns (DCD - SCD + CPR)
    Destination Clock Delay (DCD):    0.021ns = ( 6.688 - 6.667 ) 
    Source Clock Delay      (SCD):    0.030ns
    Clock Pessimism Removal (CPR):    0.000ns
  Clock Uncertainty:      0.035ns  ((TSJ^2 + TIJ^2)^1/2 + DJ) / 2 + PE
    Total System Jitter     (TSJ):    0.071ns
    Total Input Jitter      (TIJ):    0.000ns
    Discrete Jitter          (DJ):    0.000ns
    Phase Error              (PE):    0.000ns

    Location             Delay type                Incr(ns)  Path(ns)    Netlist Resource(s)
  -------------------------------------------------------------------    -------------------
                         (clock accelerator_clk rise edge)
                                                      0.000     0.000 r  
                                                      0.000     0.000 r  aclk (IN)
                         net (fo=934, unset)          0.030     0.030    aclk
                         FDRE                                         r  sum_s5_reg[14]/C
  -------------------------------------------------------------------    -------------------
                         FDRE (Prop_FDRE_C_Q)         0.078     0.108 f  sum_s5_reg[14]/Q
                         net (fo=4, unplaced)         0.149     0.257    sum_s5_reg_n_0_[14]
                         LUT1 (Prop_LUT1_I0_O)        0.074     0.331 r  quant_s6[0]_i_4/O
                         net (fo=1, unplaced)         0.238     0.569    quant_s6[0]_i_4_n_0
                         CARRY8 (Prop_CARRY8_DI[5]_CO[7])
                                                      0.097     0.666 r  quant_s6_reg[0]_i_2/CO[7]
                         net (fo=1, unplaced)         0.005     0.671    quant_s6_reg[0]_i_2_n_0
                         CARRY8 (Prop_CARRY8_CI_O[4])
                                                      0.086     0.757 f  quant_s6_reg[15]_i_30/O[4]
                         net (fo=1, unplaced)         0.184     0.941    rounded2[21]
                         LUT1 (Prop_LUT1_I0_O)        0.037     0.978 r  quant_s6[8]_i_6/O
                         net (fo=1, unplaced)         0.029     1.007    quant_s6[8]_i_6_n_0
                         CARRY8 (Prop_CARRY8_S[5]_CO[7])
                                                      0.166     1.173 r  quant_s6_reg[8]_i_2/CO[7]
                         net (fo=1, unplaced)         0.005     1.178    quant_s6_reg[8]_i_2_n_0
                         CARRY8 (Prop_CARRY8_CI_O[6])
                                                      0.103     1.281 r  quant_s6_reg[15]_i_5/O[6]
                         net (fo=5, unplaced)         0.156     1.437    rounded0[15]
                         LUT3 (Prop_LUT3_I1_O)        0.070     1.507 r  quant_s6[15]_i_53/O
                         net (fo=1, unplaced)         0.260     1.767    quant_s6[15]_i_53_n_0
                         CARRY8 (Prop_CARRY8_DI[0]_CO[7])
                                                      0.140     1.907 r  quant_s6_reg[15]_i_24/CO[7]
                         net (fo=1, unplaced)         0.005     1.912    quant_s6_reg[15]_i_24_n_0
                         CARRY8 (Prop_CARRY8_CI_CO[3])
                                                      0.060     1.972 r  quant_s6_reg[15]_i_7/CO[3]
                         net (fo=16, unplaced)        0.181     2.153    quantize_q1510_in
                         LUT5 (Prop_LUT5_I0_O)        0.053     2.206 r  quant_s6[3]_i_1/O
                         net (fo=1, unplaced)         0.048     2.254    quantize_q15_return[3]
                         FDRE                                         r  quant_s6_reg[3]/D
  -------------------------------------------------------------------    -------------------

                         (clock accelerator_clk rise edge)
                                                      6.667     6.667 r  
                                                      0.000     6.667 r  aclk (IN)
                         net (fo=934, unset)          0.021     6.688    aclk
                         FDRE                                         r  quant_s6_reg[3]/C
                         clock pessimism              0.000     6.688    
                         clock uncertainty           -0.035     6.653    
                         FDRE (Setup_FDRE_C_D)        0.025     6.678    quant_s6_reg[3]
  -------------------------------------------------------------------
                         required time                          6.678    
                         arrival time                          -2.254    
  -------------------------------------------------------------------
                         slack                                  4.424    

Slack (MET) :             4.424ns  (required time - arrival time)
  Source:                 sum_s5_reg[14]/C
                            (rising edge-triggered cell FDRE clocked by accelerator_clk  {rise@0.000ns fall@3.333ns period=6.667ns})
  Destination:            quant_s6_reg[4]/D
                            (rising edge-triggered cell FDRE clocked by accelerator_clk  {rise@0.000ns fall@3.333ns period=6.667ns})
  Path Group:             accelerator_clk
  Path Type:              Setup (Max at Slow Process Corner)
  Requirement:            6.667ns  (accelerator_clk rise@6.667ns - accelerator_clk rise@0.000ns)
  Data Path Delay:        2.224ns  (logic 0.964ns (43.345%)  route 1.260ns (56.655%))
  Logic Levels:           10  (CARRY8=6 LUT1=2 LUT3=1 LUT5=1)
  Clock Path Skew:        -0.009ns (DCD - SCD + CPR)
    Destination Clock Delay (DCD):    0.021ns = ( 6.688 - 6.667 ) 
    Source Clock Delay      (SCD):    0.030ns
    Clock Pessimism Removal (CPR):    0.000ns
  Clock Uncertainty:      0.035ns  ((TSJ^2 + TIJ^2)^1/2 + DJ) / 2 + PE
    Total System Jitter     (TSJ):    0.071ns
    Total Input Jitter      (TIJ):    0.000ns
    Discrete Jitter          (DJ):    0.000ns
    Phase Error              (PE):    0.000ns

    Location             Delay type                Incr(ns)  Path(ns)    Netlist Resource(s)
  -------------------------------------------------------------------    -------------------
                         (clock accelerator_clk rise edge)
                                                      0.000     0.000 r  
                                                      0.000     0.000 r  aclk (IN)
                         net (fo=934, unset)          0.030     0.030    aclk
                         FDRE                                         r  sum_s5_reg[14]/C
  -------------------------------------------------------------------    -------------------
                         FDRE (Prop_FDRE_C_Q)         0.078     0.108 f  sum_s5_reg[14]/Q
                         net (fo=4, unplaced)         0.149     0.257    sum_s5_reg_n_0_[14]
                         LUT1 (Prop_LUT1_I0_O)        0.074     0.331 r  quant_s6[0]_i_4/O
                         net (fo=1, unplaced)         0.238     0.569    quant_s6[0]_i_4_n_0
                         CARRY8 (Prop_CARRY8_DI[5]_CO[7])
                                                      0.097     0.666 r  quant_s6_reg[0]_i_2/CO[7]
                         net (fo=1, unplaced)         0.005     0.671    quant_s6_reg[0]_i_2_n_0
                         CARRY8 (Prop_CARRY8_CI_O[4])
                                                      0.086     0.757 f  quant_s6_reg[15]_i_30/O[4]
                         net (fo=1, unplaced)         0.184     0.941    rounded2[21]
                         LUT1 (Prop_LUT1_I0_O)        0.037     0.978 r  quant_s6[8]_i_6/O
                         net (fo=1, unplaced)         0.029     1.007    quant_s6[8]_i_6_n_0
                         CARRY8 (Prop_CARRY8_S[5]_CO[7])
                                                      0.166     1.173 r  quant_s6_reg[8]_i_2/CO[7]
                         net (fo=1, unplaced)         0.005     1.178    quant_s6_reg[8]_i_2_n_0
                         CARRY8 (Prop_CARRY8_CI_O[6])
                                                      0.103     1.281 r  quant_s6_reg[15]_i_5/O[6]
                         net (fo=5, unplaced)         0.156     1.437    rounded0[15]
                         LUT3 (Prop_LUT3_I1_O)        0.070     1.507 r  quant_s6[15]_i_53/O
                         net (fo=1, unplaced)         0.260     1.767    quant_s6[15]_i_53_n_0
                         CARRY8 (Prop_CARRY8_DI[0]_CO[7])
                                                      0.140     1.907 r  quant_s6_reg[15]_i_24/CO[7]
                         net (fo=1, unplaced)         0.005     1.912    quant_s6_reg[15]_i_24_n_0
                         CARRY8 (Prop_CARRY8_CI_CO[3])
                                                      0.060     1.972 r  quant_s6_reg[15]_i_7/CO[3]
                         net (fo=16, unplaced)        0.181     2.153    quantize_q1510_in
                         LUT5 (Prop_LUT5_I0_O)        0.053     2.206 r  quant_s6[4]_i_1/O
                         net (fo=1, unplaced)         0.048     2.254    quantize_q15_return[4]
                         FDRE                                         r  quant_s6_reg[4]/D
  -------------------------------------------------------------------    -------------------

                         (clock accelerator_clk rise edge)
                                                      6.667     6.667 r  
                                                      0.000     6.667 r  aclk (IN)
                         net (fo=934, unset)          0.021     6.688    aclk
                         FDRE                                         r  quant_s6_reg[4]/C
                         clock pessimism              0.000     6.688    
                         clock uncertainty           -0.035     6.653    
                         FDRE (Setup_FDRE_C_D)        0.025     6.678    quant_s6_reg[4]
  -------------------------------------------------------------------
                         required time                          6.678    
                         arrival time                          -2.254    
  -------------------------------------------------------------------
                         slack                                  4.424    

Slack (MET) :             4.424ns  (required time - arrival time)
  Source:                 sum_s5_reg[14]/C
                            (rising edge-triggered cell FDRE clocked by accelerator_clk  {rise@0.000ns fall@3.333ns period=6.667ns})
  Destination:            quant_s6_reg[5]/D
                            (rising edge-triggered cell FDRE clocked by accelerator_clk  {rise@0.000ns fall@3.333ns period=6.667ns})
  Path Group:             accelerator_clk
  Path Type:              Setup (Max at Slow Process Corner)
  Requirement:            6.667ns  (accelerator_clk rise@6.667ns - accelerator_clk rise@0.000ns)
  Data Path Delay:        2.224ns  (logic 0.964ns (43.345%)  route 1.260ns (56.655%))
  Logic Levels:           10  (CARRY8=6 LUT1=2 LUT3=1 LUT5=1)
  Clock Path Skew:        -0.009ns (DCD - SCD + CPR)
    Destination Clock Delay (DCD):    0.021ns = ( 6.688 - 6.667 ) 
    Source Clock Delay      (SCD):    0.030ns
    Clock Pessimism Removal (CPR):    0.000ns
  Clock Uncertainty:      0.035ns  ((TSJ^2 + TIJ^2)^1/2 + DJ) / 2 + PE
    Total System Jitter     (TSJ):    0.071ns
    Total Input Jitter      (TIJ):    0.000ns
    Discrete Jitter          (DJ):    0.000ns
    Phase Error              (PE):    0.000ns

    Location             Delay type                Incr(ns)  Path(ns)    Netlist Resource(s)
  -------------------------------------------------------------------    -------------------
                         (clock accelerator_clk rise edge)
                                                      0.000     0.000 r  
                                                      0.000     0.000 r  aclk (IN)
                         net (fo=934, unset)          0.030     0.030    aclk
                         FDRE                                         r  sum_s5_reg[14]/C
  -------------------------------------------------------------------    -------------------
                         FDRE (Prop_FDRE_C_Q)         0.078     0.108 f  sum_s5_reg[14]/Q
                         net (fo=4, unplaced)         0.149     0.257    sum_s5_reg_n_0_[14]
                         LUT1 (Prop_LUT1_I0_O)        0.074     0.331 r  quant_s6[0]_i_4/O
                         net (fo=1, unplaced)         0.238     0.569    quant_s6[0]_i_4_n_0
                         CARRY8 (Prop_CARRY8_DI[5]_CO[7])
                                                      0.097     0.666 r  quant_s6_reg[0]_i_2/CO[7]
                         net (fo=1, unplaced)         0.005     0.671    quant_s6_reg[0]_i_2_n_0
                         CARRY8 (Prop_CARRY8_CI_O[4])
                                                      0.086     0.757 f  quant_s6_reg[15]_i_30/O[4]
                         net (fo=1, unplaced)         0.184     0.941    rounded2[21]
                         LUT1 (Prop_LUT1_I0_O)        0.037     0.978 r  quant_s6[8]_i_6/O
                         net (fo=1, unplaced)         0.029     1.007    quant_s6[8]_i_6_n_0
                         CARRY8 (Prop_CARRY8_S[5]_CO[7])
                                                      0.166     1.173 r  quant_s6_reg[8]_i_2/CO[7]
                         net (fo=1, unplaced)         0.005     1.178    quant_s6_reg[8]_i_2_n_0
                         CARRY8 (Prop_CARRY8_CI_O[6])
                                                      0.103     1.281 r  quant_s6_reg[15]_i_5/O[6]
                         net (fo=5, unplaced)         0.156     1.437    rounded0[15]
                         LUT3 (Prop_LUT3_I1_O)        0.070     1.507 r  quant_s6[15]_i_53/O
                         net (fo=1, unplaced)         0.260     1.767    quant_s6[15]_i_53_n_0
                         CARRY8 (Prop_CARRY8_DI[0]_CO[7])
                                                      0.140     1.907 r  quant_s6_reg[15]_i_24/CO[7]
                         net (fo=1, unplaced)         0.005     1.912    quant_s6_reg[15]_i_24_n_0
                         CARRY8 (Prop_CARRY8_CI_CO[3])
                                                      0.060     1.972 r  quant_s6_reg[15]_i_7/CO[3]
                         net (fo=16, unplaced)        0.181     2.153    quantize_q1510_in
                         LUT5 (Prop_LUT5_I0_O)        0.053     2.206 r  quant_s6[5]_i_1/O
                         net (fo=1, unplaced)         0.048     2.254    quantize_q15_return[5]
                         FDRE                                         r  quant_s6_reg[5]/D
  -------------------------------------------------------------------    -------------------

                         (clock accelerator_clk rise edge)
                                                      6.667     6.667 r  
                                                      0.000     6.667 r  aclk (IN)
                         net (fo=934, unset)          0.021     6.688    aclk
                         FDRE                                         r  quant_s6_reg[5]/C
                         clock pessimism              0.000     6.688    
                         clock uncertainty           -0.035     6.653    
                         FDRE (Setup_FDRE_C_D)        0.025     6.678    quant_s6_reg[5]
  -------------------------------------------------------------------
                         required time                          6.678    
                         arrival time                          -2.254    
  -------------------------------------------------------------------
                         slack                                  4.424    

Slack (MET) :             4.424ns  (required time - arrival time)
  Source:                 sum_s5_reg[14]/C
                            (rising edge-triggered cell FDRE clocked by accelerator_clk  {rise@0.000ns fall@3.333ns period=6.667ns})
  Destination:            quant_s6_reg[6]/D
                            (rising edge-triggered cell FDRE clocked by accelerator_clk  {rise@0.000ns fall@3.333ns period=6.667ns})
  Path Group:             accelerator_clk
  Path Type:              Setup (Max at Slow Process Corner)
  Requirement:            6.667ns  (accelerator_clk rise@6.667ns - accelerator_clk rise@0.000ns)
  Data Path Delay:        2.224ns  (logic 0.964ns (43.345%)  route 1.260ns (56.655%))
  Logic Levels:           10  (CARRY8=6 LUT1=2 LUT3=1 LUT5=1)
  Clock Path Skew:        -0.009ns (DCD - SCD + CPR)
    Destination Clock Delay (DCD):    0.021ns = ( 6.688 - 6.667 ) 
    Source Clock Delay      (SCD):    0.030ns
    Clock Pessimism Removal (CPR):    0.000ns
  Clock Uncertainty:      0.035ns  ((TSJ^2 + TIJ^2)^1/2 + DJ) / 2 + PE
    Total System Jitter     (TSJ):    0.071ns
    Total Input Jitter      (TIJ):    0.000ns
    Discrete Jitter          (DJ):    0.000ns
    Phase Error              (PE):    0.000ns

    Location             Delay type                Incr(ns)  Path(ns)    Netlist Resource(s)
  -------------------------------------------------------------------    -------------------
                         (clock accelerator_clk rise edge)
                                                      0.000     0.000 r  
                                                      0.000     0.000 r  aclk (IN)
                         net (fo=934, unset)          0.030     0.030    aclk
                         FDRE                                         r  sum_s5_reg[14]/C
  -------------------------------------------------------------------    -------------------
                         FDRE (Prop_FDRE_C_Q)         0.078     0.108 f  sum_s5_reg[14]/Q
                         net (fo=4, unplaced)         0.149     0.257    sum_s5_reg_n_0_[14]
                         LUT1 (Prop_LUT1_I0_O)        0.074     0.331 r  quant_s6[0]_i_4/O
                         net (fo=1, unplaced)         0.238     0.569    quant_s6[0]_i_4_n_0
                         CARRY8 (Prop_CARRY8_DI[5]_CO[7])
                                                      0.097     0.666 r  quant_s6_reg[0]_i_2/CO[7]
                         net (fo=1, unplaced)         0.005     0.671    quant_s6_reg[0]_i_2_n_0
                         CARRY8 (Prop_CARRY8_CI_O[4])
                                                      0.086     0.757 f  quant_s6_reg[15]_i_30/O[4]
                         net (fo=1, unplaced)         0.184     0.941    rounded2[21]
                         LUT1 (Prop_LUT1_I0_O)        0.037     0.978 r  quant_s6[8]_i_6/O
                         net (fo=1, unplaced)         0.029     1.007    quant_s6[8]_i_6_n_0
                         CARRY8 (Prop_CARRY8_S[5]_CO[7])
                                                      0.166     1.173 r  quant_s6_reg[8]_i_2/CO[7]
                         net (fo=1, unplaced)         0.005     1.178    quant_s6_reg[8]_i_2_n_0
                         CARRY8 (Prop_CARRY8_CI_O[6])
                                                      0.103     1.281 r  quant_s6_reg[15]_i_5/O[6]
                         net (fo=5, unplaced)         0.156     1.437    rounded0[15]
                         LUT3 (Prop_LUT3_I1_O)        0.070     1.507 r  quant_s6[15]_i_53/O
                         net (fo=1, unplaced)         0.260     1.767    quant_s6[15]_i_53_n_0
                         CARRY8 (Prop_CARRY8_DI[0]_CO[7])
                                                      0.140     1.907 r  quant_s6_reg[15]_i_24/CO[7]
                         net (fo=1, unplaced)         0.005     1.912    quant_s6_reg[15]_i_24_n_0
                         CARRY8 (Prop_CARRY8_CI_CO[3])
                                                      0.060     1.972 r  quant_s6_reg[15]_i_7/CO[3]
                         net (fo=16, unplaced)        0.181     2.153    quantize_q1510_in
                         LUT5 (Prop_LUT5_I0_O)        0.053     2.206 r  quant_s6[6]_i_1/O
                         net (fo=1, unplaced)         0.048     2.254    quantize_q15_return[6]
                         FDRE                                         r  quant_s6_reg[6]/D
  -------------------------------------------------------------------    -------------------

                         (clock accelerator_clk rise edge)
                                                      6.667     6.667 r  
                                                      0.000     6.667 r  aclk (IN)
                         net (fo=934, unset)          0.021     6.688    aclk
                         FDRE                                         r  quant_s6_reg[6]/C
                         clock pessimism              0.000     6.688    
                         clock uncertainty           -0.035     6.653    
                         FDRE (Setup_FDRE_C_D)        0.025     6.678    quant_s6_reg[6]
  -------------------------------------------------------------------
                         required time                          6.678    
                         arrival time                          -2.254    
  -------------------------------------------------------------------
                         slack                                  4.424    

Slack (MET) :             4.424ns  (required time - arrival time)
  Source:                 sum_s5_reg[14]/C
                            (rising edge-triggered cell FDRE clocked by accelerator_clk  {rise@0.000ns fall@3.333ns period=6.667ns})
  Destination:            quant_s6_reg[7]/D
                            (rising edge-triggered cell FDRE clocked by accelerator_clk  {rise@0.000ns fall@3.333ns period=6.667ns})
  Path Group:             accelerator_clk
  Path Type:              Setup (Max at Slow Process Corner)
  Requirement:            6.667ns  (accelerator_clk rise@6.667ns - accelerator_clk rise@0.000ns)
  Data Path Delay:        2.224ns  (logic 0.964ns (43.345%)  route 1.260ns (56.655%))
  Logic Levels:           10  (CARRY8=6 LUT1=2 LUT3=1 LUT5=1)
  Clock Path Skew:        -0.009ns (DCD - SCD + CPR)
    Destination Clock Delay (DCD):    0.021ns = ( 6.688 - 6.667 ) 
    Source Clock Delay      (SCD):    0.030ns
    Clock Pessimism Removal (CPR):    0.000ns
  Clock Uncertainty:      0.035ns  ((TSJ^2 + TIJ^2)^1/2 + DJ) / 2 + PE
    Total System Jitter     (TSJ):    0.071ns
    Total Input Jitter      (TIJ):    0.000ns
    Discrete Jitter          (DJ):    0.000ns
    Phase Error              (PE):    0.000ns

    Location             Delay type                Incr(ns)  Path(ns)    Netlist Resource(s)
  -------------------------------------------------------------------    -------------------
                         (clock accelerator_clk rise edge)
                                                      0.000     0.000 r  
                                                      0.000     0.000 r  aclk (IN)
                         net (fo=934, unset)          0.030     0.030    aclk
                         FDRE                                         r  sum_s5_reg[14]/C
  -------------------------------------------------------------------    -------------------
                         FDRE (Prop_FDRE_C_Q)         0.078     0.108 f  sum_s5_reg[14]/Q
                         net (fo=4, unplaced)         0.149     0.257    sum_s5_reg_n_0_[14]
                         LUT1 (Prop_LUT1_I0_O)        0.074     0.331 r  quant_s6[0]_i_4/O
                         net (fo=1, unplaced)         0.238     0.569    quant_s6[0]_i_4_n_0
                         CARRY8 (Prop_CARRY8_DI[5]_CO[7])
                                                      0.097     0.666 r  quant_s6_reg[0]_i_2/CO[7]
                         net (fo=1, unplaced)         0.005     0.671    quant_s6_reg[0]_i_2_n_0
                         CARRY8 (Prop_CARRY8_CI_O[4])
                                                      0.086     0.757 f  quant_s6_reg[15]_i_30/O[4]
                         net (fo=1, unplaced)         0.184     0.941    rounded2[21]
                         LUT1 (Prop_LUT1_I0_O)        0.037     0.978 r  quant_s6[8]_i_6/O
                         net (fo=1, unplaced)         0.029     1.007    quant_s6[8]_i_6_n_0
                         CARRY8 (Prop_CARRY8_S[5]_CO[7])
                                                      0.166     1.173 r  quant_s6_reg[8]_i_2/CO[7]
                         net (fo=1, unplaced)         0.005     1.178    quant_s6_reg[8]_i_2_n_0
                         CARRY8 (Prop_CARRY8_CI_O[6])
                                                      0.103     1.281 r  quant_s6_reg[15]_i_5/O[6]
                         net (fo=5, unplaced)         0.156     1.437    rounded0[15]
                         LUT3 (Prop_LUT3_I1_O)        0.070     1.507 r  quant_s6[15]_i_53/O
                         net (fo=1, unplaced)         0.260     1.767    quant_s6[15]_i_53_n_0
                         CARRY8 (Prop_CARRY8_DI[0]_CO[7])
                                                      0.140     1.907 r  quant_s6_reg[15]_i_24/CO[7]
                         net (fo=1, unplaced)         0.005     1.912    quant_s6_reg[15]_i_24_n_0
                         CARRY8 (Prop_CARRY8_CI_CO[3])
                                                      0.060     1.972 r  quant_s6_reg[15]_i_7/CO[3]
                         net (fo=16, unplaced)        0.181     2.153    quantize_q1510_in
                         LUT5 (Prop_LUT5_I0_O)        0.053     2.206 r  quant_s6[7]_i_1/O
                         net (fo=1, unplaced)         0.048     2.254    quantize_q15_return[7]
                         FDRE                                         r  quant_s6_reg[7]/D
  -------------------------------------------------------------------    -------------------

                         (clock accelerator_clk rise edge)
                                                      6.667     6.667 r  
                                                      0.000     6.667 r  aclk (IN)
                         net (fo=934, unset)          0.021     6.688    aclk
                         FDRE                                         r  quant_s6_reg[7]/C
                         clock pessimism              0.000     6.688    
                         clock uncertainty           -0.035     6.653    
                         FDRE (Setup_FDRE_C_D)        0.025     6.678    quant_s6_reg[7]
  -------------------------------------------------------------------
                         required time                          6.678    
                         arrival time                          -2.254    
  -------------------------------------------------------------------
                         slack                                  4.424    

Slack (MET) :             4.424ns  (required time - arrival time)
  Source:                 sum_s5_reg[14]/C
                            (rising edge-triggered cell FDRE clocked by accelerator_clk  {rise@0.000ns fall@3.333ns period=6.667ns})
  Destination:            quant_s6_reg[8]/D
                            (rising edge-triggered cell FDRE clocked by accelerator_clk  {rise@0.000ns fall@3.333ns period=6.667ns})
  Path Group:             accelerator_clk
  Path Type:              Setup (Max at Slow Process Corner)
  Requirement:            6.667ns  (accelerator_clk rise@6.667ns - accelerator_clk rise@0.000ns)
  Data Path Delay:        2.224ns  (logic 0.964ns (43.345%)  route 1.260ns (56.655%))
  Logic Levels:           10  (CARRY8=6 LUT1=2 LUT3=1 LUT5=1)
  Clock Path Skew:        -0.009ns (DCD - SCD + CPR)
    Destination Clock Delay (DCD):    0.021ns = ( 6.688 - 6.667 ) 
    Source Clock Delay      (SCD):    0.030ns
    Clock Pessimism Removal (CPR):    0.000ns
  Clock Uncertainty:      0.035ns  ((TSJ^2 + TIJ^2)^1/2 + DJ) / 2 + PE
    Total System Jitter     (TSJ):    0.071ns
    Total Input Jitter      (TIJ):    0.000ns
    Discrete Jitter          (DJ):    0.000ns
    Phase Error              (PE):    0.000ns

    Location             Delay type                Incr(ns)  Path(ns)    Netlist Resource(s)
  -------------------------------------------------------------------    -------------------
                         (clock accelerator_clk rise edge)
                                                      0.000     0.000 r  
                                                      0.000     0.000 r  aclk (IN)
                         net (fo=934, unset)          0.030     0.030    aclk
                         FDRE                                         r  sum_s5_reg[14]/C
  -------------------------------------------------------------------    -------------------
                         FDRE (Prop_FDRE_C_Q)         0.078     0.108 f  sum_s5_reg[14]/Q
                         net (fo=4, unplaced)         0.149     0.257    sum_s5_reg_n_0_[14]
                         LUT1 (Prop_LUT1_I0_O)        0.074     0.331 r  quant_s6[0]_i_4/O
                         net (fo=1, unplaced)         0.238     0.569    quant_s6[0]_i_4_n_0
                         CARRY8 (Prop_CARRY8_DI[5]_CO[7])
                                                      0.097     0.666 r  quant_s6_reg[0]_i_2/CO[7]
                         net (fo=1, unplaced)         0.005     0.671    quant_s6_reg[0]_i_2_n_0
                         CARRY8 (Prop_CARRY8_CI_O[4])
                                                      0.086     0.757 f  quant_s6_reg[15]_i_30/O[4]
                         net (fo=1, unplaced)         0.184     0.941    rounded2[21]
                         LUT1 (Prop_LUT1_I0_O)        0.037     0.978 r  quant_s6[8]_i_6/O
                         net (fo=1, unplaced)         0.029     1.007    quant_s6[8]_i_6_n_0
                         CARRY8 (Prop_CARRY8_S[5]_CO[7])
                                                      0.166     1.173 r  quant_s6_reg[8]_i_2/CO[7]
                         net (fo=1, unplaced)         0.005     1.178    quant_s6_reg[8]_i_2_n_0
                         CARRY8 (Prop_CARRY8_CI_O[6])
                                                      0.103     1.281 r  quant_s6_reg[15]_i_5/O[6]
                         net (fo=5, unplaced)         0.156     1.437    rounded0[15]
                         LUT3 (Prop_LUT3_I1_O)        0.070     1.507 r  quant_s6[15]_i_53/O
                         net (fo=1, unplaced)         0.260     1.767    quant_s6[15]_i_53_n_0
                         CARRY8 (Prop_CARRY8_DI[0]_CO[7])
                                                      0.140     1.907 r  quant_s6_reg[15]_i_24/CO[7]
                         net (fo=1, unplaced)         0.005     1.912    quant_s6_reg[15]_i_24_n_0
                         CARRY8 (Prop_CARRY8_CI_CO[3])
                                                      0.060     1.972 r  quant_s6_reg[15]_i_7/CO[3]
                         net (fo=16, unplaced)        0.181     2.153    quantize_q1510_in
                         LUT5 (Prop_LUT5_I0_O)        0.053     2.206 r  quant_s6[8]_i_1/O
                         net (fo=1, unplaced)         0.048     2.254    quantize_q15_return[8]
                         FDRE                                         r  quant_s6_reg[8]/D
  -------------------------------------------------------------------    -------------------

                         (clock accelerator_clk rise edge)
                                                      6.667     6.667 r  
                                                      0.000     6.667 r  aclk (IN)
                         net (fo=934, unset)          0.021     6.688    aclk
                         FDRE                                         r  quant_s6_reg[8]/C
                         clock pessimism              0.000     6.688    
                         clock uncertainty           -0.035     6.653    
                         FDRE (Setup_FDRE_C_D)        0.025     6.678    quant_s6_reg[8]
  -------------------------------------------------------------------
                         required time                          6.678    
                         arrival time                          -2.254    
  -------------------------------------------------------------------
                         slack                                  4.424    

Slack (MET) :             4.424ns  (required time - arrival time)
  Source:                 sum_s5_reg[14]/C
                            (rising edge-triggered cell FDRE clocked by accelerator_clk  {rise@0.000ns fall@3.333ns period=6.667ns})
  Destination:            quant_s6_reg[9]/D
                            (rising edge-triggered cell FDRE clocked by accelerator_clk  {rise@0.000ns fall@3.333ns period=6.667ns})
  Path Group:             accelerator_clk
  Path Type:              Setup (Max at Slow Process Corner)
  Requirement:            6.667ns  (accelerator_clk rise@6.667ns - accelerator_clk rise@0.000ns)
  Data Path Delay:        2.224ns  (logic 0.964ns (43.345%)  route 1.260ns (56.655%))
  Logic Levels:           10  (CARRY8=6 LUT1=2 LUT3=1 LUT5=1)
  Clock Path Skew:        -0.009ns (DCD - SCD + CPR)
    Destination Clock Delay (DCD):    0.021ns = ( 6.688 - 6.667 ) 
    Source Clock Delay      (SCD):    0.030ns
    Clock Pessimism Removal (CPR):    0.000ns
  Clock Uncertainty:      0.035ns  ((TSJ^2 + TIJ^2)^1/2 + DJ) / 2 + PE
    Total System Jitter     (TSJ):    0.071ns
    Total Input Jitter      (TIJ):    0.000ns
    Discrete Jitter          (DJ):    0.000ns
    Phase Error              (PE):    0.000ns

    Location             Delay type                Incr(ns)  Path(ns)    Netlist Resource(s)
  -------------------------------------------------------------------    -------------------
                         (clock accelerator_clk rise edge)
                                                      0.000     0.000 r  
                                                      0.000     0.000 r  aclk (IN)
                         net (fo=934, unset)          0.030     0.030    aclk
                         FDRE                                         r  sum_s5_reg[14]/C
  -------------------------------------------------------------------    -------------------
                         FDRE (Prop_FDRE_C_Q)         0.078     0.108 f  sum_s5_reg[14]/Q
                         net (fo=4, unplaced)         0.149     0.257    sum_s5_reg_n_0_[14]
                         LUT1 (Prop_LUT1_I0_O)        0.074     0.331 r  quant_s6[0]_i_4/O
                         net (fo=1, unplaced)         0.238     0.569    quant_s6[0]_i_4_n_0
                         CARRY8 (Prop_CARRY8_DI[5]_CO[7])
                                                      0.097     0.666 r  quant_s6_reg[0]_i_2/CO[7]
                         net (fo=1, unplaced)         0.005     0.671    quant_s6_reg[0]_i_2_n_0
                         CARRY8 (Prop_CARRY8_CI_O[4])
                                                      0.086     0.757 f  quant_s6_reg[15]_i_30/O[4]
                         net (fo=1, unplaced)         0.184     0.941    rounded2[21]
                         LUT1 (Prop_LUT1_I0_O)        0.037     0.978 r  quant_s6[8]_i_6/O
                         net (fo=1, unplaced)         0.029     1.007    quant_s6[8]_i_6_n_0
                         CARRY8 (Prop_CARRY8_S[5]_CO[7])
                                                      0.166     1.173 r  quant_s6_reg[8]_i_2/CO[7]
                         net (fo=1, unplaced)         0.005     1.178    quant_s6_reg[8]_i_2_n_0
                         CARRY8 (Prop_CARRY8_CI_O[6])
                                                      0.103     1.281 r  quant_s6_reg[15]_i_5/O[6]
                         net (fo=5, unplaced)         0.156     1.437    rounded0[15]
                         LUT3 (Prop_LUT3_I1_O)        0.070     1.507 r  quant_s6[15]_i_53/O
                         net (fo=1, unplaced)         0.260     1.767    quant_s6[15]_i_53_n_0
                         CARRY8 (Prop_CARRY8_DI[0]_CO[7])
                                                      0.140     1.907 r  quant_s6_reg[15]_i_24/CO[7]
                         net (fo=1, unplaced)         0.005     1.912    quant_s6_reg[15]_i_24_n_0
                         CARRY8 (Prop_CARRY8_CI_CO[3])
                                                      0.060     1.972 r  quant_s6_reg[15]_i_7/CO[3]
                         net (fo=16, unplaced)        0.181     2.153    quantize_q1510_in
                         LUT5 (Prop_LUT5_I0_O)        0.053     2.206 r  quant_s6[9]_i_1/O
                         net (fo=1, unplaced)         0.048     2.254    quantize_q15_return[9]
                         FDRE                                         r  quant_s6_reg[9]/D
  -------------------------------------------------------------------    -------------------

                         (clock accelerator_clk rise edge)
                                                      6.667     6.667 r  
                                                      0.000     6.667 r  aclk (IN)
                         net (fo=934, unset)          0.021     6.688    aclk
                         FDRE                                         r  quant_s6_reg[9]/C
                         clock pessimism              0.000     6.688    
                         clock uncertainty           -0.035     6.653    
                         FDRE (Setup_FDRE_C_D)        0.025     6.678    quant_s6_reg[9]
  -------------------------------------------------------------------
                         required time                          6.678    
                         arrival time                          -2.254    
  -------------------------------------------------------------------
                         slack                                  4.424    

Slack (MET) :             5.183ns  (required time - arrival time)
  Source:                 prod_s0_reg[10]/DSP_A_B_DATA_INST/CLK
                            (rising edge-triggered cell DSP_A_B_DATA clocked by accelerator_clk  {rise@0.000ns fall@3.333ns period=6.667ns})
  Destination:            prod_s0_reg[10]/DSP_OUTPUT_INST/ALU_OUT[10]
                            (rising edge-triggered cell DSP_OUTPUT clocked by accelerator_clk  {rise@0.000ns fall@3.333ns period=6.667ns})
  Path Group:             accelerator_clk
  Path Type:              Setup (Max at Slow Process Corner)
  Requirement:            6.667ns  (accelerator_clk rise@6.667ns - accelerator_clk rise@0.000ns)
  Data Path Delay:        1.447ns  (logic 1.447ns (100.000%)  route 0.000ns (0.000%))
  Logic Levels:           4  (DSP_ALU=1 DSP_M_DATA=1 DSP_MULTIPLIER=1 DSP_PREADD_DATA=1)
  Clock Path Skew:        -0.017ns (DCD - SCD + CPR)
    Destination Clock Delay (DCD):    0.043ns = ( 6.710 - 6.667 ) 
    Source Clock Delay      (SCD):    0.060ns
    Clock Pessimism Removal (CPR):    0.000ns
  Clock Uncertainty:      0.035ns  ((TSJ^2 + TIJ^2)^1/2 + DJ) / 2 + PE
    Total System Jitter     (TSJ):    0.071ns
    Total Input Jitter      (TIJ):    0.000ns
    Discrete Jitter          (DJ):    0.000ns
    Phase Error              (PE):    0.000ns

    Location             Delay type                Incr(ns)  Path(ns)    Netlist Resource(s)
  -------------------------------------------------------------------    -------------------
                         (clock accelerator_clk rise edge)
                                                      0.000     0.000 r  
                                                      0.000     0.000 r  aclk (IN)
                         net (fo=934, unset)          0.060     0.060    prod_s0_reg[10]/CLK
                         DSP_A_B_DATA                                 r  prod_s0_reg[10]/DSP_A_B_DATA_INST/CLK
  -------------------------------------------------------------------    -------------------
                         DSP_A_B_DATA (Prop_DSP_A_B_DATA_CLK_A2_DATA[9])
                                                      0.234     0.294 r  prod_s0_reg[10]/DSP_A_B_DATA_INST/A2_DATA[9]
                         net (fo=1, unplaced)         0.000     0.294    prod_s0_reg[10]/DSP_A_B_DATA.A2_DATA<9>
                         DSP_PREADD_DATA (Prop_DSP_PREADD_DATA_A2_DATA[9]_A2A1[9])
                                                      0.076     0.370 r  prod_s0_reg[10]/DSP_PREADD_DATA_INST/A2A1[9]
                         net (fo=1, unplaced)         0.000     0.370    prod_s0_reg[10]/DSP_PREADD_DATA.A2A1<9>
                         DSP_MULTIPLIER (Prop_DSP_MULTIPLIER_A2A1[9]_U[10])
                                                      0.505     0.875 f  prod_s0_reg[10]/DSP_MULTIPLIER_INST/U[10]
                         net (fo=1, unplaced)         0.000     0.875    prod_s0_reg[10]/DSP_MULTIPLIER.U<10>
                         DSP_M_DATA (Prop_DSP_M_DATA_U[10]_U_DATA[10])
                                                      0.047     0.922 r  prod_s0_reg[10]/DSP_M_DATA_INST/U_DATA[10]
                         net (fo=1, unplaced)         0.000     0.922    prod_s0_reg[10]/DSP_M_DATA.U_DATA<10>
                         DSP_ALU (Prop_DSP_ALU_U_DATA[10]_ALU_OUT[10])
                                                      0.585     1.507 r  prod_s0_reg[10]/DSP_ALU_INST/ALU_OUT[10]
                         net (fo=1, unplaced)         0.000     1.507    prod_s0_reg[10]/DSP_ALU.ALU_OUT<10>
                         DSP_OUTPUT                                   r  prod_s0_reg[10]/DSP_OUTPUT_INST/ALU_OUT[10]
  -------------------------------------------------------------------    -------------------

                         (clock accelerator_clk rise edge)
                                                      6.667     6.667 r  
                                                      0.000     6.667 r  aclk (IN)
                         net (fo=934, unset)          0.043     6.710    prod_s0_reg[10]/CLK
                         DSP_OUTPUT                                   r  prod_s0_reg[10]/DSP_OUTPUT_INST/CLK
                         clock pessimism              0.000     6.710    
                         clock uncertainty           -0.035     6.675    
                         DSP_OUTPUT (Setup_DSP_OUTPUT_CLK_ALU_OUT[10])
                                                      0.015     6.690    prod_s0_reg[10]/DSP_OUTPUT_INST
  -------------------------------------------------------------------
                         required time                          6.690    
                         arrival time                          -1.507    
  -------------------------------------------------------------------
                         slack                                  5.183    

Slack (MET) :             5.183ns  (required time - arrival time)
  Source:                 prod_s0_reg[10]/DSP_A_B_DATA_INST/CLK
                            (rising edge-triggered cell DSP_A_B_DATA clocked by accelerator_clk  {rise@0.000ns fall@3.333ns period=6.667ns})
  Destination:            prod_s0_reg[10]/DSP_OUTPUT_INST/ALU_OUT[11]
                            (rising edge-triggered cell DSP_OUTPUT clocked by accelerator_clk  {rise@0.000ns fall@3.333ns period=6.667ns})
  Path Group:             accelerator_clk
  Path Type:              Setup (Max at Slow Process Corner)
  Requirement:            6.667ns  (accelerator_clk rise@6.667ns - accelerator_clk rise@0.000ns)
  Data Path Delay:        1.447ns  (logic 1.447ns (100.000%)  route 0.000ns (0.000%))
  Logic Levels:           4  (DSP_ALU=1 DSP_M_DATA=1 DSP_MULTIPLIER=1 DSP_PREADD_DATA=1)
  Clock Path Skew:        -0.017ns (DCD - SCD + CPR)
    Destination Clock Delay (DCD):    0.043ns = ( 6.710 - 6.667 ) 
    Source Clock Delay      (SCD):    0.060ns
    Clock Pessimism Removal (CPR):    0.000ns
  Clock Uncertainty:      0.035ns  ((TSJ^2 + TIJ^2)^1/2 + DJ) / 2 + PE
    Total System Jitter     (TSJ):    0.071ns
    Total Input Jitter      (TIJ):    0.000ns
    Discrete Jitter          (DJ):    0.000ns
    Phase Error              (PE):    0.000ns

    Location             Delay type                Incr(ns)  Path(ns)    Netlist Resource(s)
  -------------------------------------------------------------------    -------------------
                         (clock accelerator_clk rise edge)
                                                      0.000     0.000 r  
                                                      0.000     0.000 r  aclk (IN)
                         net (fo=934, unset)          0.060     0.060    prod_s0_reg[10]/CLK
                         DSP_A_B_DATA                                 r  prod_s0_reg[10]/DSP_A_B_DATA_INST/CLK
  -------------------------------------------------------------------    -------------------
                         DSP_A_B_DATA (Prop_DSP_A_B_DATA_CLK_A2_DATA[10])
                                                      0.234     0.294 r  prod_s0_reg[10]/DSP_A_B_DATA_INST/A2_DATA[10]
                         net (fo=1, unplaced)         0.000     0.294    prod_s0_reg[10]/DSP_A_B_DATA.A2_DATA<10>
                         DSP_PREADD_DATA (Prop_DSP_PREADD_DATA_A2_DATA[10]_A2A1[10])
                                                      0.076     0.370 r  prod_s0_reg[10]/DSP_PREADD_DATA_INST/A2A1[10]
                         net (fo=1, unplaced)         0.000     0.370    prod_s0_reg[10]/DSP_PREADD_DATA.A2A1<10>
                         DSP_MULTIPLIER (Prop_DSP_MULTIPLIER_A2A1[10]_U[11])
                                                      0.505     0.875 f  prod_s0_reg[10]/DSP_MULTIPLIER_INST/U[11]
                         net (fo=1, unplaced)         0.000     0.875    prod_s0_reg[10]/DSP_MULTIPLIER.U<11>
                         DSP_M_DATA (Prop_DSP_M_DATA_U[11]_U_DATA[11])
                                                      0.047     0.922 r  prod_s0_reg[10]/DSP_M_DATA_INST/U_DATA[11]
                         net (fo=1, unplaced)         0.000     0.922    prod_s0_reg[10]/DSP_M_DATA.U_DATA<11>
                         DSP_ALU (Prop_DSP_ALU_U_DATA[11]_ALU_OUT[11])
                                                      0.585     1.507 r  prod_s0_reg[10]/DSP_ALU_INST/ALU_OUT[11]
                         net (fo=1, unplaced)         0.000     1.507    prod_s0_reg[10]/DSP_ALU.ALU_OUT<11>
                         DSP_OUTPUT                                   r  prod_s0_reg[10]/DSP_OUTPUT_INST/ALU_OUT[11]
  -------------------------------------------------------------------    -------------------

                         (clock accelerator_clk rise edge)
                                                      6.667     6.667 r  
                                                      0.000     6.667 r  aclk (IN)
                         net (fo=934, unset)          0.043     6.710    prod_s0_reg[10]/CLK
                         DSP_OUTPUT                                   r  prod_s0_reg[10]/DSP_OUTPUT_INST/CLK
                         clock pessimism              0.000     6.710    
                         clock uncertainty           -0.035     6.675    
                         DSP_OUTPUT (Setup_DSP_OUTPUT_CLK_ALU_OUT[11])
                                                      0.015     6.690    prod_s0_reg[10]/DSP_OUTPUT_INST
  -------------------------------------------------------------------
                         required time                          6.690    
                         arrival time                          -1.507    
  -------------------------------------------------------------------
                         slack                                  5.183    

Slack (MET) :             5.183ns  (required time - arrival time)
  Source:                 prod_s0_reg[10]/DSP_A_B_DATA_INST/CLK
                            (rising edge-triggered cell DSP_A_B_DATA clocked by accelerator_clk  {rise@0.000ns fall@3.333ns period=6.667ns})
  Destination:            prod_s0_reg[10]/DSP_OUTPUT_INST/ALU_OUT[12]
                            (rising edge-triggered cell DSP_OUTPUT clocked by accelerator_clk  {rise@0.000ns fall@3.333ns period=6.667ns})
  Path Group:             accelerator_clk
  Path Type:              Setup (Max at Slow Process Corner)
  Requirement:            6.667ns  (accelerator_clk rise@6.667ns - accelerator_clk rise@0.000ns)
  Data Path Delay:        1.447ns  (logic 1.447ns (100.000%)  route 0.000ns (0.000%))
  Logic Levels:           4  (DSP_ALU=1 DSP_M_DATA=1 DSP_MULTIPLIER=1 DSP_PREADD_DATA=1)
  Clock Path Skew:        -0.017ns (DCD - SCD + CPR)
    Destination Clock Delay (DCD):    0.043ns = ( 6.710 - 6.667 ) 
    Source Clock Delay      (SCD):    0.060ns
    Clock Pessimism Removal (CPR):    0.000ns
  Clock Uncertainty:      0.035ns  ((TSJ^2 + TIJ^2)^1/2 + DJ) / 2 + PE
    Total System Jitter     (TSJ):    0.071ns
    Total Input Jitter      (TIJ):    0.000ns
    Discrete Jitter          (DJ):    0.000ns
    Phase Error              (PE):    0.000ns

    Location             Delay type                Incr(ns)  Path(ns)    Netlist Resource(s)
  -------------------------------------------------------------------    -------------------
                         (clock accelerator_clk rise edge)
                                                      0.000     0.000 r  
                                                      0.000     0.000 r  aclk (IN)
                         net (fo=934, unset)          0.060     0.060    prod_s0_reg[10]/CLK
                         DSP_A_B_DATA                                 r  prod_s0_reg[10]/DSP_A_B_DATA_INST/CLK
  -------------------------------------------------------------------    -------------------
                         DSP_A_B_DATA (Prop_DSP_A_B_DATA_CLK_A2_DATA[11])
                                                      0.234     0.294 r  prod_s0_reg[10]/DSP_A_B_DATA_INST/A2_DATA[11]
                         net (fo=1, unplaced)         0.000     0.294    prod_s0_reg[10]/DSP_A_B_DATA.A2_DATA<11>
                         DSP_PREADD_DATA (Prop_DSP_PREADD_DATA_A2_DATA[11]_A2A1[11])
                                                      0.076     0.370 r  prod_s0_reg[10]/DSP_PREADD_DATA_INST/A2A1[11]
                         net (fo=1, unplaced)         0.000     0.370    prod_s0_reg[10]/DSP_PREADD_DATA.A2A1<11>
                         DSP_MULTIPLIER (Prop_DSP_MULTIPLIER_A2A1[11]_U[12])
                                                      0.505     0.875 f  prod_s0_reg[10]/DSP_MULTIPLIER_INST/U[12]
                         net (fo=1, unplaced)         0.000     0.875    prod_s0_reg[10]/DSP_MULTIPLIER.U<12>
                         DSP_M_DATA (Prop_DSP_M_DATA_U[12]_U_DATA[12])
                                                      0.047     0.922 r  prod_s0_reg[10]/DSP_M_DATA_INST/U_DATA[12]
                         net (fo=1, unplaced)         0.000     0.922    prod_s0_reg[10]/DSP_M_DATA.U_DATA<12>
                         DSP_ALU (Prop_DSP_ALU_U_DATA[12]_ALU_OUT[12])
                                                      0.585     1.507 r  prod_s0_reg[10]/DSP_ALU_INST/ALU_OUT[12]
                         net (fo=1, unplaced)         0.000     1.507    prod_s0_reg[10]/DSP_ALU.ALU_OUT<12>
                         DSP_OUTPUT                                   r  prod_s0_reg[10]/DSP_OUTPUT_INST/ALU_OUT[12]
  -------------------------------------------------------------------    -------------------

                         (clock accelerator_clk rise edge)
                                                      6.667     6.667 r  
                                                      0.000     6.667 r  aclk (IN)
                         net (fo=934, unset)          0.043     6.710    prod_s0_reg[10]/CLK
                         DSP_OUTPUT                                   r  prod_s0_reg[10]/DSP_OUTPUT_INST/CLK
                         clock pessimism              0.000     6.710    
                         clock uncertainty           -0.035     6.675    
                         DSP_OUTPUT (Setup_DSP_OUTPUT_CLK_ALU_OUT[12])
                                                      0.015     6.690    prod_s0_reg[10]/DSP_OUTPUT_INST
  -------------------------------------------------------------------
                         required time                          6.690    
                         arrival time                          -1.507    
  -------------------------------------------------------------------
                         slack                                  5.183    

Slack (MET) :             5.183ns  (required time - arrival time)
  Source:                 prod_s0_reg[10]/DSP_A_B_DATA_INST/CLK
                            (rising edge-triggered cell DSP_A_B_DATA clocked by accelerator_clk  {rise@0.000ns fall@3.333ns period=6.667ns})
  Destination:            prod_s0_reg[10]/DSP_OUTPUT_INST/ALU_OUT[13]
                            (rising edge-triggered cell DSP_OUTPUT clocked by accelerator_clk  {rise@0.000ns fall@3.333ns period=6.667ns})
  Path Group:             accelerator_clk
  Path Type:              Setup (Max at Slow Process Corner)
  Requirement:            6.667ns  (accelerator_clk rise@6.667ns - accelerator_clk rise@0.000ns)
  Data Path Delay:        1.447ns  (logic 1.447ns (100.000%)  route 0.000ns (0.000%))
  Logic Levels:           4  (DSP_ALU=1 DSP_M_DATA=1 DSP_MULTIPLIER=1 DSP_PREADD_DATA=1)
  Clock Path Skew:        -0.017ns (DCD - SCD + CPR)
    Destination Clock Delay (DCD):    0.043ns = ( 6.710 - 6.667 ) 
    Source Clock Delay      (SCD):    0.060ns
    Clock Pessimism Removal (CPR):    0.000ns
  Clock Uncertainty:      0.035ns  ((TSJ^2 + TIJ^2)^1/2 + DJ) / 2 + PE
    Total System Jitter     (TSJ):    0.071ns
    Total Input Jitter      (TIJ):    0.000ns
    Discrete Jitter          (DJ):    0.000ns
    Phase Error              (PE):    0.000ns

    Location             Delay type                Incr(ns)  Path(ns)    Netlist Resource(s)
  -------------------------------------------------------------------    -------------------
                         (clock accelerator_clk rise edge)
                                                      0.000     0.000 r  
                                                      0.000     0.000 r  aclk (IN)
                         net (fo=934, unset)          0.060     0.060    prod_s0_reg[10]/CLK
                         DSP_A_B_DATA                                 r  prod_s0_reg[10]/DSP_A_B_DATA_INST/CLK
  -------------------------------------------------------------------    -------------------
                         DSP_A_B_DATA (Prop_DSP_A_B_DATA_CLK_A2_DATA[12])
                                                      0.234     0.294 r  prod_s0_reg[10]/DSP_A_B_DATA_INST/A2_DATA[12]
                         net (fo=1, unplaced)         0.000     0.294    prod_s0_reg[10]/DSP_A_B_DATA.A2_DATA<12>
                         DSP_PREADD_DATA (Prop_DSP_PREADD_DATA_A2_DATA[12]_A2A1[12])
                                                      0.076     0.370 r  prod_s0_reg[10]/DSP_PREADD_DATA_INST/A2A1[12]
                         net (fo=1, unplaced)         0.000     0.370    prod_s0_reg[10]/DSP_PREADD_DATA.A2A1<12>
                         DSP_MULTIPLIER (Prop_DSP_MULTIPLIER_A2A1[12]_U[13])
                                                      0.505     0.875 f  prod_s0_reg[10]/DSP_MULTIPLIER_INST/U[13]
                         net (fo=1, unplaced)         0.000     0.875    prod_s0_reg[10]/DSP_MULTIPLIER.U<13>
                         DSP_M_DATA (Prop_DSP_M_DATA_U[13]_U_DATA[13])
                                                      0.047     0.922 r  prod_s0_reg[10]/DSP_M_DATA_INST/U_DATA[13]
                         net (fo=1, unplaced)         0.000     0.922    prod_s0_reg[10]/DSP_M_DATA.U_DATA<13>
                         DSP_ALU (Prop_DSP_ALU_U_DATA[13]_ALU_OUT[13])
                                                      0.585     1.507 r  prod_s0_reg[10]/DSP_ALU_INST/ALU_OUT[13]
                         net (fo=1, unplaced)         0.000     1.507    prod_s0_reg[10]/DSP_ALU.ALU_OUT<13>
                         DSP_OUTPUT                                   r  prod_s0_reg[10]/DSP_OUTPUT_INST/ALU_OUT[13]
  -------------------------------------------------------------------    -------------------

                         (clock accelerator_clk rise edge)
                                                      6.667     6.667 r  
                                                      0.000     6.667 r  aclk (IN)
                         net (fo=934, unset)          0.043     6.710    prod_s0_reg[10]/CLK
                         DSP_OUTPUT                                   r  prod_s0_reg[10]/DSP_OUTPUT_INST/CLK
                         clock pessimism              0.000     6.710    
                         clock uncertainty           -0.035     6.675    
                         DSP_OUTPUT (Setup_DSP_OUTPUT_CLK_ALU_OUT[13])
                                                      0.015     6.690    prod_s0_reg[10]/DSP_OUTPUT_INST
  -------------------------------------------------------------------
                         required time                          6.690    
                         arrival time                          -1.507    
  -------------------------------------------------------------------
                         slack                                  5.183    





Min Delay Paths
--------------------------------------------------------------------------------------
Slack (MET) :             0.070ns  (arrival time - required time)
  Source:                 sum_s3_reg[0][9]/C
                            (rising edge-triggered cell FDRE clocked by accelerator_clk  {rise@0.000ns fall@3.333ns period=6.667ns})
  Destination:            sum_s4_reg[0][10]/D
                            (rising edge-triggered cell FDRE clocked by accelerator_clk  {rise@0.000ns fall@3.333ns period=6.667ns})
  Path Group:             accelerator_clk
  Path Type:              Hold (Min at Fast Process Corner)
  Requirement:            0.000ns  (accelerator_clk rise@0.000ns - accelerator_clk rise@0.000ns)
  Data Path Delay:        0.122ns  (logic 0.069ns (56.557%)  route 0.053ns (43.443%))
  Logic Levels:           1  (CARRY8=1)
  Clock Path Skew:        0.006ns (DCD - SCD - CPR)
    Destination Clock Delay (DCD):    0.019ns
    Source Clock Delay      (SCD):    0.013ns
    Clock Pessimism Removal (CPR):    -0.000ns

    Location             Delay type                Incr(ns)  Path(ns)    Netlist Resource(s)
  -------------------------------------------------------------------    -------------------
                         (clock accelerator_clk rise edge)
                                                      0.000     0.000 r  
                                                      0.000     0.000 r  aclk (IN)
                         net (fo=934, unset)          0.013     0.013    aclk
                         FDRE                                         r  sum_s3_reg[0][9]/C
  -------------------------------------------------------------------    -------------------
                         FDRE (Prop_FDRE_C_Q)         0.038     0.051 r  sum_s3_reg[0][9]/Q
                         net (fo=2, unplaced)         0.046     0.097    sum_s3_reg[0][9]
                         CARRY8 (Prop_CARRY8_DI[1]_O[2])
                                                      0.031     0.128 r  sum_s4_reg[0][15]_i_1/O[2]
                         net (fo=1, unplaced)         0.007     0.135    sum_s4_reg[0][15]_i_1_n_13
                         FDRE                                         r  sum_s4_reg[0][10]/D
  -------------------------------------------------------------------    -------------------

                         (clock accelerator_clk rise edge)
                                                      0.000     0.000 r  
                                                      0.000     0.000 r  aclk (IN)
                         net (fo=934, unset)          0.019     0.019    aclk
                         FDRE                                         r  sum_s4_reg[0][10]/C
                         clock pessimism              0.000     0.019    
                         FDRE (Hold_FDRE_C_D)         0.046     0.065    sum_s4_reg[0][10]
  -------------------------------------------------------------------
                         required time                         -0.065    
                         arrival time                           0.135    
  -------------------------------------------------------------------
                         slack                                  0.070    

Slack (MET) :             0.070ns  (arrival time - required time)
  Source:                 sum_s3_reg[0][16]/C
                            (rising edge-triggered cell FDRE clocked by accelerator_clk  {rise@0.000ns fall@3.333ns period=6.667ns})
  Destination:            sum_s4_reg[0][17]/D
                            (rising edge-triggered cell FDRE clocked by accelerator_clk  {rise@0.000ns fall@3.333ns period=6.667ns})
  Path Group:             accelerator_clk
  Path Type:              Hold (Min at Fast Process Corner)
  Requirement:            0.000ns  (accelerator_clk rise@0.000ns - accelerator_clk rise@0.000ns)
  Data Path Delay:        0.122ns  (logic 0.069ns (56.557%)  route 0.053ns (43.443%))
  Logic Levels:           1  (CARRY8=1)
  Clock Path Skew:        0.006ns (DCD - SCD - CPR)
    Destination Clock Delay (DCD):    0.019ns
    Source Clock Delay      (SCD):    0.013ns
    Clock Pessimism Removal (CPR):    -0.000ns

    Location             Delay type                Incr(ns)  Path(ns)    Netlist Resource(s)
  -------------------------------------------------------------------    -------------------
                         (clock accelerator_clk rise edge)
                                                      0.000     0.000 r  
                                                      0.000     0.000 r  aclk (IN)
                         net (fo=934, unset)          0.013     0.013    aclk
                         FDRE                                         r  sum_s3_reg[0][16]/C
  -------------------------------------------------------------------    -------------------
                         FDRE (Prop_FDRE_C_Q)         0.038     0.051 r  sum_s3_reg[0][16]/Q
                         net (fo=2, unplaced)         0.046     0.097    sum_s3_reg[0][16]
                         CARRY8 (Prop_CARRY8_DI[0]_O[1])
                                                      0.031     0.128 r  sum_s4_reg[0][23]_i_1/O[1]
                         net (fo=1, unplaced)         0.007     0.135    sum_s4_reg[0][23]_i_1_n_14
                         FDRE                                         r  sum_s4_reg[0][17]/D
  -------------------------------------------------------------------    -------------------

                         (clock accelerator_clk rise edge)
                                                      0.000     0.000 r  
                                                      0.000     0.000 r  aclk (IN)
                         net (fo=934, unset)          0.019     0.019    aclk
                         FDRE                                         r  sum_s4_reg[0][17]/C
                         clock pessimism              0.000     0.019    
                         FDRE (Hold_FDRE_C_D)         0.046     0.065    sum_s4_reg[0][17]
  -------------------------------------------------------------------
                         required time                         -0.065    
                         arrival time                           0.135    
  -------------------------------------------------------------------
                         slack                                  0.070    

Slack (MET) :             0.070ns  (arrival time - required time)
  Source:                 sum_s3_reg[0][17]/C
                            (rising edge-triggered cell FDRE clocked by accelerator_clk  {rise@0.000ns fall@3.333ns period=6.667ns})
  Destination:            sum_s4_reg[0][18]/D
                            (rising edge-triggered cell FDRE clocked by accelerator_clk  {rise@0.000ns fall@3.333ns period=6.667ns})
  Path Group:             accelerator_clk
  Path Type:              Hold (Min at Fast Process Corner)
  Requirement:            0.000ns  (accelerator_clk rise@0.000ns - accelerator_clk rise@0.000ns)
  Data Path Delay:        0.122ns  (logic 0.069ns (56.557%)  route 0.053ns (43.443%))
  Logic Levels:           1  (CARRY8=1)
  Clock Path Skew:        0.006ns (DCD - SCD - CPR)
    Destination Clock Delay (DCD):    0.019ns
    Source Clock Delay      (SCD):    0.013ns
    Clock Pessimism Removal (CPR):    -0.000ns

    Location             Delay type                Incr(ns)  Path(ns)    Netlist Resource(s)
  -------------------------------------------------------------------    -------------------
                         (clock accelerator_clk rise edge)
                                                      0.000     0.000 r  
                                                      0.000     0.000 r  aclk (IN)
                         net (fo=934, unset)          0.013     0.013    aclk
                         FDRE                                         r  sum_s3_reg[0][17]/C
  -------------------------------------------------------------------    -------------------
                         FDRE (Prop_FDRE_C_Q)         0.038     0.051 r  sum_s3_reg[0][17]/Q
                         net (fo=2, unplaced)         0.046     0.097    sum_s3_reg[0][17]
                         CARRY8 (Prop_CARRY8_DI[1]_O[2])
                                                      0.031     0.128 r  sum_s4_reg[0][23]_i_1/O[2]
                         net (fo=1, unplaced)         0.007     0.135    sum_s4_reg[0][23]_i_1_n_13
                         FDRE                                         r  sum_s4_reg[0][18]/D
  -------------------------------------------------------------------    -------------------

                         (clock accelerator_clk rise edge)
                                                      0.000     0.000 r  
                                                      0.000     0.000 r  aclk (IN)
                         net (fo=934, unset)          0.019     0.019    aclk
                         FDRE                                         r  sum_s4_reg[0][18]/C
                         clock pessimism              0.000     0.019    
                         FDRE (Hold_FDRE_C_D)         0.046     0.065    sum_s4_reg[0][18]
  -------------------------------------------------------------------
                         required time                         -0.065    
                         arrival time                           0.135    
  -------------------------------------------------------------------
                         slack                                  0.070    

Slack (MET) :             0.070ns  (arrival time - required time)
  Source:                 sum_s3_reg[0][0]/C
                            (rising edge-triggered cell FDRE clocked by accelerator_clk  {rise@0.000ns fall@3.333ns period=6.667ns})
  Destination:            sum_s4_reg[0][1]/D
                            (rising edge-triggered cell FDRE clocked by accelerator_clk  {rise@0.000ns fall@3.333ns period=6.667ns})
  Path Group:             accelerator_clk
  Path Type:              Hold (Min at Fast Process Corner)
  Requirement:            0.000ns  (accelerator_clk rise@0.000ns - accelerator_clk rise@0.000ns)
  Data Path Delay:        0.122ns  (logic 0.069ns (56.557%)  route 0.053ns (43.443%))
  Logic Levels:           1  (CARRY8=1)
  Clock Path Skew:        0.006ns (DCD - SCD - CPR)
    Destination Clock Delay (DCD):    0.019ns
    Source Clock Delay      (SCD):    0.013ns
    Clock Pessimism Removal (CPR):    -0.000ns

    Location             Delay type                Incr(ns)  Path(ns)    Netlist Resource(s)
  -------------------------------------------------------------------    -------------------
                         (clock accelerator_clk rise edge)
                                                      0.000     0.000 r  
                                                      0.000     0.000 r  aclk (IN)
                         net (fo=934, unset)          0.013     0.013    aclk
                         FDRE                                         r  sum_s3_reg[0][0]/C
  -------------------------------------------------------------------    -------------------
                         FDRE (Prop_FDRE_C_Q)         0.038     0.051 r  sum_s3_reg[0][0]/Q
                         net (fo=2, unplaced)         0.046     0.097    sum_s3_reg[0][0]
                         CARRY8 (Prop_CARRY8_DI[0]_O[1])
                                                      0.031     0.128 r  sum_s4_reg[0][7]_i_1/O[1]
                         net (fo=1, unplaced)         0.007     0.135    sum_s4_reg[0][7]_i_1_n_14
                         FDRE                                         r  sum_s4_reg[0][1]/D
  -------------------------------------------------------------------    -------------------

                         (clock accelerator_clk rise edge)
                                                      0.000     0.000 r  
                                                      0.000     0.000 r  aclk (IN)
                         net (fo=934, unset)          0.019     0.019    aclk
                         FDRE                                         r  sum_s4_reg[0][1]/C
                         clock pessimism              0.000     0.019    
                         FDRE (Hold_FDRE_C_D)         0.046     0.065    sum_s4_reg[0][1]
  -------------------------------------------------------------------
                         required time                         -0.065    
                         arrival time                           0.135    
  -------------------------------------------------------------------
                         slack                                  0.070    

Slack (MET) :             0.070ns  (arrival time - required time)
  Source:                 sum_s3_reg[0][24]/C
                            (rising edge-triggered cell FDRE clocked by accelerator_clk  {rise@0.000ns fall@3.333ns period=6.667ns})
  Destination:            sum_s4_reg[0][25]/D
                            (rising edge-triggered cell FDRE clocked by accelerator_clk  {rise@0.000ns fall@3.333ns period=6.667ns})
  Path Group:             accelerator_clk
  Path Type:              Hold (Min at Fast Process Corner)
  Requirement:            0.000ns  (accelerator_clk rise@0.000ns - accelerator_clk rise@0.000ns)
  Data Path Delay:        0.122ns  (logic 0.069ns (56.557%)  route 0.053ns (43.443%))
  Logic Levels:           1  (CARRY8=1)
  Clock Path Skew:        0.006ns (DCD - SCD - CPR)
    Destination Clock Delay (DCD):    0.019ns
    Source Clock Delay      (SCD):    0.013ns
    Clock Pessimism Removal (CPR):    -0.000ns

    Location             Delay type                Incr(ns)  Path(ns)    Netlist Resource(s)
  -------------------------------------------------------------------    -------------------
                         (clock accelerator_clk rise edge)
                                                      0.000     0.000 r  
                                                      0.000     0.000 r  aclk (IN)
                         net (fo=934, unset)          0.013     0.013    aclk
                         FDRE                                         r  sum_s3_reg[0][24]/C
  -------------------------------------------------------------------    -------------------
                         FDRE (Prop_FDRE_C_Q)         0.038     0.051 r  sum_s3_reg[0][24]/Q
                         net (fo=2, unplaced)         0.046     0.097    sum_s3_reg[0][24]
                         CARRY8 (Prop_CARRY8_DI[0]_O[1])
                                                      0.031     0.128 r  sum_s4_reg[0][31]_i_1/O[1]
                         net (fo=1, unplaced)         0.007     0.135    sum_s4_reg[0][31]_i_1_n_14
                         FDRE                                         r  sum_s4_reg[0][25]/D
  -------------------------------------------------------------------    -------------------

                         (clock accelerator_clk rise edge)
                                                      0.000     0.000 r  
                                                      0.000     0.000 r  aclk (IN)
                         net (fo=934, unset)          0.019     0.019    aclk
                         FDRE                                         r  sum_s4_reg[0][25]/C
                         clock pessimism              0.000     0.019    
                         FDRE (Hold_FDRE_C_D)         0.046     0.065    sum_s4_reg[0][25]
  -------------------------------------------------------------------
                         required time                         -0.065    
                         arrival time                           0.135    
  -------------------------------------------------------------------
                         slack                                  0.070    

Slack (MET) :             0.070ns  (arrival time - required time)
  Source:                 sum_s3_reg[0][25]/C
                            (rising edge-triggered cell FDRE clocked by accelerator_clk  {rise@0.000ns fall@3.333ns period=6.667ns})
  Destination:            sum_s4_reg[0][26]/D
                            (rising edge-triggered cell FDRE clocked by accelerator_clk  {rise@0.000ns fall@3.333ns period=6.667ns})
  Path Group:             accelerator_clk
  Path Type:              Hold (Min at Fast Process Corner)
  Requirement:            0.000ns  (accelerator_clk rise@0.000ns - accelerator_clk rise@0.000ns)
  Data Path Delay:        0.122ns  (logic 0.069ns (56.557%)  route 0.053ns (43.443%))
  Logic Levels:           1  (CARRY8=1)
  Clock Path Skew:        0.006ns (DCD - SCD - CPR)
    Destination Clock Delay (DCD):    0.019ns
    Source Clock Delay      (SCD):    0.013ns
    Clock Pessimism Removal (CPR):    -0.000ns

    Location             Delay type                Incr(ns)  Path(ns)    Netlist Resource(s)
  -------------------------------------------------------------------    -------------------
                         (clock accelerator_clk rise edge)
                                                      0.000     0.000 r  
                                                      0.000     0.000 r  aclk (IN)
                         net (fo=934, unset)          0.013     0.013    aclk
                         FDRE                                         r  sum_s3_reg[0][25]/C
  -------------------------------------------------------------------    -------------------
                         FDRE (Prop_FDRE_C_Q)         0.038     0.051 r  sum_s3_reg[0][25]/Q
                         net (fo=2, unplaced)         0.046     0.097    sum_s3_reg[0][25]
                         CARRY8 (Prop_CARRY8_DI[1]_O[2])
                                                      0.031     0.128 r  sum_s4_reg[0][31]_i_1/O[2]
                         net (fo=1, unplaced)         0.007     0.135    sum_s4_reg[0][31]_i_1_n_13
                         FDRE                                         r  sum_s4_reg[0][26]/D
  -------------------------------------------------------------------    -------------------

                         (clock accelerator_clk rise edge)
                                                      0.000     0.000 r  
                                                      0.000     0.000 r  aclk (IN)
                         net (fo=934, unset)          0.019     0.019    aclk
                         FDRE                                         r  sum_s4_reg[0][26]/C
                         clock pessimism              0.000     0.019    
                         FDRE (Hold_FDRE_C_D)         0.046     0.065    sum_s4_reg[0][26]
  -------------------------------------------------------------------
                         required time                         -0.065    
                         arrival time                           0.135    
  -------------------------------------------------------------------
                         slack                                  0.070    

Slack (MET) :             0.070ns  (arrival time - required time)
  Source:                 sum_s3_reg[0][1]/C
                            (rising edge-triggered cell FDRE clocked by accelerator_clk  {rise@0.000ns fall@3.333ns period=6.667ns})
  Destination:            sum_s4_reg[0][2]/D
                            (rising edge-triggered cell FDRE clocked by accelerator_clk  {rise@0.000ns fall@3.333ns period=6.667ns})
  Path Group:             accelerator_clk
  Path Type:              Hold (Min at Fast Process Corner)
  Requirement:            0.000ns  (accelerator_clk rise@0.000ns - accelerator_clk rise@0.000ns)
  Data Path Delay:        0.122ns  (logic 0.069ns (56.557%)  route 0.053ns (43.443%))
  Logic Levels:           1  (CARRY8=1)
  Clock Path Skew:        0.006ns (DCD - SCD - CPR)
    Destination Clock Delay (DCD):    0.019ns
    Source Clock Delay      (SCD):    0.013ns
    Clock Pessimism Removal (CPR):    -0.000ns

    Location             Delay type                Incr(ns)  Path(ns)    Netlist Resource(s)
  -------------------------------------------------------------------    -------------------
                         (clock accelerator_clk rise edge)
                                                      0.000     0.000 r  
                                                      0.000     0.000 r  aclk (IN)
                         net (fo=934, unset)          0.013     0.013    aclk
                         FDRE                                         r  sum_s3_reg[0][1]/C
  -------------------------------------------------------------------    -------------------
                         FDRE (Prop_FDRE_C_Q)         0.038     0.051 r  sum_s3_reg[0][1]/Q
                         net (fo=2, unplaced)         0.046     0.097    sum_s3_reg[0][1]
                         CARRY8 (Prop_CARRY8_DI[1]_O[2])
                                                      0.031     0.128 r  sum_s4_reg[0][7]_i_1/O[2]
                         net (fo=1, unplaced)         0.007     0.135    sum_s4_reg[0][7]_i_1_n_13
                         FDRE                                         r  sum_s4_reg[0][2]/D
  -------------------------------------------------------------------    -------------------

                         (clock accelerator_clk rise edge)
                                                      0.000     0.000 r  
                                                      0.000     0.000 r  aclk (IN)
                         net (fo=934, unset)          0.019     0.019    aclk
                         FDRE                                         r  sum_s4_reg[0][2]/C
                         clock pessimism              0.000     0.019    
                         FDRE (Hold_FDRE_C_D)         0.046     0.065    sum_s4_reg[0][2]
  -------------------------------------------------------------------
                         required time                         -0.065    
                         arrival time                           0.135    
  -------------------------------------------------------------------
                         slack                                  0.070    

Slack (MET) :             0.070ns  (arrival time - required time)
  Source:                 sum_s3_reg[0][32]/C
                            (rising edge-triggered cell FDRE clocked by accelerator_clk  {rise@0.000ns fall@3.333ns period=6.667ns})
  Destination:            sum_s4_reg[0][33]/D
                            (rising edge-triggered cell FDRE clocked by accelerator_clk  {rise@0.000ns fall@3.333ns period=6.667ns})
  Path Group:             accelerator_clk
  Path Type:              Hold (Min at Fast Process Corner)
  Requirement:            0.000ns  (accelerator_clk rise@0.000ns - accelerator_clk rise@0.000ns)
  Data Path Delay:        0.122ns  (logic 0.069ns (56.557%)  route 0.053ns (43.443%))
  Logic Levels:           1  (CARRY8=1)
  Clock Path Skew:        0.006ns (DCD - SCD - CPR)
    Destination Clock Delay (DCD):    0.019ns
    Source Clock Delay      (SCD):    0.013ns
    Clock Pessimism Removal (CPR):    -0.000ns

    Location             Delay type                Incr(ns)  Path(ns)    Netlist Resource(s)
  -------------------------------------------------------------------    -------------------
                         (clock accelerator_clk rise edge)
                                                      0.000     0.000 r  
                                                      0.000     0.000 r  aclk (IN)
                         net (fo=934, unset)          0.013     0.013    aclk
                         FDRE                                         r  sum_s3_reg[0][32]/C
  -------------------------------------------------------------------    -------------------
                         FDRE (Prop_FDRE_C_Q)         0.038     0.051 r  sum_s3_reg[0][32]/Q
                         net (fo=2, unplaced)         0.046     0.097    sum_s3_reg[0][32]
                         CARRY8 (Prop_CARRY8_DI[0]_O[1])
                                                      0.031     0.128 r  sum_s4_reg[0][35]_i_1/O[1]
                         net (fo=1, unplaced)         0.007     0.135    sum_s4_reg[0][35]_i_1_n_14
                         FDRE                                         r  sum_s4_reg[0][33]/D
  -------------------------------------------------------------------    -------------------

                         (clock accelerator_clk rise edge)
                                                      0.000     0.000 r  
                                                      0.000     0.000 r  aclk (IN)
                         net (fo=934, unset)          0.019     0.019    aclk
                         FDRE                                         r  sum_s4_reg[0][33]/C
                         clock pessimism              0.000     0.019    
                         FDRE (Hold_FDRE_C_D)         0.046     0.065    sum_s4_reg[0][33]
  -------------------------------------------------------------------
                         required time                         -0.065    
                         arrival time                           0.135    
  -------------------------------------------------------------------
                         slack                                  0.070    

Slack (MET) :             0.070ns  (arrival time - required time)
  Source:                 sum_s3_reg[0][33]/C
                            (rising edge-triggered cell FDRE clocked by accelerator_clk  {rise@0.000ns fall@3.333ns period=6.667ns})
  Destination:            sum_s4_reg[0][34]/D
                            (rising edge-triggered cell FDRE clocked by accelerator_clk  {rise@0.000ns fall@3.333ns period=6.667ns})
  Path Group:             accelerator_clk
  Path Type:              Hold (Min at Fast Process Corner)
  Requirement:            0.000ns  (accelerator_clk rise@0.000ns - accelerator_clk rise@0.000ns)
  Data Path Delay:        0.122ns  (logic 0.069ns (56.557%)  route 0.053ns (43.443%))
  Logic Levels:           1  (CARRY8=1)
  Clock Path Skew:        0.006ns (DCD - SCD - CPR)
    Destination Clock Delay (DCD):    0.019ns
    Source Clock Delay      (SCD):    0.013ns
    Clock Pessimism Removal (CPR):    -0.000ns

    Location             Delay type                Incr(ns)  Path(ns)    Netlist Resource(s)
  -------------------------------------------------------------------    -------------------
                         (clock accelerator_clk rise edge)
                                                      0.000     0.000 r  
                                                      0.000     0.000 r  aclk (IN)
                         net (fo=934, unset)          0.013     0.013    aclk
                         FDRE                                         r  sum_s3_reg[0][33]/C
  -------------------------------------------------------------------    -------------------
                         FDRE (Prop_FDRE_C_Q)         0.038     0.051 r  sum_s3_reg[0][33]/Q
                         net (fo=2, unplaced)         0.046     0.097    sum_s3_reg[0][33]
                         CARRY8 (Prop_CARRY8_DI[1]_O[2])
                                                      0.031     0.128 r  sum_s4_reg[0][35]_i_1/O[2]
                         net (fo=1, unplaced)         0.007     0.135    sum_s4_reg[0][35]_i_1_n_13
                         FDRE                                         r  sum_s4_reg[0][34]/D
  -------------------------------------------------------------------    -------------------

                         (clock accelerator_clk rise edge)
                                                      0.000     0.000 r  
                                                      0.000     0.000 r  aclk (IN)
                         net (fo=934, unset)          0.019     0.019    aclk
                         FDRE                                         r  sum_s4_reg[0][34]/C
                         clock pessimism              0.000     0.019    
                         FDRE (Hold_FDRE_C_D)         0.046     0.065    sum_s4_reg[0][34]
  -------------------------------------------------------------------
                         required time                         -0.065    
                         arrival time                           0.135    
  -------------------------------------------------------------------
                         slack                                  0.070    

Slack (MET) :             0.070ns  (arrival time - required time)
  Source:                 sum_s3_reg[0][8]/C
                            (rising edge-triggered cell FDRE clocked by accelerator_clk  {rise@0.000ns fall@3.333ns period=6.667ns})
  Destination:            sum_s4_reg[0][9]/D
                            (rising edge-triggered cell FDRE clocked by accelerator_clk  {rise@0.000ns fall@3.333ns period=6.667ns})
  Path Group:             accelerator_clk
  Path Type:              Hold (Min at Fast Process Corner)
  Requirement:            0.000ns  (accelerator_clk rise@0.000ns - accelerator_clk rise@0.000ns)
  Data Path Delay:        0.122ns  (logic 0.069ns (56.557%)  route 0.053ns (43.443%))
  Logic Levels:           1  (CARRY8=1)
  Clock Path Skew:        0.006ns (DCD - SCD - CPR)
    Destination Clock Delay (DCD):    0.019ns
    Source Clock Delay      (SCD):    0.013ns
    Clock Pessimism Removal (CPR):    -0.000ns

    Location             Delay type                Incr(ns)  Path(ns)    Netlist Resource(s)
  -------------------------------------------------------------------    -------------------
                         (clock accelerator_clk rise edge)
                                                      0.000     0.000 r  
                                                      0.000     0.000 r  aclk (IN)
                         net (fo=934, unset)          0.013     0.013    aclk
                         FDRE                                         r  sum_s3_reg[0][8]/C
  -------------------------------------------------------------------    -------------------
                         FDRE (Prop_FDRE_C_Q)         0.038     0.051 r  sum_s3_reg[0][8]/Q
                         net (fo=2, unplaced)         0.046     0.097    sum_s3_reg[0][8]
                         CARRY8 (Prop_CARRY8_DI[0]_O[1])
                                                      0.031     0.128 r  sum_s4_reg[0][15]_i_1/O[1]
                         net (fo=1, unplaced)         0.007     0.135    sum_s4_reg[0][15]_i_1_n_14
                         FDRE                                         r  sum_s4_reg[0][9]/D
  -------------------------------------------------------------------    -------------------

                         (clock accelerator_clk rise edge)
                                                      0.000     0.000 r  
                                                      0.000     0.000 r  aclk (IN)
                         net (fo=934, unset)          0.019     0.019    aclk
                         FDRE                                         r  sum_s4_reg[0][9]/C
                         clock pessimism              0.000     0.019    
                         FDRE (Hold_FDRE_C_D)         0.046     0.065    sum_s4_reg[0][9]
  -------------------------------------------------------------------
                         required time                         -0.065    
                         arrival time                           0.135    
  -------------------------------------------------------------------
                         slack                                  0.070    

Slack (MET) :             0.070ns  (arrival time - required time)
  Source:                 sum_s3_reg[2][9]/C
                            (rising edge-triggered cell FDRE clocked by accelerator_clk  {rise@0.000ns fall@3.333ns period=6.667ns})
  Destination:            sum_s4_reg[1][10]/D
                            (rising edge-triggered cell FDRE clocked by accelerator_clk  {rise@0.000ns fall@3.333ns period=6.667ns})
  Path Group:             accelerator_clk
  Path Type:              Hold (Min at Fast Process Corner)
  Requirement:            0.000ns  (accelerator_clk rise@0.000ns - accelerator_clk rise@0.000ns)
  Data Path Delay:        0.122ns  (logic 0.069ns (56.557%)  route 0.053ns (43.443%))
  Logic Levels:           1  (CARRY8=1)
  Clock Path Skew:        0.006ns (DCD - SCD - CPR)
    Destination Clock Delay (DCD):    0.019ns
    Source Clock Delay      (SCD):    0.013ns
    Clock Pessimism Removal (CPR):    -0.000ns

    Location             Delay type                Incr(ns)  Path(ns)    Netlist Resource(s)
  -------------------------------------------------------------------    -------------------
                         (clock accelerator_clk rise edge)
                                                      0.000     0.000 r  
                                                      0.000     0.000 r  aclk (IN)
                         net (fo=934, unset)          0.013     0.013    aclk
                         FDRE                                         r  sum_s3_reg[2][9]/C
  -------------------------------------------------------------------    -------------------
                         FDRE (Prop_FDRE_C_Q)         0.038     0.051 r  sum_s3_reg[2][9]/Q
                         net (fo=2, unplaced)         0.046     0.097    sum_s3_reg[2][9]
                         CARRY8 (Prop_CARRY8_DI[1]_O[2])
                                                      0.031     0.128 r  sum_s4_reg[1][15]_i_1/O[2]
                         net (fo=1, unplaced)         0.007     0.135    sum_s4_reg[1][15]_i_1_n_13
                         FDRE                                         r  sum_s4_reg[1][10]/D
  -------------------------------------------------------------------    -------------------

                         (clock accelerator_clk rise edge)
                                                      0.000     0.000 r  
                                                      0.000     0.000 r  aclk (IN)
                         net (fo=934, unset)          0.019     0.019    aclk
                         FDRE                                         r  sum_s4_reg[1][10]/C
                         clock pessimism              0.000     0.019    
                         FDRE (Hold_FDRE_C_D)         0.046     0.065    sum_s4_reg[1][10]
  -------------------------------------------------------------------
                         required time                         -0.065    
                         arrival time                           0.135    
  -------------------------------------------------------------------
                         slack                                  0.070    

Slack (MET) :             0.070ns  (arrival time - required time)
  Source:                 sum_s3_reg[2][16]/C
                            (rising edge-triggered cell FDRE clocked by accelerator_clk  {rise@0.000ns fall@3.333ns period=6.667ns})
  Destination:            sum_s4_reg[1][17]/D
                            (rising edge-triggered cell FDRE clocked by accelerator_clk  {rise@0.000ns fall@3.333ns period=6.667ns})
  Path Group:             accelerator_clk
  Path Type:              Hold (Min at Fast Process Corner)
  Requirement:            0.000ns  (accelerator_clk rise@0.000ns - accelerator_clk rise@0.000ns)
  Data Path Delay:        0.122ns  (logic 0.069ns (56.557%)  route 0.053ns (43.443%))
  Logic Levels:           1  (CARRY8=1)
  Clock Path Skew:        0.006ns (DCD - SCD - CPR)
    Destination Clock Delay (DCD):    0.019ns
    Source Clock Delay      (SCD):    0.013ns
    Clock Pessimism Removal (CPR):    -0.000ns

    Location             Delay type                Incr(ns)  Path(ns)    Netlist Resource(s)
  -------------------------------------------------------------------    -------------------
                         (clock accelerator_clk rise edge)
                                                      0.000     0.000 r  
                                                      0.000     0.000 r  aclk (IN)
                         net (fo=934, unset)          0.013     0.013    aclk
                         FDRE                                         r  sum_s3_reg[2][16]/C
  -------------------------------------------------------------------    -------------------
                         FDRE (Prop_FDRE_C_Q)         0.038     0.051 r  sum_s3_reg[2][16]/Q
                         net (fo=2, unplaced)         0.046     0.097    sum_s3_reg[2][16]
                         CARRY8 (Prop_CARRY8_DI[0]_O[1])
                                                      0.031     0.128 r  sum_s4_reg[1][23]_i_1/O[1]
                         net (fo=1, unplaced)         0.007     0.135    sum_s4_reg[1][23]_i_1_n_14
                         FDRE                                         r  sum_s4_reg[1][17]/D
  -------------------------------------------------------------------    -------------------

                         (clock accelerator_clk rise edge)
                                                      0.000     0.000 r  
                                                      0.000     0.000 r  aclk (IN)
                         net (fo=934, unset)          0.019     0.019    aclk
                         FDRE                                         r  sum_s4_reg[1][17]/C
                         clock pessimism              0.000     0.019    
                         FDRE (Hold_FDRE_C_D)         0.046     0.065    sum_s4_reg[1][17]
  -------------------------------------------------------------------
                         required time                         -0.065    
                         arrival time                           0.135    
  -------------------------------------------------------------------
                         slack                                  0.070    

Slack (MET) :             0.070ns  (arrival time - required time)
  Source:                 sum_s3_reg[2][17]/C
                            (rising edge-triggered cell FDRE clocked by accelerator_clk  {rise@0.000ns fall@3.333ns period=6.667ns})
  Destination:            sum_s4_reg[1][18]/D
                            (rising edge-triggered cell FDRE clocked by accelerator_clk  {rise@0.000ns fall@3.333ns period=6.667ns})
  Path Group:             accelerator_clk
  Path Type:              Hold (Min at Fast Process Corner)
  Requirement:            0.000ns  (accelerator_clk rise@0.000ns - accelerator_clk rise@0.000ns)
  Data Path Delay:        0.122ns  (logic 0.069ns (56.557%)  route 0.053ns (43.443%))
  Logic Levels:           1  (CARRY8=1)
  Clock Path Skew:        0.006ns (DCD - SCD - CPR)
    Destination Clock Delay (DCD):    0.019ns
    Source Clock Delay      (SCD):    0.013ns
    Clock Pessimism Removal (CPR):    -0.000ns

    Location             Delay type                Incr(ns)  Path(ns)    Netlist Resource(s)
  -------------------------------------------------------------------    -------------------
                         (clock accelerator_clk rise edge)
                                                      0.000     0.000 r  
                                                      0.000     0.000 r  aclk (IN)
                         net (fo=934, unset)          0.013     0.013    aclk
                         FDRE                                         r  sum_s3_reg[2][17]/C
  -------------------------------------------------------------------    -------------------
                         FDRE (Prop_FDRE_C_Q)         0.038     0.051 r  sum_s3_reg[2][17]/Q
                         net (fo=2, unplaced)         0.046     0.097    sum_s3_reg[2][17]
                         CARRY8 (Prop_CARRY8_DI[1]_O[2])
                                                      0.031     0.128 r  sum_s4_reg[1][23]_i_1/O[2]
                         net (fo=1, unplaced)         0.007     0.135    sum_s4_reg[1][23]_i_1_n_13
                         FDRE                                         r  sum_s4_reg[1][18]/D
  -------------------------------------------------------------------    -------------------

                         (clock accelerator_clk rise edge)
                                                      0.000     0.000 r  
                                                      0.000     0.000 r  aclk (IN)
                         net (fo=934, unset)          0.019     0.019    aclk
                         FDRE                                         r  sum_s4_reg[1][18]/C
                         clock pessimism              0.000     0.019    
                         FDRE (Hold_FDRE_C_D)         0.046     0.065    sum_s4_reg[1][18]
  -------------------------------------------------------------------
                         required time                         -0.065    
                         arrival time                           0.135    
  -------------------------------------------------------------------
                         slack                                  0.070    

Slack (MET) :             0.070ns  (arrival time - required time)
  Source:                 sum_s3_reg[2][0]/C
                            (rising edge-triggered cell FDRE clocked by accelerator_clk  {rise@0.000ns fall@3.333ns period=6.667ns})
  Destination:            sum_s4_reg[1][1]/D
                            (rising edge-triggered cell FDRE clocked by accelerator_clk  {rise@0.000ns fall@3.333ns period=6.667ns})
  Path Group:             accelerator_clk
  Path Type:              Hold (Min at Fast Process Corner)
  Requirement:            0.000ns  (accelerator_clk rise@0.000ns - accelerator_clk rise@0.000ns)
  Data Path Delay:        0.122ns  (logic 0.069ns (56.557%)  route 0.053ns (43.443%))
  Logic Levels:           1  (CARRY8=1)
  Clock Path Skew:        0.006ns (DCD - SCD - CPR)
    Destination Clock Delay (DCD):    0.019ns
    Source Clock Delay      (SCD):    0.013ns
    Clock Pessimism Removal (CPR):    -0.000ns

    Location             Delay type                Incr(ns)  Path(ns)    Netlist Resource(s)
  -------------------------------------------------------------------    -------------------
                         (clock accelerator_clk rise edge)
                                                      0.000     0.000 r  
                                                      0.000     0.000 r  aclk (IN)
                         net (fo=934, unset)          0.013     0.013    aclk
                         FDRE                                         r  sum_s3_reg[2][0]/C
  -------------------------------------------------------------------    -------------------
                         FDRE (Prop_FDRE_C_Q)         0.038     0.051 r  sum_s3_reg[2][0]/Q
                         net (fo=2, unplaced)         0.046     0.097    sum_s3_reg[2][0]
                         CARRY8 (Prop_CARRY8_DI[0]_O[1])
                                                      0.031     0.128 r  sum_s4_reg[1][7]_i_1/O[1]
                         net (fo=1, unplaced)         0.007     0.135    sum_s4_reg[1][7]_i_1_n_14
                         FDRE                                         r  sum_s4_reg[1][1]/D
  -------------------------------------------------------------------    -------------------

                         (clock accelerator_clk rise edge)
                                                      0.000     0.000 r  
                                                      0.000     0.000 r  aclk (IN)
                         net (fo=934, unset)          0.019     0.019    aclk
                         FDRE                                         r  sum_s4_reg[1][1]/C
                         clock pessimism              0.000     0.019    
                         FDRE (Hold_FDRE_C_D)         0.046     0.065    sum_s4_reg[1][1]
  -------------------------------------------------------------------
                         required time                         -0.065    
                         arrival time                           0.135    
  -------------------------------------------------------------------
                         slack                                  0.070    

Slack (MET) :             0.070ns  (arrival time - required time)
  Source:                 sum_s3_reg[2][24]/C
                            (rising edge-triggered cell FDRE clocked by accelerator_clk  {rise@0.000ns fall@3.333ns period=6.667ns})
  Destination:            sum_s4_reg[1][25]/D
                            (rising edge-triggered cell FDRE clocked by accelerator_clk  {rise@0.000ns fall@3.333ns period=6.667ns})
  Path Group:             accelerator_clk
  Path Type:              Hold (Min at Fast Process Corner)
  Requirement:            0.000ns  (accelerator_clk rise@0.000ns - accelerator_clk rise@0.000ns)
  Data Path Delay:        0.122ns  (logic 0.069ns (56.557%)  route 0.053ns (43.443%))
  Logic Levels:           1  (CARRY8=1)
  Clock Path Skew:        0.006ns (DCD - SCD - CPR)
    Destination Clock Delay (DCD):    0.019ns
    Source Clock Delay      (SCD):    0.013ns
    Clock Pessimism Removal (CPR):    -0.000ns

    Location             Delay type                Incr(ns)  Path(ns)    Netlist Resource(s)
  -------------------------------------------------------------------    -------------------
                         (clock accelerator_clk rise edge)
                                                      0.000     0.000 r  
                                                      0.000     0.000 r  aclk (IN)
                         net (fo=934, unset)          0.013     0.013    aclk
                         FDRE                                         r  sum_s3_reg[2][24]/C
  -------------------------------------------------------------------    -------------------
                         FDRE (Prop_FDRE_C_Q)         0.038     0.051 r  sum_s3_reg[2][24]/Q
                         net (fo=2, unplaced)         0.046     0.097    sum_s3_reg[2][24]
                         CARRY8 (Prop_CARRY8_DI[0]_O[1])
                                                      0.031     0.128 r  sum_s4_reg[1][31]_i_1/O[1]
                         net (fo=1, unplaced)         0.007     0.135    sum_s4_reg[1][31]_i_1_n_14
                         FDRE                                         r  sum_s4_reg[1][25]/D
  -------------------------------------------------------------------    -------------------

                         (clock accelerator_clk rise edge)
                                                      0.000     0.000 r  
                                                      0.000     0.000 r  aclk (IN)
                         net (fo=934, unset)          0.019     0.019    aclk
                         FDRE                                         r  sum_s4_reg[1][25]/C
                         clock pessimism              0.000     0.019    
                         FDRE (Hold_FDRE_C_D)         0.046     0.065    sum_s4_reg[1][25]
  -------------------------------------------------------------------
                         required time                         -0.065    
                         arrival time                           0.135    
  -------------------------------------------------------------------
                         slack                                  0.070    

Slack (MET) :             0.070ns  (arrival time - required time)
  Source:                 sum_s3_reg[2][25]/C
                            (rising edge-triggered cell FDRE clocked by accelerator_clk  {rise@0.000ns fall@3.333ns period=6.667ns})
  Destination:            sum_s4_reg[1][26]/D
                            (rising edge-triggered cell FDRE clocked by accelerator_clk  {rise@0.000ns fall@3.333ns period=6.667ns})
  Path Group:             accelerator_clk
  Path Type:              Hold (Min at Fast Process Corner)
  Requirement:            0.000ns  (accelerator_clk rise@0.000ns - accelerator_clk rise@0.000ns)
  Data Path Delay:        0.122ns  (logic 0.069ns (56.557%)  route 0.053ns (43.443%))
  Logic Levels:           1  (CARRY8=1)
  Clock Path Skew:        0.006ns (DCD - SCD - CPR)
    Destination Clock Delay (DCD):    0.019ns
    Source Clock Delay      (SCD):    0.013ns
    Clock Pessimism Removal (CPR):    -0.000ns

    Location             Delay type                Incr(ns)  Path(ns)    Netlist Resource(s)
  -------------------------------------------------------------------    -------------------
                         (clock accelerator_clk rise edge)
                                                      0.000     0.000 r  
                                                      0.000     0.000 r  aclk (IN)
                         net (fo=934, unset)          0.013     0.013    aclk
                         FDRE                                         r  sum_s3_reg[2][25]/C
  -------------------------------------------------------------------    -------------------
                         FDRE (Prop_FDRE_C_Q)         0.038     0.051 r  sum_s3_reg[2][25]/Q
                         net (fo=2, unplaced)         0.046     0.097    sum_s3_reg[2][25]
                         CARRY8 (Prop_CARRY8_DI[1]_O[2])
                                                      0.031     0.128 r  sum_s4_reg[1][31]_i_1/O[2]
                         net (fo=1, unplaced)         0.007     0.135    sum_s4_reg[1][31]_i_1_n_13
                         FDRE                                         r  sum_s4_reg[1][26]/D
  -------------------------------------------------------------------    -------------------

                         (clock accelerator_clk rise edge)
                                                      0.000     0.000 r  
                                                      0.000     0.000 r  aclk (IN)
                         net (fo=934, unset)          0.019     0.019    aclk
                         FDRE                                         r  sum_s4_reg[1][26]/C
                         clock pessimism              0.000     0.019    
                         FDRE (Hold_FDRE_C_D)         0.046     0.065    sum_s4_reg[1][26]
  -------------------------------------------------------------------
                         required time                         -0.065    
                         arrival time                           0.135    
  -------------------------------------------------------------------
                         slack                                  0.070    

Slack (MET) :             0.070ns  (arrival time - required time)
  Source:                 sum_s3_reg[2][1]/C
                            (rising edge-triggered cell FDRE clocked by accelerator_clk  {rise@0.000ns fall@3.333ns period=6.667ns})
  Destination:            sum_s4_reg[1][2]/D
                            (rising edge-triggered cell FDRE clocked by accelerator_clk  {rise@0.000ns fall@3.333ns period=6.667ns})
  Path Group:             accelerator_clk
  Path Type:              Hold (Min at Fast Process Corner)
  Requirement:            0.000ns  (accelerator_clk rise@0.000ns - accelerator_clk rise@0.000ns)
  Data Path Delay:        0.122ns  (logic 0.069ns (56.557%)  route 0.053ns (43.443%))
  Logic Levels:           1  (CARRY8=1)
  Clock Path Skew:        0.006ns (DCD - SCD - CPR)
    Destination Clock Delay (DCD):    0.019ns
    Source Clock Delay      (SCD):    0.013ns
    Clock Pessimism Removal (CPR):    -0.000ns

    Location             Delay type                Incr(ns)  Path(ns)    Netlist Resource(s)
  -------------------------------------------------------------------    -------------------
                         (clock accelerator_clk rise edge)
                                                      0.000     0.000 r  
                                                      0.000     0.000 r  aclk (IN)
                         net (fo=934, unset)          0.013     0.013    aclk
                         FDRE                                         r  sum_s3_reg[2][1]/C
  -------------------------------------------------------------------    -------------------
                         FDRE (Prop_FDRE_C_Q)         0.038     0.051 r  sum_s3_reg[2][1]/Q
                         net (fo=2, unplaced)         0.046     0.097    sum_s3_reg[2][1]
                         CARRY8 (Prop_CARRY8_DI[1]_O[2])
                                                      0.031     0.128 r  sum_s4_reg[1][7]_i_1/O[2]
                         net (fo=1, unplaced)         0.007     0.135    sum_s4_reg[1][7]_i_1_n_13
                         FDRE                                         r  sum_s4_reg[1][2]/D
  -------------------------------------------------------------------    -------------------

                         (clock accelerator_clk rise edge)
                                                      0.000     0.000 r  
                                                      0.000     0.000 r  aclk (IN)
                         net (fo=934, unset)          0.019     0.019    aclk
                         FDRE                                         r  sum_s4_reg[1][2]/C
                         clock pessimism              0.000     0.019    
                         FDRE (Hold_FDRE_C_D)         0.046     0.065    sum_s4_reg[1][2]
  -------------------------------------------------------------------
                         required time                         -0.065    
                         arrival time                           0.135    
  -------------------------------------------------------------------
                         slack                                  0.070    

Slack (MET) :             0.070ns  (arrival time - required time)
  Source:                 sum_s3_reg[2][32]/C
                            (rising edge-triggered cell FDRE clocked by accelerator_clk  {rise@0.000ns fall@3.333ns period=6.667ns})
  Destination:            sum_s4_reg[1][33]/D
                            (rising edge-triggered cell FDRE clocked by accelerator_clk  {rise@0.000ns fall@3.333ns period=6.667ns})
  Path Group:             accelerator_clk
  Path Type:              Hold (Min at Fast Process Corner)
  Requirement:            0.000ns  (accelerator_clk rise@0.000ns - accelerator_clk rise@0.000ns)
  Data Path Delay:        0.122ns  (logic 0.069ns (56.557%)  route 0.053ns (43.443%))
  Logic Levels:           1  (CARRY8=1)
  Clock Path Skew:        0.006ns (DCD - SCD - CPR)
    Destination Clock Delay (DCD):    0.019ns
    Source Clock Delay      (SCD):    0.013ns
    Clock Pessimism Removal (CPR):    -0.000ns

    Location             Delay type                Incr(ns)  Path(ns)    Netlist Resource(s)
  -------------------------------------------------------------------    -------------------
                         (clock accelerator_clk rise edge)
                                                      0.000     0.000 r  
                                                      0.000     0.000 r  aclk (IN)
                         net (fo=934, unset)          0.013     0.013    aclk
                         FDRE                                         r  sum_s3_reg[2][32]/C
  -------------------------------------------------------------------    -------------------
                         FDRE (Prop_FDRE_C_Q)         0.038     0.051 r  sum_s3_reg[2][32]/Q
                         net (fo=2, unplaced)         0.046     0.097    sum_s3_reg[2][32]
                         CARRY8 (Prop_CARRY8_DI[0]_O[1])
                                                      0.031     0.128 r  sum_s4_reg[1][35]_i_2/O[1]
                         net (fo=1, unplaced)         0.007     0.135    sum_s4_reg[1][35]_i_2_n_14
                         FDRE                                         r  sum_s4_reg[1][33]/D
  -------------------------------------------------------------------    -------------------

                         (clock accelerator_clk rise edge)
                                                      0.000     0.000 r  
                                                      0.000     0.000 r  aclk (IN)
                         net (fo=934, unset)          0.019     0.019    aclk
                         FDRE                                         r  sum_s4_reg[1][33]/C
                         clock pessimism              0.000     0.019    
                         FDRE (Hold_FDRE_C_D)         0.046     0.065    sum_s4_reg[1][33]
  -------------------------------------------------------------------
                         required time                         -0.065    
                         arrival time                           0.135    
  -------------------------------------------------------------------
                         slack                                  0.070    

Slack (MET) :             0.070ns  (arrival time - required time)
  Source:                 sum_s3_reg[2][33]/C
                            (rising edge-triggered cell FDRE clocked by accelerator_clk  {rise@0.000ns fall@3.333ns period=6.667ns})
  Destination:            sum_s4_reg[1][34]/D
                            (rising edge-triggered cell FDRE clocked by accelerator_clk  {rise@0.000ns fall@3.333ns period=6.667ns})
  Path Group:             accelerator_clk
  Path Type:              Hold (Min at Fast Process Corner)
  Requirement:            0.000ns  (accelerator_clk rise@0.000ns - accelerator_clk rise@0.000ns)
  Data Path Delay:        0.122ns  (logic 0.069ns (56.557%)  route 0.053ns (43.443%))
  Logic Levels:           1  (CARRY8=1)
  Clock Path Skew:        0.006ns (DCD - SCD - CPR)
    Destination Clock Delay (DCD):    0.019ns
    Source Clock Delay      (SCD):    0.013ns
    Clock Pessimism Removal (CPR):    -0.000ns

    Location             Delay type                Incr(ns)  Path(ns)    Netlist Resource(s)
  -------------------------------------------------------------------    -------------------
                         (clock accelerator_clk rise edge)
                                                      0.000     0.000 r  
                                                      0.000     0.000 r  aclk (IN)
                         net (fo=934, unset)          0.013     0.013    aclk
                         FDRE                                         r  sum_s3_reg[2][33]/C
  -------------------------------------------------------------------    -------------------
                         FDRE (Prop_FDRE_C_Q)         0.038     0.051 r  sum_s3_reg[2][33]/Q
                         net (fo=2, unplaced)         0.046     0.097    sum_s3_reg[2][33]
                         CARRY8 (Prop_CARRY8_DI[1]_O[2])
                                                      0.031     0.128 r  sum_s4_reg[1][35]_i_2/O[2]
                         net (fo=1, unplaced)         0.007     0.135    sum_s4_reg[1][35]_i_2_n_13
                         FDRE                                         r  sum_s4_reg[1][34]/D
  -------------------------------------------------------------------    -------------------

                         (clock accelerator_clk rise edge)
                                                      0.000     0.000 r  
                                                      0.000     0.000 r  aclk (IN)
                         net (fo=934, unset)          0.019     0.019    aclk
                         FDRE                                         r  sum_s4_reg[1][34]/C
                         clock pessimism              0.000     0.019    
                         FDRE (Hold_FDRE_C_D)         0.046     0.065    sum_s4_reg[1][34]
  -------------------------------------------------------------------
                         required time                         -0.065    
                         arrival time                           0.135    
  -------------------------------------------------------------------
                         slack                                  0.070    

Slack (MET) :             0.070ns  (arrival time - required time)
  Source:                 sum_s3_reg[2][8]/C
                            (rising edge-triggered cell FDRE clocked by accelerator_clk  {rise@0.000ns fall@3.333ns period=6.667ns})
  Destination:            sum_s4_reg[1][9]/D
                            (rising edge-triggered cell FDRE clocked by accelerator_clk  {rise@0.000ns fall@3.333ns period=6.667ns})
  Path Group:             accelerator_clk
  Path Type:              Hold (Min at Fast Process Corner)
  Requirement:            0.000ns  (accelerator_clk rise@0.000ns - accelerator_clk rise@0.000ns)
  Data Path Delay:        0.122ns  (logic 0.069ns (56.557%)  route 0.053ns (43.443%))
  Logic Levels:           1  (CARRY8=1)
  Clock Path Skew:        0.006ns (DCD - SCD - CPR)
    Destination Clock Delay (DCD):    0.019ns
    Source Clock Delay      (SCD):    0.013ns
    Clock Pessimism Removal (CPR):    -0.000ns

    Location             Delay type                Incr(ns)  Path(ns)    Netlist Resource(s)
  -------------------------------------------------------------------    -------------------
                         (clock accelerator_clk rise edge)
                                                      0.000     0.000 r  
                                                      0.000     0.000 r  aclk (IN)
                         net (fo=934, unset)          0.013     0.013    aclk
                         FDRE                                         r  sum_s3_reg[2][8]/C
  -------------------------------------------------------------------    -------------------
                         FDRE (Prop_FDRE_C_Q)         0.038     0.051 r  sum_s3_reg[2][8]/Q
                         net (fo=2, unplaced)         0.046     0.097    sum_s3_reg[2][8]
                         CARRY8 (Prop_CARRY8_DI[0]_O[1])
                                                      0.031     0.128 r  sum_s4_reg[1][15]_i_1/O[1]
                         net (fo=1, unplaced)         0.007     0.135    sum_s4_reg[1][15]_i_1_n_14
                         FDRE                                         r  sum_s4_reg[1][9]/D
  -------------------------------------------------------------------    -------------------

                         (clock accelerator_clk rise edge)
                                                      0.000     0.000 r  
                                                      0.000     0.000 r  aclk (IN)
                         net (fo=934, unset)          0.019     0.019    aclk
                         FDRE                                         r  sum_s4_reg[1][9]/C
                         clock pessimism              0.000     0.019    
                         FDRE (Hold_FDRE_C_D)         0.046     0.065    sum_s4_reg[1][9]
  -------------------------------------------------------------------
                         required time                         -0.065    
                         arrival time                           0.135    
  -------------------------------------------------------------------
                         slack                                  0.070    





Pulse Width Checks
--------------------------------------------------------------------------------------
Clock Name:         accelerator_clk
Waveform(ns):       { 0.000 3.333 }
Period(ns):         6.667
Sources:            { aclk }

Check Type        Corner  Lib Pin         Reference Pin  Required(ns)  Actual(ns)  Slack(ns)  Location  Pin
Min Period        n/a     DSP_OUTPUT/CLK  n/a            0.650         6.667       6.017                prod_s0_reg[0]/DSP_OUTPUT_INST/CLK
Min Period        n/a     DSP_OUTPUT/CLK  n/a            0.650         6.667       6.017                prod_s0_reg[10]/DSP_OUTPUT_INST/CLK
Min Period        n/a     DSP_OUTPUT/CLK  n/a            0.650         6.667       6.017                prod_s0_reg[12]/DSP_OUTPUT_INST/CLK
Min Period        n/a     DSP_OUTPUT/CLK  n/a            0.650         6.667       6.017                prod_s0_reg[14]/DSP_OUTPUT_INST/CLK
Min Period        n/a     DSP_OUTPUT/CLK  n/a            0.650         6.667       6.017                prod_s0_reg[16]/DSP_OUTPUT_INST/CLK
Min Period        n/a     DSP_OUTPUT/CLK  n/a            0.650         6.667       6.017                prod_s0_reg[18]/DSP_OUTPUT_INST/CLK
Min Period        n/a     DSP_OUTPUT/CLK  n/a            0.650         6.667       6.017                prod_s0_reg[20]/DSP_OUTPUT_INST/CLK
Min Period        n/a     DSP_OUTPUT/CLK  n/a            0.650         6.667       6.017                prod_s0_reg[22]/DSP_OUTPUT_INST/CLK
Min Period        n/a     DSP_OUTPUT/CLK  n/a            0.650         6.667       6.017                prod_s0_reg[24]/DSP_OUTPUT_INST/CLK
Min Period        n/a     DSP_OUTPUT/CLK  n/a            0.650         6.667       6.017                prod_s0_reg[26]/DSP_OUTPUT_INST/CLK
Min Period        n/a     DSP_OUTPUT/CLK  n/a            0.650         6.667       6.017                prod_s0_reg[28]/DSP_OUTPUT_INST/CLK
Min Period        n/a     DSP_OUTPUT/CLK  n/a            0.650         6.667       6.017                prod_s0_reg[2]/DSP_OUTPUT_INST/CLK
Min Period        n/a     DSP_OUTPUT/CLK  n/a            0.650         6.667       6.017                prod_s0_reg[30]/DSP_OUTPUT_INST/CLK
Min Period        n/a     DSP_OUTPUT/CLK  n/a            0.650         6.667       6.017                prod_s0_reg[4]/DSP_OUTPUT_INST/CLK
Min Period        n/a     DSP_OUTPUT/CLK  n/a            0.650         6.667       6.017                prod_s0_reg[6]/DSP_OUTPUT_INST/CLK
Min Period        n/a     DSP_OUTPUT/CLK  n/a            0.650         6.667       6.017                prod_s0_reg[8]/DSP_OUTPUT_INST/CLK
Min Period        n/a     DSP_OUTPUT/CLK  n/a            0.650         6.667       6.017                sum_s1_reg[0]/DSP_OUTPUT_INST/CLK
Min Period        n/a     DSP_OUTPUT/CLK  n/a            0.650         6.667       6.017                sum_s1_reg[10]/DSP_OUTPUT_INST/CLK
Min Period        n/a     DSP_OUTPUT/CLK  n/a            0.650         6.667       6.017                sum_s1_reg[11]/DSP_OUTPUT_INST/CLK
Min Period        n/a     DSP_OUTPUT/CLK  n/a            0.650         6.667       6.017                sum_s1_reg[12]/DSP_OUTPUT_INST/CLK
Low Pulse Width   Slow    FDRE/C          n/a            0.275         3.333       3.058                history_reg[0][0]/C
Low Pulse Width   Fast    FDRE/C          n/a            0.275         3.333       3.058                history_reg[0][0]/C
Low Pulse Width   Slow    FDRE/C          n/a            0.275         3.333       3.058                history_reg[0][10]/C
Low Pulse Width   Fast    FDRE/C          n/a            0.275         3.333       3.058                history_reg[0][10]/C
Low Pulse Width   Slow    FDRE/C          n/a            0.275         3.333       3.058                history_reg[0][11]/C
Low Pulse Width   Fast    FDRE/C          n/a            0.275         3.333       3.058                history_reg[0][11]/C
Low Pulse Width   Slow    FDRE/C          n/a            0.275         3.333       3.058                history_reg[0][12]/C
Low Pulse Width   Fast    FDRE/C          n/a            0.275         3.333       3.058                history_reg[0][12]/C
Low Pulse Width   Slow    FDRE/C          n/a            0.275         3.333       3.058                history_reg[0][13]/C
Low Pulse Width   Fast    FDRE/C          n/a            0.275         3.333       3.058                history_reg[0][13]/C
Low Pulse Width   Slow    FDRE/C          n/a            0.275         3.333       3.058                history_reg[0][14]/C
Low Pulse Width   Fast    FDRE/C          n/a            0.275         3.333       3.058                history_reg[0][14]/C
Low Pulse Width   Slow    FDRE/C          n/a            0.275         3.333       3.058                history_reg[0][15]/C
Low Pulse Width   Fast    FDRE/C          n/a            0.275         3.333       3.058                history_reg[0][15]/C
Low Pulse Width   Slow    FDRE/C          n/a            0.275         3.333       3.058                history_reg[0][1]/C
Low Pulse Width   Fast    FDRE/C          n/a            0.275         3.333       3.058                history_reg[0][1]/C
Low Pulse Width   Slow    FDRE/C          n/a            0.275         3.333       3.058                history_reg[0][2]/C
Low Pulse Width   Fast    FDRE/C          n/a            0.275         3.333       3.058                history_reg[0][2]/C
Low Pulse Width   Slow    FDRE/C          n/a            0.275         3.333       3.058                history_reg[0][3]/C
Low Pulse Width   Fast    FDRE/C          n/a            0.275         3.333       3.058                history_reg[0][3]/C
High Pulse Width  Slow    FDRE/C          n/a            0.275         3.333       3.058                history_reg[0][0]/C
High Pulse Width  Fast    FDRE/C          n/a            0.275         3.333       3.058                history_reg[0][0]/C
High Pulse Width  Slow    FDRE/C          n/a            0.275         3.333       3.058                history_reg[0][10]/C
High Pulse Width  Fast    FDRE/C          n/a            0.275         3.333       3.058                history_reg[0][10]/C
High Pulse Width  Slow    FDRE/C          n/a            0.275         3.333       3.058                history_reg[0][11]/C
High Pulse Width  Fast    FDRE/C          n/a            0.275         3.333       3.058                history_reg[0][11]/C
High Pulse Width  Slow    FDRE/C          n/a            0.275         3.333       3.058                history_reg[0][12]/C
High Pulse Width  Fast    FDRE/C          n/a            0.275         3.333       3.058                history_reg[0][12]/C
High Pulse Width  Slow    FDRE/C          n/a            0.275         3.333       3.058                history_reg[0][13]/C
High Pulse Width  Fast    FDRE/C          n/a            0.275         3.333       3.058                history_reg[0][13]/C
High Pulse Width  Slow    FDRE/C          n/a            0.275         3.333       3.058                history_reg[0][14]/C
High Pulse Width  Fast    FDRE/C          n/a            0.275         3.333       3.058                history_reg[0][14]/C
High Pulse Width  Slow    FDRE/C          n/a            0.275         3.333       3.058                history_reg[0][15]/C
High Pulse Width  Fast    FDRE/C          n/a            0.275         3.333       3.058                history_reg[0][15]/C
High Pulse Width  Slow    FDRE/C          n/a            0.275         3.333       3.058                history_reg[0][1]/C
High Pulse Width  Fast    FDRE/C          n/a            0.275         3.333       3.058                history_reg[0][1]/C
High Pulse Width  Slow    FDRE/C          n/a            0.275         3.333       3.058                history_reg[0][2]/C
High Pulse Width  Fast    FDRE/C          n/a            0.275         3.333       3.058                history_reg[0][2]/C
High Pulse Width  Slow    FDRE/C          n/a            0.275         3.333       3.058                history_reg[0][3]/C
High Pulse Width  Fast    FDRE/C          n/a            0.275         3.333       3.058                history_reg[0][3]/C



--------------------------------------------------------------------------------------
Path Group:  (none)
From Clock:  
  To Clock:  

Max Delay             1 Endpoint
Min Delay             1 Endpoint
--------------------------------------------------------------------------------------


Max Delay Paths
--------------------------------------------------------------------------------------
Slack:                    inf
  Source:                 aresetn
                            (input port)
  Destination:            s_axis_tready
                            (output port)
  Path Group:             (none)
  Path Type:              Max at Slow Process Corner
  Data Path Delay:        0.090ns  (logic 0.090ns (100.000%)  route 0.000ns (0.000%))
  Logic Levels:           1  (LUT3=1)

    Location             Delay type                Incr(ns)  Path(ns)    Netlist Resource(s)
  -------------------------------------------------------------------    -------------------
                                                      0.000     0.000 r  aresetn (IN)
                         net (fo=3, unset)            0.000     0.000    aresetn
                         LUT3 (Prop_LUT3_I0_O)        0.090     0.090 r  s_axis_tready_INST_0/O
                         net (fo=0)                   0.000     0.090    s_axis_tready
                                                                      r  s_axis_tready (OUT)
  -------------------------------------------------------------------    -------------------





Min Delay Paths
--------------------------------------------------------------------------------------
Slack:                    inf
  Source:                 m_axis_tready
                            (input port)
  Destination:            s_axis_tready
                            (output port)
  Path Group:             (none)
  Path Type:              Min at Fast Process Corner
  Data Path Delay:        0.014ns  (logic 0.014ns (100.000%)  route 0.000ns (0.000%))
  Logic Levels:           1  (LUT3=1)

    Location             Delay type                Incr(ns)  Path(ns)    Netlist Resource(s)
  -------------------------------------------------------------------    -------------------
                                                      0.000     0.000 r  m_axis_tready (IN)
                         net (fo=9, unset)            0.000     0.000    m_axis_tready
                         LUT3 (Prop_LUT3_I2_O)        0.014     0.014 r  s_axis_tready_INST_0/O
                         net (fo=0)                   0.000     0.014    s_axis_tready
                                                                      r  s_axis_tready (OUT)
  -------------------------------------------------------------------    -------------------





--------------------------------------------------------------------------------------
Path Group:  (none)
From Clock:  accelerator_clk
  To Clock:  

Max Delay            19 Endpoints
Min Delay            19 Endpoints
--------------------------------------------------------------------------------------


Max Delay Paths
--------------------------------------------------------------------------------------
Slack:                    inf
  Source:                 valid_s6_reg/C
                            (rising edge-triggered cell FDRE clocked by accelerator_clk  {rise@0.000ns fall@3.333ns period=6.667ns})
  Destination:            s_axis_tready
                            (output port)
  Path Group:             (none)
  Path Type:              Max at Slow Process Corner
  Data Path Delay:        0.251ns  (logic 0.130ns (51.793%)  route 0.121ns (48.207%))
  Logic Levels:           1  (LUT3=1)
  Clock Uncertainty:      0.025ns  ((TSJ^2 + TIJ^2)^1/2 + DJ) / 2 + PE
    Total System Jitter     (TSJ):    0.050ns
    Total Input Jitter      (TIJ):    0.000ns
    Discrete Jitter          (DJ):    0.000ns
    Phase Error              (PE):    0.000ns

    Location             Delay type                Incr(ns)  Path(ns)    Netlist Resource(s)
  -------------------------------------------------------------------    -------------------
                         (clock accelerator_clk rise edge)
                                                      0.000     0.000 r  
                                                      0.000     0.000 r  aclk (IN)
                         net (fo=934, unset)          0.030     0.030    aclk
                         FDRE                                         r  valid_s6_reg/C
  -------------------------------------------------------------------    -------------------
                         FDRE (Prop_FDRE_C_Q)         0.077     0.107 f  valid_s6_reg/Q
                         net (fo=10, unplaced)        0.121     0.228    m_axis_tvalid
                         LUT3 (Prop_LUT3_I1_O)        0.053     0.281 r  s_axis_tready_INST_0/O
                         net (fo=0)                   0.000     0.281    s_axis_tready
                                                                      r  s_axis_tready (OUT)
  -------------------------------------------------------------------    -------------------

Slack:                    inf
  Source:                 quant_s6_reg[0]/C
                            (rising edge-triggered cell FDRE clocked by accelerator_clk  {rise@0.000ns fall@3.333ns period=6.667ns})
  Destination:            m_axis_tdata[0]
                            (output port)
  Path Group:             (none)
  Path Type:              Max at Slow Process Corner
  Data Path Delay:        0.077ns  (logic 0.077ns (100.000%)  route 0.000ns (0.000%))
  Logic Levels:           0  
  Clock Uncertainty:      0.025ns  ((TSJ^2 + TIJ^2)^1/2 + DJ) / 2 + PE
    Total System Jitter     (TSJ):    0.050ns
    Total Input Jitter      (TIJ):    0.000ns
    Discrete Jitter          (DJ):    0.000ns
    Phase Error              (PE):    0.000ns

    Location             Delay type                Incr(ns)  Path(ns)    Netlist Resource(s)
  -------------------------------------------------------------------    -------------------
                         (clock accelerator_clk rise edge)
                                                      0.000     0.000 r  
                                                      0.000     0.000 r  aclk (IN)
                         net (fo=934, unset)          0.030     0.030    aclk
                         FDRE                                         r  quant_s6_reg[0]/C
  -------------------------------------------------------------------    -------------------
                         FDRE (Prop_FDRE_C_Q)         0.077     0.107 r  quant_s6_reg[0]/Q
                         net (fo=0)                   0.000     0.107    m_axis_tdata[0]
                                                                      r  m_axis_tdata[0] (OUT)
  -------------------------------------------------------------------    -------------------

Slack:                    inf
  Source:                 quant_s6_reg[10]/C
                            (rising edge-triggered cell FDRE clocked by accelerator_clk  {rise@0.000ns fall@3.333ns period=6.667ns})
  Destination:            m_axis_tdata[10]
                            (output port)
  Path Group:             (none)
  Path Type:              Max at Slow Process Corner
  Data Path Delay:        0.077ns  (logic 0.077ns (100.000%)  route 0.000ns (0.000%))
  Logic Levels:           0  
  Clock Uncertainty:      0.025ns  ((TSJ^2 + TIJ^2)^1/2 + DJ) / 2 + PE
    Total System Jitter     (TSJ):    0.050ns
    Total Input Jitter      (TIJ):    0.000ns
    Discrete Jitter          (DJ):    0.000ns
    Phase Error              (PE):    0.000ns

    Location             Delay type                Incr(ns)  Path(ns)    Netlist Resource(s)
  -------------------------------------------------------------------    -------------------
                         (clock accelerator_clk rise edge)
                                                      0.000     0.000 r  
                                                      0.000     0.000 r  aclk (IN)
                         net (fo=934, unset)          0.030     0.030    aclk
                         FDRE                                         r  quant_s6_reg[10]/C
  -------------------------------------------------------------------    -------------------
                         FDRE (Prop_FDRE_C_Q)         0.077     0.107 r  quant_s6_reg[10]/Q
                         net (fo=0)                   0.000     0.107    m_axis_tdata[10]
                                                                      r  m_axis_tdata[10] (OUT)
  -------------------------------------------------------------------    -------------------

Slack:                    inf
  Source:                 quant_s6_reg[11]/C
                            (rising edge-triggered cell FDRE clocked by accelerator_clk  {rise@0.000ns fall@3.333ns period=6.667ns})
  Destination:            m_axis_tdata[11]
                            (output port)
  Path Group:             (none)
  Path Type:              Max at Slow Process Corner
  Data Path Delay:        0.077ns  (logic 0.077ns (100.000%)  route 0.000ns (0.000%))
  Logic Levels:           0  
  Clock Uncertainty:      0.025ns  ((TSJ^2 + TIJ^2)^1/2 + DJ) / 2 + PE
    Total System Jitter     (TSJ):    0.050ns
    Total Input Jitter      (TIJ):    0.000ns
    Discrete Jitter          (DJ):    0.000ns
    Phase Error              (PE):    0.000ns

    Location             Delay type                Incr(ns)  Path(ns)    Netlist Resource(s)
  -------------------------------------------------------------------    -------------------
                         (clock accelerator_clk rise edge)
                                                      0.000     0.000 r  
                                                      0.000     0.000 r  aclk (IN)
                         net (fo=934, unset)          0.030     0.030    aclk
                         FDRE                                         r  quant_s6_reg[11]/C
  -------------------------------------------------------------------    -------------------
                         FDRE (Prop_FDRE_C_Q)         0.077     0.107 r  quant_s6_reg[11]/Q
                         net (fo=0)                   0.000     0.107    m_axis_tdata[11]
                                                                      r  m_axis_tdata[11] (OUT)
  -------------------------------------------------------------------    -------------------

Slack:                    inf
  Source:                 quant_s6_reg[12]/C
                            (rising edge-triggered cell FDRE clocked by accelerator_clk  {rise@0.000ns fall@3.333ns period=6.667ns})
  Destination:            m_axis_tdata[12]
                            (output port)
  Path Group:             (none)
  Path Type:              Max at Slow Process Corner
  Data Path Delay:        0.077ns  (logic 0.077ns (100.000%)  route 0.000ns (0.000%))
  Logic Levels:           0  
  Clock Uncertainty:      0.025ns  ((TSJ^2 + TIJ^2)^1/2 + DJ) / 2 + PE
    Total System Jitter     (TSJ):    0.050ns
    Total Input Jitter      (TIJ):    0.000ns
    Discrete Jitter          (DJ):    0.000ns
    Phase Error              (PE):    0.000ns

    Location             Delay type                Incr(ns)  Path(ns)    Netlist Resource(s)
  -------------------------------------------------------------------    -------------------
                         (clock accelerator_clk rise edge)
                                                      0.000     0.000 r  
                                                      0.000     0.000 r  aclk (IN)
                         net (fo=934, unset)          0.030     0.030    aclk
                         FDRE                                         r  quant_s6_reg[12]/C
  -------------------------------------------------------------------    -------------------
                         FDRE (Prop_FDRE_C_Q)         0.077     0.107 r  quant_s6_reg[12]/Q
                         net (fo=0)                   0.000     0.107    m_axis_tdata[12]
                                                                      r  m_axis_tdata[12] (OUT)
  -------------------------------------------------------------------    -------------------

Slack:                    inf
  Source:                 quant_s6_reg[13]/C
                            (rising edge-triggered cell FDRE clocked by accelerator_clk  {rise@0.000ns fall@3.333ns period=6.667ns})
  Destination:            m_axis_tdata[13]
                            (output port)
  Path Group:             (none)
  Path Type:              Max at Slow Process Corner
  Data Path Delay:        0.077ns  (logic 0.077ns (100.000%)  route 0.000ns (0.000%))
  Logic Levels:           0  
  Clock Uncertainty:      0.025ns  ((TSJ^2 + TIJ^2)^1/2 + DJ) / 2 + PE
    Total System Jitter     (TSJ):    0.050ns
    Total Input Jitter      (TIJ):    0.000ns
    Discrete Jitter          (DJ):    0.000ns
    Phase Error              (PE):    0.000ns

    Location             Delay type                Incr(ns)  Path(ns)    Netlist Resource(s)
  -------------------------------------------------------------------    -------------------
                         (clock accelerator_clk rise edge)
                                                      0.000     0.000 r  
                                                      0.000     0.000 r  aclk (IN)
                         net (fo=934, unset)          0.030     0.030    aclk
                         FDRE                                         r  quant_s6_reg[13]/C
  -------------------------------------------------------------------    -------------------
                         FDRE (Prop_FDRE_C_Q)         0.077     0.107 r  quant_s6_reg[13]/Q
                         net (fo=0)                   0.000     0.107    m_axis_tdata[13]
                                                                      r  m_axis_tdata[13] (OUT)
  -------------------------------------------------------------------    -------------------

Slack:                    inf
  Source:                 quant_s6_reg[14]/C
                            (rising edge-triggered cell FDRE clocked by accelerator_clk  {rise@0.000ns fall@3.333ns period=6.667ns})
  Destination:            m_axis_tdata[14]
                            (output port)
  Path Group:             (none)
  Path Type:              Max at Slow Process Corner
  Data Path Delay:        0.077ns  (logic 0.077ns (100.000%)  route 0.000ns (0.000%))
  Logic Levels:           0  
  Clock Uncertainty:      0.025ns  ((TSJ^2 + TIJ^2)^1/2 + DJ) / 2 + PE
    Total System Jitter     (TSJ):    0.050ns
    Total Input Jitter      (TIJ):    0.000ns
    Discrete Jitter          (DJ):    0.000ns
    Phase Error              (PE):    0.000ns

    Location             Delay type                Incr(ns)  Path(ns)    Netlist Resource(s)
  -------------------------------------------------------------------    -------------------
                         (clock accelerator_clk rise edge)
                                                      0.000     0.000 r  
                                                      0.000     0.000 r  aclk (IN)
                         net (fo=934, unset)          0.030     0.030    aclk
                         FDRE                                         r  quant_s6_reg[14]/C
  -------------------------------------------------------------------    -------------------
                         FDRE (Prop_FDRE_C_Q)         0.077     0.107 r  quant_s6_reg[14]/Q
                         net (fo=0)                   0.000     0.107    m_axis_tdata[14]
                                                                      r  m_axis_tdata[14] (OUT)
  -------------------------------------------------------------------    -------------------

Slack:                    inf
  Source:                 quant_s6_reg[15]/C
                            (rising edge-triggered cell FDRE clocked by accelerator_clk  {rise@0.000ns fall@3.333ns period=6.667ns})
  Destination:            m_axis_tdata[15]
                            (output port)
  Path Group:             (none)
  Path Type:              Max at Slow Process Corner
  Data Path Delay:        0.077ns  (logic 0.077ns (100.000%)  route 0.000ns (0.000%))
  Logic Levels:           0  
  Clock Uncertainty:      0.025ns  ((TSJ^2 + TIJ^2)^1/2 + DJ) / 2 + PE
    Total System Jitter     (TSJ):    0.050ns
    Total Input Jitter      (TIJ):    0.000ns
    Discrete Jitter          (DJ):    0.000ns
    Phase Error              (PE):    0.000ns

    Location             Delay type                Incr(ns)  Path(ns)    Netlist Resource(s)
  -------------------------------------------------------------------    -------------------
                         (clock accelerator_clk rise edge)
                                                      0.000     0.000 r  
                                                      0.000     0.000 r  aclk (IN)
                         net (fo=934, unset)          0.030     0.030    aclk
                         FDRE                                         r  quant_s6_reg[15]/C
  -------------------------------------------------------------------    -------------------
                         FDRE (Prop_FDRE_C_Q)         0.077     0.107 r  quant_s6_reg[15]/Q
                         net (fo=0)                   0.000     0.107    m_axis_tdata[15]
                                                                      r  m_axis_tdata[15] (OUT)
  -------------------------------------------------------------------    -------------------

Slack:                    inf
  Source:                 quant_s6_reg[1]/C
                            (rising edge-triggered cell FDRE clocked by accelerator_clk  {rise@0.000ns fall@3.333ns period=6.667ns})
  Destination:            m_axis_tdata[1]
                            (output port)
  Path Group:             (none)
  Path Type:              Max at Slow Process Corner
  Data Path Delay:        0.077ns  (logic 0.077ns (100.000%)  route 0.000ns (0.000%))
  Logic Levels:           0  
  Clock Uncertainty:      0.025ns  ((TSJ^2 + TIJ^2)^1/2 + DJ) / 2 + PE
    Total System Jitter     (TSJ):    0.050ns
    Total Input Jitter      (TIJ):    0.000ns
    Discrete Jitter          (DJ):    0.000ns
    Phase Error              (PE):    0.000ns

    Location             Delay type                Incr(ns)  Path(ns)    Netlist Resource(s)
  -------------------------------------------------------------------    -------------------
                         (clock accelerator_clk rise edge)
                                                      0.000     0.000 r  
                                                      0.000     0.000 r  aclk (IN)
                         net (fo=934, unset)          0.030     0.030    aclk
                         FDRE                                         r  quant_s6_reg[1]/C
  -------------------------------------------------------------------    -------------------
                         FDRE (Prop_FDRE_C_Q)         0.077     0.107 r  quant_s6_reg[1]/Q
                         net (fo=0)                   0.000     0.107    m_axis_tdata[1]
                                                                      r  m_axis_tdata[1] (OUT)
  -------------------------------------------------------------------    -------------------

Slack:                    inf
  Source:                 quant_s6_reg[2]/C
                            (rising edge-triggered cell FDRE clocked by accelerator_clk  {rise@0.000ns fall@3.333ns period=6.667ns})
  Destination:            m_axis_tdata[2]
                            (output port)
  Path Group:             (none)
  Path Type:              Max at Slow Process Corner
  Data Path Delay:        0.077ns  (logic 0.077ns (100.000%)  route 0.000ns (0.000%))
  Logic Levels:           0  
  Clock Uncertainty:      0.025ns  ((TSJ^2 + TIJ^2)^1/2 + DJ) / 2 + PE
    Total System Jitter     (TSJ):    0.050ns
    Total Input Jitter      (TIJ):    0.000ns
    Discrete Jitter          (DJ):    0.000ns
    Phase Error              (PE):    0.000ns

    Location             Delay type                Incr(ns)  Path(ns)    Netlist Resource(s)
  -------------------------------------------------------------------    -------------------
                         (clock accelerator_clk rise edge)
                                                      0.000     0.000 r  
                                                      0.000     0.000 r  aclk (IN)
                         net (fo=934, unset)          0.030     0.030    aclk
                         FDRE                                         r  quant_s6_reg[2]/C
  -------------------------------------------------------------------    -------------------
                         FDRE (Prop_FDRE_C_Q)         0.077     0.107 r  quant_s6_reg[2]/Q
                         net (fo=0)                   0.000     0.107    m_axis_tdata[2]
                                                                      r  m_axis_tdata[2] (OUT)
  -------------------------------------------------------------------    -------------------

Slack:                    inf
  Source:                 quant_s6_reg[3]/C
                            (rising edge-triggered cell FDRE clocked by accelerator_clk  {rise@0.000ns fall@3.333ns period=6.667ns})
  Destination:            m_axis_tdata[3]
                            (output port)
  Path Group:             (none)
  Path Type:              Max at Slow Process Corner
  Data Path Delay:        0.077ns  (logic 0.077ns (100.000%)  route 0.000ns (0.000%))
  Logic Levels:           0  
  Clock Uncertainty:      0.025ns  ((TSJ^2 + TIJ^2)^1/2 + DJ) / 2 + PE
    Total System Jitter     (TSJ):    0.050ns
    Total Input Jitter      (TIJ):    0.000ns
    Discrete Jitter          (DJ):    0.000ns
    Phase Error              (PE):    0.000ns

    Location             Delay type                Incr(ns)  Path(ns)    Netlist Resource(s)
  -------------------------------------------------------------------    -------------------
                         (clock accelerator_clk rise edge)
                                                      0.000     0.000 r  
                                                      0.000     0.000 r  aclk (IN)
                         net (fo=934, unset)          0.030     0.030    aclk
                         FDRE                                         r  quant_s6_reg[3]/C
  -------------------------------------------------------------------    -------------------
                         FDRE (Prop_FDRE_C_Q)         0.077     0.107 r  quant_s6_reg[3]/Q
                         net (fo=0)                   0.000     0.107    m_axis_tdata[3]
                                                                      r  m_axis_tdata[3] (OUT)
  -------------------------------------------------------------------    -------------------

Slack:                    inf
  Source:                 quant_s6_reg[4]/C
                            (rising edge-triggered cell FDRE clocked by accelerator_clk  {rise@0.000ns fall@3.333ns period=6.667ns})
  Destination:            m_axis_tdata[4]
                            (output port)
  Path Group:             (none)
  Path Type:              Max at Slow Process Corner
  Data Path Delay:        0.077ns  (logic 0.077ns (100.000%)  route 0.000ns (0.000%))
  Logic Levels:           0  
  Clock Uncertainty:      0.025ns  ((TSJ^2 + TIJ^2)^1/2 + DJ) / 2 + PE
    Total System Jitter     (TSJ):    0.050ns
    Total Input Jitter      (TIJ):    0.000ns
    Discrete Jitter          (DJ):    0.000ns
    Phase Error              (PE):    0.000ns

    Location             Delay type                Incr(ns)  Path(ns)    Netlist Resource(s)
  -------------------------------------------------------------------    -------------------
                         (clock accelerator_clk rise edge)
                                                      0.000     0.000 r  
                                                      0.000     0.000 r  aclk (IN)
                         net (fo=934, unset)          0.030     0.030    aclk
                         FDRE                                         r  quant_s6_reg[4]/C
  -------------------------------------------------------------------    -------------------
                         FDRE (Prop_FDRE_C_Q)         0.077     0.107 r  quant_s6_reg[4]/Q
                         net (fo=0)                   0.000     0.107    m_axis_tdata[4]
                                                                      r  m_axis_tdata[4] (OUT)
  -------------------------------------------------------------------    -------------------

Slack:                    inf
  Source:                 quant_s6_reg[5]/C
                            (rising edge-triggered cell FDRE clocked by accelerator_clk  {rise@0.000ns fall@3.333ns period=6.667ns})
  Destination:            m_axis_tdata[5]
                            (output port)
  Path Group:             (none)
  Path Type:              Max at Slow Process Corner
  Data Path Delay:        0.077ns  (logic 0.077ns (100.000%)  route 0.000ns (0.000%))
  Logic Levels:           0  
  Clock Uncertainty:      0.025ns  ((TSJ^2 + TIJ^2)^1/2 + DJ) / 2 + PE
    Total System Jitter     (TSJ):    0.050ns
    Total Input Jitter      (TIJ):    0.000ns
    Discrete Jitter          (DJ):    0.000ns
    Phase Error              (PE):    0.000ns

    Location             Delay type                Incr(ns)  Path(ns)    Netlist Resource(s)
  -------------------------------------------------------------------    -------------------
                         (clock accelerator_clk rise edge)
                                                      0.000     0.000 r  
                                                      0.000     0.000 r  aclk (IN)
                         net (fo=934, unset)          0.030     0.030    aclk
                         FDRE                                         r  quant_s6_reg[5]/C
  -------------------------------------------------------------------    -------------------
                         FDRE (Prop_FDRE_C_Q)         0.077     0.107 r  quant_s6_reg[5]/Q
                         net (fo=0)                   0.000     0.107    m_axis_tdata[5]
                                                                      r  m_axis_tdata[5] (OUT)
  -------------------------------------------------------------------    -------------------

Slack:                    inf
  Source:                 quant_s6_reg[6]/C
                            (rising edge-triggered cell FDRE clocked by accelerator_clk  {rise@0.000ns fall@3.333ns period=6.667ns})
  Destination:            m_axis_tdata[6]
                            (output port)
  Path Group:             (none)
  Path Type:              Max at Slow Process Corner
  Data Path Delay:        0.077ns  (logic 0.077ns (100.000%)  route 0.000ns (0.000%))
  Logic Levels:           0  
  Clock Uncertainty:      0.025ns  ((TSJ^2 + TIJ^2)^1/2 + DJ) / 2 + PE
    Total System Jitter     (TSJ):    0.050ns
    Total Input Jitter      (TIJ):    0.000ns
    Discrete Jitter          (DJ):    0.000ns
    Phase Error              (PE):    0.000ns

    Location             Delay type                Incr(ns)  Path(ns)    Netlist Resource(s)
  -------------------------------------------------------------------    -------------------
                         (clock accelerator_clk rise edge)
                                                      0.000     0.000 r  
                                                      0.000     0.000 r  aclk (IN)
                         net (fo=934, unset)          0.030     0.030    aclk
                         FDRE                                         r  quant_s6_reg[6]/C
  -------------------------------------------------------------------    -------------------
                         FDRE (Prop_FDRE_C_Q)         0.077     0.107 r  quant_s6_reg[6]/Q
                         net (fo=0)                   0.000     0.107    m_axis_tdata[6]
                                                                      r  m_axis_tdata[6] (OUT)
  -------------------------------------------------------------------    -------------------

Slack:                    inf
  Source:                 quant_s6_reg[7]/C
                            (rising edge-triggered cell FDRE clocked by accelerator_clk  {rise@0.000ns fall@3.333ns period=6.667ns})
  Destination:            m_axis_tdata[7]
                            (output port)
  Path Group:             (none)
  Path Type:              Max at Slow Process Corner
  Data Path Delay:        0.077ns  (logic 0.077ns (100.000%)  route 0.000ns (0.000%))
  Logic Levels:           0  
  Clock Uncertainty:      0.025ns  ((TSJ^2 + TIJ^2)^1/2 + DJ) / 2 + PE
    Total System Jitter     (TSJ):    0.050ns
    Total Input Jitter      (TIJ):    0.000ns
    Discrete Jitter          (DJ):    0.000ns
    Phase Error              (PE):    0.000ns

    Location             Delay type                Incr(ns)  Path(ns)    Netlist Resource(s)
  -------------------------------------------------------------------    -------------------
                         (clock accelerator_clk rise edge)
                                                      0.000     0.000 r  
                                                      0.000     0.000 r  aclk (IN)
                         net (fo=934, unset)          0.030     0.030    aclk
                         FDRE                                         r  quant_s6_reg[7]/C
  -------------------------------------------------------------------    -------------------
                         FDRE (Prop_FDRE_C_Q)         0.077     0.107 r  quant_s6_reg[7]/Q
                         net (fo=0)                   0.000     0.107    m_axis_tdata[7]
                                                                      r  m_axis_tdata[7] (OUT)
  -------------------------------------------------------------------    -------------------

Slack:                    inf
  Source:                 quant_s6_reg[8]/C
                            (rising edge-triggered cell FDRE clocked by accelerator_clk  {rise@0.000ns fall@3.333ns period=6.667ns})
  Destination:            m_axis_tdata[8]
                            (output port)
  Path Group:             (none)
  Path Type:              Max at Slow Process Corner
  Data Path Delay:        0.077ns  (logic 0.077ns (100.000%)  route 0.000ns (0.000%))
  Logic Levels:           0  
  Clock Uncertainty:      0.025ns  ((TSJ^2 + TIJ^2)^1/2 + DJ) / 2 + PE
    Total System Jitter     (TSJ):    0.050ns
    Total Input Jitter      (TIJ):    0.000ns
    Discrete Jitter          (DJ):    0.000ns
    Phase Error              (PE):    0.000ns

    Location             Delay type                Incr(ns)  Path(ns)    Netlist Resource(s)
  -------------------------------------------------------------------    -------------------
                         (clock accelerator_clk rise edge)
                                                      0.000     0.000 r  
                                                      0.000     0.000 r  aclk (IN)
                         net (fo=934, unset)          0.030     0.030    aclk
                         FDRE                                         r  quant_s6_reg[8]/C
  -------------------------------------------------------------------    -------------------
                         FDRE (Prop_FDRE_C_Q)         0.077     0.107 r  quant_s6_reg[8]/Q
                         net (fo=0)                   0.000     0.107    m_axis_tdata[8]
                                                                      r  m_axis_tdata[8] (OUT)
  -------------------------------------------------------------------    -------------------

Slack:                    inf
  Source:                 quant_s6_reg[9]/C
                            (rising edge-triggered cell FDRE clocked by accelerator_clk  {rise@0.000ns fall@3.333ns period=6.667ns})
  Destination:            m_axis_tdata[9]
                            (output port)
  Path Group:             (none)
  Path Type:              Max at Slow Process Corner
  Data Path Delay:        0.077ns  (logic 0.077ns (100.000%)  route 0.000ns (0.000%))
  Logic Levels:           0  
  Clock Uncertainty:      0.025ns  ((TSJ^2 + TIJ^2)^1/2 + DJ) / 2 + PE
    Total System Jitter     (TSJ):    0.050ns
    Total Input Jitter      (TIJ):    0.000ns
    Discrete Jitter          (DJ):    0.000ns
    Phase Error              (PE):    0.000ns

    Location             Delay type                Incr(ns)  Path(ns)    Netlist Resource(s)
  -------------------------------------------------------------------    -------------------
                         (clock accelerator_clk rise edge)
                                                      0.000     0.000 r  
                                                      0.000     0.000 r  aclk (IN)
                         net (fo=934, unset)          0.030     0.030    aclk
                         FDRE                                         r  quant_s6_reg[9]/C
  -------------------------------------------------------------------    -------------------
                         FDRE (Prop_FDRE_C_Q)         0.077     0.107 r  quant_s6_reg[9]/Q
                         net (fo=0)                   0.000     0.107    m_axis_tdata[9]
                                                                      r  m_axis_tdata[9] (OUT)
  -------------------------------------------------------------------    -------------------

Slack:                    inf
  Source:                 last_s6_reg/C
                            (rising edge-triggered cell FDRE clocked by accelerator_clk  {rise@0.000ns fall@3.333ns period=6.667ns})
  Destination:            m_axis_tlast
                            (output port)
  Path Group:             (none)
  Path Type:              Max at Slow Process Corner
  Data Path Delay:        0.077ns  (logic 0.077ns (100.000%)  route 0.000ns (0.000%))
  Logic Levels:           0  
  Clock Uncertainty:      0.025ns  ((TSJ^2 + TIJ^2)^1/2 + DJ) / 2 + PE
    Total System Jitter     (TSJ):    0.050ns
    Total Input Jitter      (TIJ):    0.000ns
    Discrete Jitter          (DJ):    0.000ns
    Phase Error              (PE):    0.000ns

    Location             Delay type                Incr(ns)  Path(ns)    Netlist Resource(s)
  -------------------------------------------------------------------    -------------------
                         (clock accelerator_clk rise edge)
                                                      0.000     0.000 r  
                                                      0.000     0.000 r  aclk (IN)
                         net (fo=934, unset)          0.030     0.030    aclk
                         FDRE                                         r  last_s6_reg/C
  -------------------------------------------------------------------    -------------------
                         FDRE (Prop_FDRE_C_Q)         0.077     0.107 r  last_s6_reg/Q
                         net (fo=0)                   0.000     0.107    m_axis_tlast
                                                                      r  m_axis_tlast (OUT)
  -------------------------------------------------------------------    -------------------

Slack:                    inf
  Source:                 valid_s6_reg/C
                            (rising edge-triggered cell FDRE clocked by accelerator_clk  {rise@0.000ns fall@3.333ns period=6.667ns})
  Destination:            m_axis_tvalid
                            (output port)
  Path Group:             (none)
  Path Type:              Max at Slow Process Corner
  Data Path Delay:        0.077ns  (logic 0.077ns (100.000%)  route 0.000ns (0.000%))
  Logic Levels:           0  
  Clock Uncertainty:      0.025ns  ((TSJ^2 + TIJ^2)^1/2 + DJ) / 2 + PE
    Total System Jitter     (TSJ):    0.050ns
    Total Input Jitter      (TIJ):    0.000ns
    Discrete Jitter          (DJ):    0.000ns
    Phase Error              (PE):    0.000ns

    Location             Delay type                Incr(ns)  Path(ns)    Netlist Resource(s)
  -------------------------------------------------------------------    -------------------
                         (clock accelerator_clk rise edge)
                                                      0.000     0.000 r  
                                                      0.000     0.000 r  aclk (IN)
                         net (fo=934, unset)          0.030     0.030    aclk
                         FDRE                                         r  valid_s6_reg/C
  -------------------------------------------------------------------    -------------------
                         FDRE (Prop_FDRE_C_Q)         0.077     0.107 r  valid_s6_reg/Q
                         net (fo=10, unset)           0.000     0.107    m_axis_tvalid
                                                                      r  m_axis_tvalid (OUT)
  -------------------------------------------------------------------    -------------------





Min Delay Paths
--------------------------------------------------------------------------------------
Slack:                    inf
  Source:                 quant_s6_reg[0]/C
                            (rising edge-triggered cell FDRE clocked by accelerator_clk  {rise@0.000ns fall@3.333ns period=6.667ns})
  Destination:            m_axis_tdata[0]
                            (output port)
  Path Group:             (none)
  Path Type:              Min at Fast Process Corner
  Data Path Delay:        0.038ns  (logic 0.038ns (100.000%)  route 0.000ns (0.000%))
  Logic Levels:           0  
  Clock Uncertainty:      0.025ns  ((TSJ^2 + TIJ^2)^1/2 + DJ) / 2 + PE
    Total System Jitter     (TSJ):    0.050ns
    Total Input Jitter      (TIJ):    0.000ns
    Discrete Jitter          (DJ):    0.000ns
    Phase Error              (PE):    0.000ns

    Location             Delay type                Incr(ns)  Path(ns)    Netlist Resource(s)
  -------------------------------------------------------------------    -------------------
                         (clock accelerator_clk rise edge)
                                                      0.000     0.000 r  
                                                      0.000     0.000 r  aclk (IN)
                         net (fo=934, unset)          0.013     0.013    aclk
                         FDRE                                         r  quant_s6_reg[0]/C
  -------------------------------------------------------------------    -------------------
                         FDRE (Prop_FDRE_C_Q)         0.038     0.051 r  quant_s6_reg[0]/Q
                         net (fo=0)                   0.000     0.051    m_axis_tdata[0]
                                                                      r  m_axis_tdata[0] (OUT)
  -------------------------------------------------------------------    -------------------

Slack:                    inf
  Source:                 quant_s6_reg[10]/C
                            (rising edge-triggered cell FDRE clocked by accelerator_clk  {rise@0.000ns fall@3.333ns period=6.667ns})
  Destination:            m_axis_tdata[10]
                            (output port)
  Path Group:             (none)
  Path Type:              Min at Fast Process Corner
  Data Path Delay:        0.038ns  (logic 0.038ns (100.000%)  route 0.000ns (0.000%))
  Logic Levels:           0  
  Clock Uncertainty:      0.025ns  ((TSJ^2 + TIJ^2)^1/2 + DJ) / 2 + PE
    Total System Jitter     (TSJ):    0.050ns
    Total Input Jitter      (TIJ):    0.000ns
    Discrete Jitter          (DJ):    0.000ns
    Phase Error              (PE):    0.000ns

    Location             Delay type                Incr(ns)  Path(ns)    Netlist Resource(s)
  -------------------------------------------------------------------    -------------------
                         (clock accelerator_clk rise edge)
                                                      0.000     0.000 r  
                                                      0.000     0.000 r  aclk (IN)
                         net (fo=934, unset)          0.013     0.013    aclk
                         FDRE                                         r  quant_s6_reg[10]/C
  -------------------------------------------------------------------    -------------------
                         FDRE (Prop_FDRE_C_Q)         0.038     0.051 r  quant_s6_reg[10]/Q
                         net (fo=0)                   0.000     0.051    m_axis_tdata[10]
                                                                      r  m_axis_tdata[10] (OUT)
  -------------------------------------------------------------------    -------------------

Slack:                    inf
  Source:                 quant_s6_reg[11]/C
                            (rising edge-triggered cell FDRE clocked by accelerator_clk  {rise@0.000ns fall@3.333ns period=6.667ns})
  Destination:            m_axis_tdata[11]
                            (output port)
  Path Group:             (none)
  Path Type:              Min at Fast Process Corner
  Data Path Delay:        0.038ns  (logic 0.038ns (100.000%)  route 0.000ns (0.000%))
  Logic Levels:           0  
  Clock Uncertainty:      0.025ns  ((TSJ^2 + TIJ^2)^1/2 + DJ) / 2 + PE
    Total System Jitter     (TSJ):    0.050ns
    Total Input Jitter      (TIJ):    0.000ns
    Discrete Jitter          (DJ):    0.000ns
    Phase Error              (PE):    0.000ns

    Location             Delay type                Incr(ns)  Path(ns)    Netlist Resource(s)
  -------------------------------------------------------------------    -------------------
                         (clock accelerator_clk rise edge)
                                                      0.000     0.000 r  
                                                      0.000     0.000 r  aclk (IN)
                         net (fo=934, unset)          0.013     0.013    aclk
                         FDRE                                         r  quant_s6_reg[11]/C
  -------------------------------------------------------------------    -------------------
                         FDRE (Prop_FDRE_C_Q)         0.038     0.051 r  quant_s6_reg[11]/Q
                         net (fo=0)                   0.000     0.051    m_axis_tdata[11]
                                                                      r  m_axis_tdata[11] (OUT)
  -------------------------------------------------------------------    -------------------

Slack:                    inf
  Source:                 quant_s6_reg[12]/C
                            (rising edge-triggered cell FDRE clocked by accelerator_clk  {rise@0.000ns fall@3.333ns period=6.667ns})
  Destination:            m_axis_tdata[12]
                            (output port)
  Path Group:             (none)
  Path Type:              Min at Fast Process Corner
  Data Path Delay:        0.038ns  (logic 0.038ns (100.000%)  route 0.000ns (0.000%))
  Logic Levels:           0  
  Clock Uncertainty:      0.025ns  ((TSJ^2 + TIJ^2)^1/2 + DJ) / 2 + PE
    Total System Jitter     (TSJ):    0.050ns
    Total Input Jitter      (TIJ):    0.000ns
    Discrete Jitter          (DJ):    0.000ns
    Phase Error              (PE):    0.000ns

    Location             Delay type                Incr(ns)  Path(ns)    Netlist Resource(s)
  -------------------------------------------------------------------    -------------------
                         (clock accelerator_clk rise edge)
                                                      0.000     0.000 r  
                                                      0.000     0.000 r  aclk (IN)
                         net (fo=934, unset)          0.013     0.013    aclk
                         FDRE                                         r  quant_s6_reg[12]/C
  -------------------------------------------------------------------    -------------------
                         FDRE (Prop_FDRE_C_Q)         0.038     0.051 r  quant_s6_reg[12]/Q
                         net (fo=0)                   0.000     0.051    m_axis_tdata[12]
                                                                      r  m_axis_tdata[12] (OUT)
  -------------------------------------------------------------------    -------------------

Slack:                    inf
  Source:                 quant_s6_reg[13]/C
                            (rising edge-triggered cell FDRE clocked by accelerator_clk  {rise@0.000ns fall@3.333ns period=6.667ns})
  Destination:            m_axis_tdata[13]
                            (output port)
  Path Group:             (none)
  Path Type:              Min at Fast Process Corner
  Data Path Delay:        0.038ns  (logic 0.038ns (100.000%)  route 0.000ns (0.000%))
  Logic Levels:           0  
  Clock Uncertainty:      0.025ns  ((TSJ^2 + TIJ^2)^1/2 + DJ) / 2 + PE
    Total System Jitter     (TSJ):    0.050ns
    Total Input Jitter      (TIJ):    0.000ns
    Discrete Jitter          (DJ):    0.000ns
    Phase Error              (PE):    0.000ns

    Location             Delay type                Incr(ns)  Path(ns)    Netlist Resource(s)
  -------------------------------------------------------------------    -------------------
                         (clock accelerator_clk rise edge)
                                                      0.000     0.000 r  
                                                      0.000     0.000 r  aclk (IN)
                         net (fo=934, unset)          0.013     0.013    aclk
                         FDRE                                         r  quant_s6_reg[13]/C
  -------------------------------------------------------------------    -------------------
                         FDRE (Prop_FDRE_C_Q)         0.038     0.051 r  quant_s6_reg[13]/Q
                         net (fo=0)                   0.000     0.051    m_axis_tdata[13]
                                                                      r  m_axis_tdata[13] (OUT)
  -------------------------------------------------------------------    -------------------

Slack:                    inf
  Source:                 quant_s6_reg[14]/C
                            (rising edge-triggered cell FDRE clocked by accelerator_clk  {rise@0.000ns fall@3.333ns period=6.667ns})
  Destination:            m_axis_tdata[14]
                            (output port)
  Path Group:             (none)
  Path Type:              Min at Fast Process Corner
  Data Path Delay:        0.038ns  (logic 0.038ns (100.000%)  route 0.000ns (0.000%))
  Logic Levels:           0  
  Clock Uncertainty:      0.025ns  ((TSJ^2 + TIJ^2)^1/2 + DJ) / 2 + PE
    Total System Jitter     (TSJ):    0.050ns
    Total Input Jitter      (TIJ):    0.000ns
    Discrete Jitter          (DJ):    0.000ns
    Phase Error              (PE):    0.000ns

    Location             Delay type                Incr(ns)  Path(ns)    Netlist Resource(s)
  -------------------------------------------------------------------    -------------------
                         (clock accelerator_clk rise edge)
                                                      0.000     0.000 r  
                                                      0.000     0.000 r  aclk (IN)
                         net (fo=934, unset)          0.013     0.013    aclk
                         FDRE                                         r  quant_s6_reg[14]/C
  -------------------------------------------------------------------    -------------------
                         FDRE (Prop_FDRE_C_Q)         0.038     0.051 r  quant_s6_reg[14]/Q
                         net (fo=0)                   0.000     0.051    m_axis_tdata[14]
                                                                      r  m_axis_tdata[14] (OUT)
  -------------------------------------------------------------------    -------------------

Slack:                    inf
  Source:                 quant_s6_reg[15]/C
                            (rising edge-triggered cell FDRE clocked by accelerator_clk  {rise@0.000ns fall@3.333ns period=6.667ns})
  Destination:            m_axis_tdata[15]
                            (output port)
  Path Group:             (none)
  Path Type:              Min at Fast Process Corner
  Data Path Delay:        0.038ns  (logic 0.038ns (100.000%)  route 0.000ns (0.000%))
  Logic Levels:           0  
  Clock Uncertainty:      0.025ns  ((TSJ^2 + TIJ^2)^1/2 + DJ) / 2 + PE
    Total System Jitter     (TSJ):    0.050ns
    Total Input Jitter      (TIJ):    0.000ns
    Discrete Jitter          (DJ):    0.000ns
    Phase Error              (PE):    0.000ns

    Location             Delay type                Incr(ns)  Path(ns)    Netlist Resource(s)
  -------------------------------------------------------------------    -------------------
                         (clock accelerator_clk rise edge)
                                                      0.000     0.000 r  
                                                      0.000     0.000 r  aclk (IN)
                         net (fo=934, unset)          0.013     0.013    aclk
                         FDRE                                         r  quant_s6_reg[15]/C
  -------------------------------------------------------------------    -------------------
                         FDRE (Prop_FDRE_C_Q)         0.038     0.051 r  quant_s6_reg[15]/Q
                         net (fo=0)                   0.000     0.051    m_axis_tdata[15]
                                                                      r  m_axis_tdata[15] (OUT)
  -------------------------------------------------------------------    -------------------

Slack:                    inf
  Source:                 quant_s6_reg[1]/C
                            (rising edge-triggered cell FDRE clocked by accelerator_clk  {rise@0.000ns fall@3.333ns period=6.667ns})
  Destination:            m_axis_tdata[1]
                            (output port)
  Path Group:             (none)
  Path Type:              Min at Fast Process Corner
  Data Path Delay:        0.038ns  (logic 0.038ns (100.000%)  route 0.000ns (0.000%))
  Logic Levels:           0  
  Clock Uncertainty:      0.025ns  ((TSJ^2 + TIJ^2)^1/2 + DJ) / 2 + PE
    Total System Jitter     (TSJ):    0.050ns
    Total Input Jitter      (TIJ):    0.000ns
    Discrete Jitter          (DJ):    0.000ns
    Phase Error              (PE):    0.000ns

    Location             Delay type                Incr(ns)  Path(ns)    Netlist Resource(s)
  -------------------------------------------------------------------    -------------------
                         (clock accelerator_clk rise edge)
                                                      0.000     0.000 r  
                                                      0.000     0.000 r  aclk (IN)
                         net (fo=934, unset)          0.013     0.013    aclk
                         FDRE                                         r  quant_s6_reg[1]/C
  -------------------------------------------------------------------    -------------------
                         FDRE (Prop_FDRE_C_Q)         0.038     0.051 r  quant_s6_reg[1]/Q
                         net (fo=0)                   0.000     0.051    m_axis_tdata[1]
                                                                      r  m_axis_tdata[1] (OUT)
  -------------------------------------------------------------------    -------------------

Slack:                    inf
  Source:                 quant_s6_reg[2]/C
                            (rising edge-triggered cell FDRE clocked by accelerator_clk  {rise@0.000ns fall@3.333ns period=6.667ns})
  Destination:            m_axis_tdata[2]
                            (output port)
  Path Group:             (none)
  Path Type:              Min at Fast Process Corner
  Data Path Delay:        0.038ns  (logic 0.038ns (100.000%)  route 0.000ns (0.000%))
  Logic Levels:           0  
  Clock Uncertainty:      0.025ns  ((TSJ^2 + TIJ^2)^1/2 + DJ) / 2 + PE
    Total System Jitter     (TSJ):    0.050ns
    Total Input Jitter      (TIJ):    0.000ns
    Discrete Jitter          (DJ):    0.000ns
    Phase Error              (PE):    0.000ns

    Location             Delay type                Incr(ns)  Path(ns)    Netlist Resource(s)
  -------------------------------------------------------------------    -------------------
                         (clock accelerator_clk rise edge)
                                                      0.000     0.000 r  
                                                      0.000     0.000 r  aclk (IN)
                         net (fo=934, unset)          0.013     0.013    aclk
                         FDRE                                         r  quant_s6_reg[2]/C
  -------------------------------------------------------------------    -------------------
                         FDRE (Prop_FDRE_C_Q)         0.038     0.051 r  quant_s6_reg[2]/Q
                         net (fo=0)                   0.000     0.051    m_axis_tdata[2]
                                                                      r  m_axis_tdata[2] (OUT)
  -------------------------------------------------------------------    -------------------

Slack:                    inf
  Source:                 quant_s6_reg[3]/C
                            (rising edge-triggered cell FDRE clocked by accelerator_clk  {rise@0.000ns fall@3.333ns period=6.667ns})
  Destination:            m_axis_tdata[3]
                            (output port)
  Path Group:             (none)
  Path Type:              Min at Fast Process Corner
  Data Path Delay:        0.038ns  (logic 0.038ns (100.000%)  route 0.000ns (0.000%))
  Logic Levels:           0  
  Clock Uncertainty:      0.025ns  ((TSJ^2 + TIJ^2)^1/2 + DJ) / 2 + PE
    Total System Jitter     (TSJ):    0.050ns
    Total Input Jitter      (TIJ):    0.000ns
    Discrete Jitter          (DJ):    0.000ns
    Phase Error              (PE):    0.000ns

    Location             Delay type                Incr(ns)  Path(ns)    Netlist Resource(s)
  -------------------------------------------------------------------    -------------------
                         (clock accelerator_clk rise edge)
                                                      0.000     0.000 r  
                                                      0.000     0.000 r  aclk (IN)
                         net (fo=934, unset)          0.013     0.013    aclk
                         FDRE                                         r  quant_s6_reg[3]/C
  -------------------------------------------------------------------    -------------------
                         FDRE (Prop_FDRE_C_Q)         0.038     0.051 r  quant_s6_reg[3]/Q
                         net (fo=0)                   0.000     0.051    m_axis_tdata[3]
                                                                      r  m_axis_tdata[3] (OUT)
  -------------------------------------------------------------------    -------------------

Slack:                    inf
  Source:                 quant_s6_reg[4]/C
                            (rising edge-triggered cell FDRE clocked by accelerator_clk  {rise@0.000ns fall@3.333ns period=6.667ns})
  Destination:            m_axis_tdata[4]
                            (output port)
  Path Group:             (none)
  Path Type:              Min at Fast Process Corner
  Data Path Delay:        0.038ns  (logic 0.038ns (100.000%)  route 0.000ns (0.000%))
  Logic Levels:           0  
  Clock Uncertainty:      0.025ns  ((TSJ^2 + TIJ^2)^1/2 + DJ) / 2 + PE
    Total System Jitter     (TSJ):    0.050ns
    Total Input Jitter      (TIJ):    0.000ns
    Discrete Jitter          (DJ):    0.000ns
    Phase Error              (PE):    0.000ns

    Location             Delay type                Incr(ns)  Path(ns)    Netlist Resource(s)
  -------------------------------------------------------------------    -------------------
                         (clock accelerator_clk rise edge)
                                                      0.000     0.000 r  
                                                      0.000     0.000 r  aclk (IN)
                         net (fo=934, unset)          0.013     0.013    aclk
                         FDRE                                         r  quant_s6_reg[4]/C
  -------------------------------------------------------------------    -------------------
                         FDRE (Prop_FDRE_C_Q)         0.038     0.051 r  quant_s6_reg[4]/Q
                         net (fo=0)                   0.000     0.051    m_axis_tdata[4]
                                                                      r  m_axis_tdata[4] (OUT)
  -------------------------------------------------------------------    -------------------

Slack:                    inf
  Source:                 quant_s6_reg[5]/C
                            (rising edge-triggered cell FDRE clocked by accelerator_clk  {rise@0.000ns fall@3.333ns period=6.667ns})
  Destination:            m_axis_tdata[5]
                            (output port)
  Path Group:             (none)
  Path Type:              Min at Fast Process Corner
  Data Path Delay:        0.038ns  (logic 0.038ns (100.000%)  route 0.000ns (0.000%))
  Logic Levels:           0  
  Clock Uncertainty:      0.025ns  ((TSJ^2 + TIJ^2)^1/2 + DJ) / 2 + PE
    Total System Jitter     (TSJ):    0.050ns
    Total Input Jitter      (TIJ):    0.000ns
    Discrete Jitter          (DJ):    0.000ns
    Phase Error              (PE):    0.000ns

    Location             Delay type                Incr(ns)  Path(ns)    Netlist Resource(s)
  -------------------------------------------------------------------    -------------------
                         (clock accelerator_clk rise edge)
                                                      0.000     0.000 r  
                                                      0.000     0.000 r  aclk (IN)
                         net (fo=934, unset)          0.013     0.013    aclk
                         FDRE                                         r  quant_s6_reg[5]/C
  -------------------------------------------------------------------    -------------------
                         FDRE (Prop_FDRE_C_Q)         0.038     0.051 r  quant_s6_reg[5]/Q
                         net (fo=0)                   0.000     0.051    m_axis_tdata[5]
                                                                      r  m_axis_tdata[5] (OUT)
  -------------------------------------------------------------------    -------------------

Slack:                    inf
  Source:                 quant_s6_reg[6]/C
                            (rising edge-triggered cell FDRE clocked by accelerator_clk  {rise@0.000ns fall@3.333ns period=6.667ns})
  Destination:            m_axis_tdata[6]
                            (output port)
  Path Group:             (none)
  Path Type:              Min at Fast Process Corner
  Data Path Delay:        0.038ns  (logic 0.038ns (100.000%)  route 0.000ns (0.000%))
  Logic Levels:           0  
  Clock Uncertainty:      0.025ns  ((TSJ^2 + TIJ^2)^1/2 + DJ) / 2 + PE
    Total System Jitter     (TSJ):    0.050ns
    Total Input Jitter      (TIJ):    0.000ns
    Discrete Jitter          (DJ):    0.000ns
    Phase Error              (PE):    0.000ns

    Location             Delay type                Incr(ns)  Path(ns)    Netlist Resource(s)
  -------------------------------------------------------------------    -------------------
                         (clock accelerator_clk rise edge)
                                                      0.000     0.000 r  
                                                      0.000     0.000 r  aclk (IN)
                         net (fo=934, unset)          0.013     0.013    aclk
                         FDRE                                         r  quant_s6_reg[6]/C
  -------------------------------------------------------------------    -------------------
                         FDRE (Prop_FDRE_C_Q)         0.038     0.051 r  quant_s6_reg[6]/Q
                         net (fo=0)                   0.000     0.051    m_axis_tdata[6]
                                                                      r  m_axis_tdata[6] (OUT)
  -------------------------------------------------------------------    -------------------

Slack:                    inf
  Source:                 quant_s6_reg[7]/C
                            (rising edge-triggered cell FDRE clocked by accelerator_clk  {rise@0.000ns fall@3.333ns period=6.667ns})
  Destination:            m_axis_tdata[7]
                            (output port)
  Path Group:             (none)
  Path Type:              Min at Fast Process Corner
  Data Path Delay:        0.038ns  (logic 0.038ns (100.000%)  route 0.000ns (0.000%))
  Logic Levels:           0  
  Clock Uncertainty:      0.025ns  ((TSJ^2 + TIJ^2)^1/2 + DJ) / 2 + PE
    Total System Jitter     (TSJ):    0.050ns
    Total Input Jitter      (TIJ):    0.000ns
    Discrete Jitter          (DJ):    0.000ns
    Phase Error              (PE):    0.000ns

    Location             Delay type                Incr(ns)  Path(ns)    Netlist Resource(s)
  -------------------------------------------------------------------    -------------------
                         (clock accelerator_clk rise edge)
                                                      0.000     0.000 r  
                                                      0.000     0.000 r  aclk (IN)
                         net (fo=934, unset)          0.013     0.013    aclk
                         FDRE                                         r  quant_s6_reg[7]/C
  -------------------------------------------------------------------    -------------------
                         FDRE (Prop_FDRE_C_Q)         0.038     0.051 r  quant_s6_reg[7]/Q
                         net (fo=0)                   0.000     0.051    m_axis_tdata[7]
                                                                      r  m_axis_tdata[7] (OUT)
  -------------------------------------------------------------------    -------------------

Slack:                    inf
  Source:                 quant_s6_reg[8]/C
                            (rising edge-triggered cell FDRE clocked by accelerator_clk  {rise@0.000ns fall@3.333ns period=6.667ns})
  Destination:            m_axis_tdata[8]
                            (output port)
  Path Group:             (none)
  Path Type:              Min at Fast Process Corner
  Data Path Delay:        0.038ns  (logic 0.038ns (100.000%)  route 0.000ns (0.000%))
  Logic Levels:           0  
  Clock Uncertainty:      0.025ns  ((TSJ^2 + TIJ^2)^1/2 + DJ) / 2 + PE
    Total System Jitter     (TSJ):    0.050ns
    Total Input Jitter      (TIJ):    0.000ns
    Discrete Jitter          (DJ):    0.000ns
    Phase Error              (PE):    0.000ns

    Location             Delay type                Incr(ns)  Path(ns)    Netlist Resource(s)
  -------------------------------------------------------------------    -------------------
                         (clock accelerator_clk rise edge)
                                                      0.000     0.000 r  
                                                      0.000     0.000 r  aclk (IN)
                         net (fo=934, unset)          0.013     0.013    aclk
                         FDRE                                         r  quant_s6_reg[8]/C
  -------------------------------------------------------------------    -------------------
                         FDRE (Prop_FDRE_C_Q)         0.038     0.051 r  quant_s6_reg[8]/Q
                         net (fo=0)                   0.000     0.051    m_axis_tdata[8]
                                                                      r  m_axis_tdata[8] (OUT)
  -------------------------------------------------------------------    -------------------

Slack:                    inf
  Source:                 quant_s6_reg[9]/C
                            (rising edge-triggered cell FDRE clocked by accelerator_clk  {rise@0.000ns fall@3.333ns period=6.667ns})
  Destination:            m_axis_tdata[9]
                            (output port)
  Path Group:             (none)
  Path Type:              Min at Fast Process Corner
  Data Path Delay:        0.038ns  (logic 0.038ns (100.000%)  route 0.000ns (0.000%))
  Logic Levels:           0  
  Clock Uncertainty:      0.025ns  ((TSJ^2 + TIJ^2)^1/2 + DJ) / 2 + PE
    Total System Jitter     (TSJ):    0.050ns
    Total Input Jitter      (TIJ):    0.000ns
    Discrete Jitter          (DJ):    0.000ns
    Phase Error              (PE):    0.000ns

    Location             Delay type                Incr(ns)  Path(ns)    Netlist Resource(s)
  -------------------------------------------------------------------    -------------------
                         (clock accelerator_clk rise edge)
                                                      0.000     0.000 r  
                                                      0.000     0.000 r  aclk (IN)
                         net (fo=934, unset)          0.013     0.013    aclk
                         FDRE                                         r  quant_s6_reg[9]/C
  -------------------------------------------------------------------    -------------------
                         FDRE (Prop_FDRE_C_Q)         0.038     0.051 r  quant_s6_reg[9]/Q
                         net (fo=0)                   0.000     0.051    m_axis_tdata[9]
                                                                      r  m_axis_tdata[9] (OUT)
  -------------------------------------------------------------------    -------------------

Slack:                    inf
  Source:                 last_s6_reg/C
                            (rising edge-triggered cell FDRE clocked by accelerator_clk  {rise@0.000ns fall@3.333ns period=6.667ns})
  Destination:            m_axis_tlast
                            (output port)
  Path Group:             (none)
  Path Type:              Min at Fast Process Corner
  Data Path Delay:        0.038ns  (logic 0.038ns (100.000%)  route 0.000ns (0.000%))
  Logic Levels:           0  
  Clock Uncertainty:      0.025ns  ((TSJ^2 + TIJ^2)^1/2 + DJ) / 2 + PE
    Total System Jitter     (TSJ):    0.050ns
    Total Input Jitter      (TIJ):    0.000ns
    Discrete Jitter          (DJ):    0.000ns
    Phase Error              (PE):    0.000ns

    Location             Delay type                Incr(ns)  Path(ns)    Netlist Resource(s)
  -------------------------------------------------------------------    -------------------
                         (clock accelerator_clk rise edge)
                                                      0.000     0.000 r  
                                                      0.000     0.000 r  aclk (IN)
                         net (fo=934, unset)          0.013     0.013    aclk
                         FDRE                                         r  last_s6_reg/C
  -------------------------------------------------------------------    -------------------
                         FDRE (Prop_FDRE_C_Q)         0.038     0.051 r  last_s6_reg/Q
                         net (fo=0)                   0.000     0.051    m_axis_tlast
                                                                      r  m_axis_tlast (OUT)
  -------------------------------------------------------------------    -------------------

Slack:                    inf
  Source:                 valid_s6_reg/C
                            (rising edge-triggered cell FDRE clocked by accelerator_clk  {rise@0.000ns fall@3.333ns period=6.667ns})
  Destination:            m_axis_tvalid
                            (output port)
  Path Group:             (none)
  Path Type:              Min at Fast Process Corner
  Data Path Delay:        0.038ns  (logic 0.038ns (100.000%)  route 0.000ns (0.000%))
  Logic Levels:           0  
  Clock Uncertainty:      0.025ns  ((TSJ^2 + TIJ^2)^1/2 + DJ) / 2 + PE
    Total System Jitter     (TSJ):    0.050ns
    Total Input Jitter      (TIJ):    0.000ns
    Discrete Jitter          (DJ):    0.000ns
    Phase Error              (PE):    0.000ns

    Location             Delay type                Incr(ns)  Path(ns)    Netlist Resource(s)
  -------------------------------------------------------------------    -------------------
                         (clock accelerator_clk rise edge)
                                                      0.000     0.000 r  
                                                      0.000     0.000 r  aclk (IN)
                         net (fo=934, unset)          0.013     0.013    aclk
                         FDRE                                         r  valid_s6_reg/C
  -------------------------------------------------------------------    -------------------
                         FDRE (Prop_FDRE_C_Q)         0.038     0.051 r  valid_s6_reg/Q
                         net (fo=10, unset)           0.000     0.051    m_axis_tvalid
                                                                      r  m_axis_tvalid (OUT)
  -------------------------------------------------------------------    -------------------

Slack:                    inf
  Source:                 valid_s6_reg/C
                            (rising edge-triggered cell FDRE clocked by accelerator_clk  {rise@0.000ns fall@3.333ns period=6.667ns})
  Destination:            s_axis_tready
                            (output port)
  Path Group:             (none)
  Path Type:              Min at Fast Process Corner
  Data Path Delay:        0.125ns  (logic 0.061ns (48.800%)  route 0.064ns (51.200%))
  Logic Levels:           1  (LUT3=1)
  Clock Uncertainty:      0.025ns  ((TSJ^2 + TIJ^2)^1/2 + DJ) / 2 + PE
    Total System Jitter     (TSJ):    0.050ns
    Total Input Jitter      (TIJ):    0.000ns
    Discrete Jitter          (DJ):    0.000ns
    Phase Error              (PE):    0.000ns

    Location             Delay type                Incr(ns)  Path(ns)    Netlist Resource(s)
  -------------------------------------------------------------------    -------------------
                         (clock accelerator_clk rise edge)
                                                      0.000     0.000 r  
                                                      0.000     0.000 r  aclk (IN)
                         net (fo=934, unset)          0.013     0.013    aclk
                         FDRE                                         r  valid_s6_reg/C
  -------------------------------------------------------------------    -------------------
                         FDRE (Prop_FDRE_C_Q)         0.038     0.051 f  valid_s6_reg/Q
                         net (fo=10, unplaced)        0.064     0.115    m_axis_tvalid
                         LUT3 (Prop_LUT3_I1_O)        0.023     0.138 r  s_axis_tready_INST_0/O
                         net (fo=0)                   0.000     0.138    s_axis_tready
                                                                      r  s_axis_tready (OUT)
  -------------------------------------------------------------------    -------------------





--------------------------------------------------------------------------------------
Path Group:  (none)
From Clock:  
  To Clock:  accelerator_clk

Max Delay          1408 Endpoints
Min Delay          1408 Endpoints
--------------------------------------------------------------------------------------


Max Delay Paths
--------------------------------------------------------------------------------------
Slack:                    inf
  Source:                 aresetn
                            (input port)
  Destination:            history_reg[0][0]/CE
                            (rising edge-triggered cell FDRE clocked by accelerator_clk  {rise@0.000ns fall@3.333ns period=6.667ns})
  Path Group:             (none)
  Path Type:              Setup (Max at Slow Process Corner)
  Data Path Delay:        0.362ns  (logic 0.100ns (27.624%)  route 0.262ns (72.376%))
  Logic Levels:           1  (LUT4=1)
  Clock Path Skew:        0.021ns (DCD - SCD + CPR)
    Destination Clock Delay (DCD):    0.021ns
    Source Clock Delay      (SCD):    0.000ns
    Clock Pessimism Removal (CPR):    0.000ns
  Clock Uncertainty:      0.025ns  ((TSJ^2 + TIJ^2)^1/2 + DJ) / 2 + PE
    Total System Jitter     (TSJ):    0.050ns
    Total Input Jitter      (TIJ):    0.000ns
    Discrete Jitter          (DJ):    0.000ns
    Phase Error              (PE):    0.000ns

    Location             Delay type                Incr(ns)  Path(ns)    Netlist Resource(s)
  -------------------------------------------------------------------    -------------------
                                                      0.000     0.000 r  aresetn (IN)
                         net (fo=3, unset)            0.000     0.000    aresetn
                         LUT4 (Prop_LUT4_I0_O)        0.100     0.100 r  history[0][15]_i_1/O
                         net (fo=510, unplaced)       0.262     0.362    history
                         FDRE                                         r  history_reg[0][0]/CE
  -------------------------------------------------------------------    -------------------

                         (clock accelerator_clk rise edge)
                                                      0.000     0.000 r  
                                                      0.000     0.000 r  aclk (IN)
                         net (fo=934, unset)          0.021     0.021    aclk
                         FDRE                                         r  history_reg[0][0]/C

Slack:                    inf
  Source:                 aresetn
                            (input port)
  Destination:            history_reg[0][10]/CE
                            (rising edge-triggered cell FDRE clocked by accelerator_clk  {rise@0.000ns fall@3.333ns period=6.667ns})
  Path Group:             (none)
  Path Type:              Setup (Max at Slow Process Corner)
  Data Path Delay:        0.362ns  (logic 0.100ns (27.624%)  route 0.262ns (72.376%))
  Logic Levels:           1  (LUT4=1)
  Clock Path Skew:        0.021ns (DCD - SCD + CPR)
    Destination Clock Delay (DCD):    0.021ns
    Source Clock Delay      (SCD):    0.000ns
    Clock Pessimism Removal (CPR):    0.000ns
  Clock Uncertainty:      0.025ns  ((TSJ^2 + TIJ^2)^1/2 + DJ) / 2 + PE
    Total System Jitter     (TSJ):    0.050ns
    Total Input Jitter      (TIJ):    0.000ns
    Discrete Jitter          (DJ):    0.000ns
    Phase Error              (PE):    0.000ns

    Location             Delay type                Incr(ns)  Path(ns)    Netlist Resource(s)
  -------------------------------------------------------------------    -------------------
                                                      0.000     0.000 r  aresetn (IN)
                         net (fo=3, unset)            0.000     0.000    aresetn
                         LUT4 (Prop_LUT4_I0_O)        0.100     0.100 r  history[0][15]_i_1/O
                         net (fo=510, unplaced)       0.262     0.362    history
                         FDRE                                         r  history_reg[0][10]/CE
  -------------------------------------------------------------------    -------------------

                         (clock accelerator_clk rise edge)
                                                      0.000     0.000 r  
                                                      0.000     0.000 r  aclk (IN)
                         net (fo=934, unset)          0.021     0.021    aclk
                         FDRE                                         r  history_reg[0][10]/C

Slack:                    inf
  Source:                 aresetn
                            (input port)
  Destination:            history_reg[0][11]/CE
                            (rising edge-triggered cell FDRE clocked by accelerator_clk  {rise@0.000ns fall@3.333ns period=6.667ns})
  Path Group:             (none)
  Path Type:              Setup (Max at Slow Process Corner)
  Data Path Delay:        0.362ns  (logic 0.100ns (27.624%)  route 0.262ns (72.376%))
  Logic Levels:           1  (LUT4=1)
  Clock Path Skew:        0.021ns (DCD - SCD + CPR)
    Destination Clock Delay (DCD):    0.021ns
    Source Clock Delay      (SCD):    0.000ns
    Clock Pessimism Removal (CPR):    0.000ns
  Clock Uncertainty:      0.025ns  ((TSJ^2 + TIJ^2)^1/2 + DJ) / 2 + PE
    Total System Jitter     (TSJ):    0.050ns
    Total Input Jitter      (TIJ):    0.000ns
    Discrete Jitter          (DJ):    0.000ns
    Phase Error              (PE):    0.000ns

    Location             Delay type                Incr(ns)  Path(ns)    Netlist Resource(s)
  -------------------------------------------------------------------    -------------------
                                                      0.000     0.000 r  aresetn (IN)
                         net (fo=3, unset)            0.000     0.000    aresetn
                         LUT4 (Prop_LUT4_I0_O)        0.100     0.100 r  history[0][15]_i_1/O
                         net (fo=510, unplaced)       0.262     0.362    history
                         FDRE                                         r  history_reg[0][11]/CE
  -------------------------------------------------------------------    -------------------

                         (clock accelerator_clk rise edge)
                                                      0.000     0.000 r  
                                                      0.000     0.000 r  aclk (IN)
                         net (fo=934, unset)          0.021     0.021    aclk
                         FDRE                                         r  history_reg[0][11]/C

Slack:                    inf
  Source:                 aresetn
                            (input port)
  Destination:            history_reg[0][12]/CE
                            (rising edge-triggered cell FDRE clocked by accelerator_clk  {rise@0.000ns fall@3.333ns period=6.667ns})
  Path Group:             (none)
  Path Type:              Setup (Max at Slow Process Corner)
  Data Path Delay:        0.362ns  (logic 0.100ns (27.624%)  route 0.262ns (72.376%))
  Logic Levels:           1  (LUT4=1)
  Clock Path Skew:        0.021ns (DCD - SCD + CPR)
    Destination Clock Delay (DCD):    0.021ns
    Source Clock Delay      (SCD):    0.000ns
    Clock Pessimism Removal (CPR):    0.000ns
  Clock Uncertainty:      0.025ns  ((TSJ^2 + TIJ^2)^1/2 + DJ) / 2 + PE
    Total System Jitter     (TSJ):    0.050ns
    Total Input Jitter      (TIJ):    0.000ns
    Discrete Jitter          (DJ):    0.000ns
    Phase Error              (PE):    0.000ns

    Location             Delay type                Incr(ns)  Path(ns)    Netlist Resource(s)
  -------------------------------------------------------------------    -------------------
                                                      0.000     0.000 r  aresetn (IN)
                         net (fo=3, unset)            0.000     0.000    aresetn
                         LUT4 (Prop_LUT4_I0_O)        0.100     0.100 r  history[0][15]_i_1/O
                         net (fo=510, unplaced)       0.262     0.362    history
                         FDRE                                         r  history_reg[0][12]/CE
  -------------------------------------------------------------------    -------------------

                         (clock accelerator_clk rise edge)
                                                      0.000     0.000 r  
                                                      0.000     0.000 r  aclk (IN)
                         net (fo=934, unset)          0.021     0.021    aclk
                         FDRE                                         r  history_reg[0][12]/C

Slack:                    inf
  Source:                 aresetn
                            (input port)
  Destination:            history_reg[0][13]/CE
                            (rising edge-triggered cell FDRE clocked by accelerator_clk  {rise@0.000ns fall@3.333ns period=6.667ns})
  Path Group:             (none)
  Path Type:              Setup (Max at Slow Process Corner)
  Data Path Delay:        0.362ns  (logic 0.100ns (27.624%)  route 0.262ns (72.376%))
  Logic Levels:           1  (LUT4=1)
  Clock Path Skew:        0.021ns (DCD - SCD + CPR)
    Destination Clock Delay (DCD):    0.021ns
    Source Clock Delay      (SCD):    0.000ns
    Clock Pessimism Removal (CPR):    0.000ns
  Clock Uncertainty:      0.025ns  ((TSJ^2 + TIJ^2)^1/2 + DJ) / 2 + PE
    Total System Jitter     (TSJ):    0.050ns
    Total Input Jitter      (TIJ):    0.000ns
    Discrete Jitter          (DJ):    0.000ns
    Phase Error              (PE):    0.000ns

    Location             Delay type                Incr(ns)  Path(ns)    Netlist Resource(s)
  -------------------------------------------------------------------    -------------------
                                                      0.000     0.000 r  aresetn (IN)
                         net (fo=3, unset)            0.000     0.000    aresetn
                         LUT4 (Prop_LUT4_I0_O)        0.100     0.100 r  history[0][15]_i_1/O
                         net (fo=510, unplaced)       0.262     0.362    history
                         FDRE                                         r  history_reg[0][13]/CE
  -------------------------------------------------------------------    -------------------

                         (clock accelerator_clk rise edge)
                                                      0.000     0.000 r  
                                                      0.000     0.000 r  aclk (IN)
                         net (fo=934, unset)          0.021     0.021    aclk
                         FDRE                                         r  history_reg[0][13]/C

Slack:                    inf
  Source:                 aresetn
                            (input port)
  Destination:            history_reg[0][14]/CE
                            (rising edge-triggered cell FDRE clocked by accelerator_clk  {rise@0.000ns fall@3.333ns period=6.667ns})
  Path Group:             (none)
  Path Type:              Setup (Max at Slow Process Corner)
  Data Path Delay:        0.362ns  (logic 0.100ns (27.624%)  route 0.262ns (72.376%))
  Logic Levels:           1  (LUT4=1)
  Clock Path Skew:        0.021ns (DCD - SCD + CPR)
    Destination Clock Delay (DCD):    0.021ns
    Source Clock Delay      (SCD):    0.000ns
    Clock Pessimism Removal (CPR):    0.000ns
  Clock Uncertainty:      0.025ns  ((TSJ^2 + TIJ^2)^1/2 + DJ) / 2 + PE
    Total System Jitter     (TSJ):    0.050ns
    Total Input Jitter      (TIJ):    0.000ns
    Discrete Jitter          (DJ):    0.000ns
    Phase Error              (PE):    0.000ns

    Location             Delay type                Incr(ns)  Path(ns)    Netlist Resource(s)
  -------------------------------------------------------------------    -------------------
                                                      0.000     0.000 r  aresetn (IN)
                         net (fo=3, unset)            0.000     0.000    aresetn
                         LUT4 (Prop_LUT4_I0_O)        0.100     0.100 r  history[0][15]_i_1/O
                         net (fo=510, unplaced)       0.262     0.362    history
                         FDRE                                         r  history_reg[0][14]/CE
  -------------------------------------------------------------------    -------------------

                         (clock accelerator_clk rise edge)
                                                      0.000     0.000 r  
                                                      0.000     0.000 r  aclk (IN)
                         net (fo=934, unset)          0.021     0.021    aclk
                         FDRE                                         r  history_reg[0][14]/C

Slack:                    inf
  Source:                 aresetn
                            (input port)
  Destination:            history_reg[0][15]/CE
                            (rising edge-triggered cell FDRE clocked by accelerator_clk  {rise@0.000ns fall@3.333ns period=6.667ns})
  Path Group:             (none)
  Path Type:              Setup (Max at Slow Process Corner)
  Data Path Delay:        0.362ns  (logic 0.100ns (27.624%)  route 0.262ns (72.376%))
  Logic Levels:           1  (LUT4=1)
  Clock Path Skew:        0.021ns (DCD - SCD + CPR)
    Destination Clock Delay (DCD):    0.021ns
    Source Clock Delay      (SCD):    0.000ns
    Clock Pessimism Removal (CPR):    0.000ns
  Clock Uncertainty:      0.025ns  ((TSJ^2 + TIJ^2)^1/2 + DJ) / 2 + PE
    Total System Jitter     (TSJ):    0.050ns
    Total Input Jitter      (TIJ):    0.000ns
    Discrete Jitter          (DJ):    0.000ns
    Phase Error              (PE):    0.000ns

    Location             Delay type                Incr(ns)  Path(ns)    Netlist Resource(s)
  -------------------------------------------------------------------    -------------------
                                                      0.000     0.000 r  aresetn (IN)
                         net (fo=3, unset)            0.000     0.000    aresetn
                         LUT4 (Prop_LUT4_I0_O)        0.100     0.100 r  history[0][15]_i_1/O
                         net (fo=510, unplaced)       0.262     0.362    history
                         FDRE                                         r  history_reg[0][15]/CE
  -------------------------------------------------------------------    -------------------

                         (clock accelerator_clk rise edge)
                                                      0.000     0.000 r  
                                                      0.000     0.000 r  aclk (IN)
                         net (fo=934, unset)          0.021     0.021    aclk
                         FDRE                                         r  history_reg[0][15]/C

Slack:                    inf
  Source:                 aresetn
                            (input port)
  Destination:            history_reg[0][1]/CE
                            (rising edge-triggered cell FDRE clocked by accelerator_clk  {rise@0.000ns fall@3.333ns period=6.667ns})
  Path Group:             (none)
  Path Type:              Setup (Max at Slow Process Corner)
  Data Path Delay:        0.362ns  (logic 0.100ns (27.624%)  route 0.262ns (72.376%))
  Logic Levels:           1  (LUT4=1)
  Clock Path Skew:        0.021ns (DCD - SCD + CPR)
    Destination Clock Delay (DCD):    0.021ns
    Source Clock Delay      (SCD):    0.000ns
    Clock Pessimism Removal (CPR):    0.000ns
  Clock Uncertainty:      0.025ns  ((TSJ^2 + TIJ^2)^1/2 + DJ) / 2 + PE
    Total System Jitter     (TSJ):    0.050ns
    Total Input Jitter      (TIJ):    0.000ns
    Discrete Jitter          (DJ):    0.000ns
    Phase Error              (PE):    0.000ns

    Location             Delay type                Incr(ns)  Path(ns)    Netlist Resource(s)
  -------------------------------------------------------------------    -------------------
                                                      0.000     0.000 r  aresetn (IN)
                         net (fo=3, unset)            0.000     0.000    aresetn
                         LUT4 (Prop_LUT4_I0_O)        0.100     0.100 r  history[0][15]_i_1/O
                         net (fo=510, unplaced)       0.262     0.362    history
                         FDRE                                         r  history_reg[0][1]/CE
  -------------------------------------------------------------------    -------------------

                         (clock accelerator_clk rise edge)
                                                      0.000     0.000 r  
                                                      0.000     0.000 r  aclk (IN)
                         net (fo=934, unset)          0.021     0.021    aclk
                         FDRE                                         r  history_reg[0][1]/C

Slack:                    inf
  Source:                 aresetn
                            (input port)
  Destination:            history_reg[0][2]/CE
                            (rising edge-triggered cell FDRE clocked by accelerator_clk  {rise@0.000ns fall@3.333ns period=6.667ns})
  Path Group:             (none)
  Path Type:              Setup (Max at Slow Process Corner)
  Data Path Delay:        0.362ns  (logic 0.100ns (27.624%)  route 0.262ns (72.376%))
  Logic Levels:           1  (LUT4=1)
  Clock Path Skew:        0.021ns (DCD - SCD + CPR)
    Destination Clock Delay (DCD):    0.021ns
    Source Clock Delay      (SCD):    0.000ns
    Clock Pessimism Removal (CPR):    0.000ns
  Clock Uncertainty:      0.025ns  ((TSJ^2 + TIJ^2)^1/2 + DJ) / 2 + PE
    Total System Jitter     (TSJ):    0.050ns
    Total Input Jitter      (TIJ):    0.000ns
    Discrete Jitter          (DJ):    0.000ns
    Phase Error              (PE):    0.000ns

    Location             Delay type                Incr(ns)  Path(ns)    Netlist Resource(s)
  -------------------------------------------------------------------    -------------------
                                                      0.000     0.000 r  aresetn (IN)
                         net (fo=3, unset)            0.000     0.000    aresetn
                         LUT4 (Prop_LUT4_I0_O)        0.100     0.100 r  history[0][15]_i_1/O
                         net (fo=510, unplaced)       0.262     0.362    history
                         FDRE                                         r  history_reg[0][2]/CE
  -------------------------------------------------------------------    -------------------

                         (clock accelerator_clk rise edge)
                                                      0.000     0.000 r  
                                                      0.000     0.000 r  aclk (IN)
                         net (fo=934, unset)          0.021     0.021    aclk
                         FDRE                                         r  history_reg[0][2]/C

Slack:                    inf
  Source:                 aresetn
                            (input port)
  Destination:            history_reg[0][3]/CE
                            (rising edge-triggered cell FDRE clocked by accelerator_clk  {rise@0.000ns fall@3.333ns period=6.667ns})
  Path Group:             (none)
  Path Type:              Setup (Max at Slow Process Corner)
  Data Path Delay:        0.362ns  (logic 0.100ns (27.624%)  route 0.262ns (72.376%))
  Logic Levels:           1  (LUT4=1)
  Clock Path Skew:        0.021ns (DCD - SCD + CPR)
    Destination Clock Delay (DCD):    0.021ns
    Source Clock Delay      (SCD):    0.000ns
    Clock Pessimism Removal (CPR):    0.000ns
  Clock Uncertainty:      0.025ns  ((TSJ^2 + TIJ^2)^1/2 + DJ) / 2 + PE
    Total System Jitter     (TSJ):    0.050ns
    Total Input Jitter      (TIJ):    0.000ns
    Discrete Jitter          (DJ):    0.000ns
    Phase Error              (PE):    0.000ns

    Location             Delay type                Incr(ns)  Path(ns)    Netlist Resource(s)
  -------------------------------------------------------------------    -------------------
                                                      0.000     0.000 r  aresetn (IN)
                         net (fo=3, unset)            0.000     0.000    aresetn
                         LUT4 (Prop_LUT4_I0_O)        0.100     0.100 r  history[0][15]_i_1/O
                         net (fo=510, unplaced)       0.262     0.362    history
                         FDRE                                         r  history_reg[0][3]/CE
  -------------------------------------------------------------------    -------------------

                         (clock accelerator_clk rise edge)
                                                      0.000     0.000 r  
                                                      0.000     0.000 r  aclk (IN)
                         net (fo=934, unset)          0.021     0.021    aclk
                         FDRE                                         r  history_reg[0][3]/C

Slack:                    inf
  Source:                 aresetn
                            (input port)
  Destination:            history_reg[0][4]/CE
                            (rising edge-triggered cell FDRE clocked by accelerator_clk  {rise@0.000ns fall@3.333ns period=6.667ns})
  Path Group:             (none)
  Path Type:              Setup (Max at Slow Process Corner)
  Data Path Delay:        0.362ns  (logic 0.100ns (27.624%)  route 0.262ns (72.376%))
  Logic Levels:           1  (LUT4=1)
  Clock Path Skew:        0.021ns (DCD - SCD + CPR)
    Destination Clock Delay (DCD):    0.021ns
    Source Clock Delay      (SCD):    0.000ns
    Clock Pessimism Removal (CPR):    0.000ns
  Clock Uncertainty:      0.025ns  ((TSJ^2 + TIJ^2)^1/2 + DJ) / 2 + PE
    Total System Jitter     (TSJ):    0.050ns
    Total Input Jitter      (TIJ):    0.000ns
    Discrete Jitter          (DJ):    0.000ns
    Phase Error              (PE):    0.000ns

    Location             Delay type                Incr(ns)  Path(ns)    Netlist Resource(s)
  -------------------------------------------------------------------    -------------------
                                                      0.000     0.000 r  aresetn (IN)
                         net (fo=3, unset)            0.000     0.000    aresetn
                         LUT4 (Prop_LUT4_I0_O)        0.100     0.100 r  history[0][15]_i_1/O
                         net (fo=510, unplaced)       0.262     0.362    history
                         FDRE                                         r  history_reg[0][4]/CE
  -------------------------------------------------------------------    -------------------

                         (clock accelerator_clk rise edge)
                                                      0.000     0.000 r  
                                                      0.000     0.000 r  aclk (IN)
                         net (fo=934, unset)          0.021     0.021    aclk
                         FDRE                                         r  history_reg[0][4]/C

Slack:                    inf
  Source:                 aresetn
                            (input port)
  Destination:            history_reg[0][5]/CE
                            (rising edge-triggered cell FDRE clocked by accelerator_clk  {rise@0.000ns fall@3.333ns period=6.667ns})
  Path Group:             (none)
  Path Type:              Setup (Max at Slow Process Corner)
  Data Path Delay:        0.362ns  (logic 0.100ns (27.624%)  route 0.262ns (72.376%))
  Logic Levels:           1  (LUT4=1)
  Clock Path Skew:        0.021ns (DCD - SCD + CPR)
    Destination Clock Delay (DCD):    0.021ns
    Source Clock Delay      (SCD):    0.000ns
    Clock Pessimism Removal (CPR):    0.000ns
  Clock Uncertainty:      0.025ns  ((TSJ^2 + TIJ^2)^1/2 + DJ) / 2 + PE
    Total System Jitter     (TSJ):    0.050ns
    Total Input Jitter      (TIJ):    0.000ns
    Discrete Jitter          (DJ):    0.000ns
    Phase Error              (PE):    0.000ns

    Location             Delay type                Incr(ns)  Path(ns)    Netlist Resource(s)
  -------------------------------------------------------------------    -------------------
                                                      0.000     0.000 r  aresetn (IN)
                         net (fo=3, unset)            0.000     0.000    aresetn
                         LUT4 (Prop_LUT4_I0_O)        0.100     0.100 r  history[0][15]_i_1/O
                         net (fo=510, unplaced)       0.262     0.362    history
                         FDRE                                         r  history_reg[0][5]/CE
  -------------------------------------------------------------------    -------------------

                         (clock accelerator_clk rise edge)
                                                      0.000     0.000 r  
                                                      0.000     0.000 r  aclk (IN)
                         net (fo=934, unset)          0.021     0.021    aclk
                         FDRE                                         r  history_reg[0][5]/C

Slack:                    inf
  Source:                 aresetn
                            (input port)
  Destination:            history_reg[0][6]/CE
                            (rising edge-triggered cell FDRE clocked by accelerator_clk  {rise@0.000ns fall@3.333ns period=6.667ns})
  Path Group:             (none)
  Path Type:              Setup (Max at Slow Process Corner)
  Data Path Delay:        0.362ns  (logic 0.100ns (27.624%)  route 0.262ns (72.376%))
  Logic Levels:           1  (LUT4=1)
  Clock Path Skew:        0.021ns (DCD - SCD + CPR)
    Destination Clock Delay (DCD):    0.021ns
    Source Clock Delay      (SCD):    0.000ns
    Clock Pessimism Removal (CPR):    0.000ns
  Clock Uncertainty:      0.025ns  ((TSJ^2 + TIJ^2)^1/2 + DJ) / 2 + PE
    Total System Jitter     (TSJ):    0.050ns
    Total Input Jitter      (TIJ):    0.000ns
    Discrete Jitter          (DJ):    0.000ns
    Phase Error              (PE):    0.000ns

    Location             Delay type                Incr(ns)  Path(ns)    Netlist Resource(s)
  -------------------------------------------------------------------    -------------------
                                                      0.000     0.000 r  aresetn (IN)
                         net (fo=3, unset)            0.000     0.000    aresetn
                         LUT4 (Prop_LUT4_I0_O)        0.100     0.100 r  history[0][15]_i_1/O
                         net (fo=510, unplaced)       0.262     0.362    history
                         FDRE                                         r  history_reg[0][6]/CE
  -------------------------------------------------------------------    -------------------

                         (clock accelerator_clk rise edge)
                                                      0.000     0.000 r  
                                                      0.000     0.000 r  aclk (IN)
                         net (fo=934, unset)          0.021     0.021    aclk
                         FDRE                                         r  history_reg[0][6]/C

Slack:                    inf
  Source:                 aresetn
                            (input port)
  Destination:            history_reg[0][7]/CE
                            (rising edge-triggered cell FDRE clocked by accelerator_clk  {rise@0.000ns fall@3.333ns period=6.667ns})
  Path Group:             (none)
  Path Type:              Setup (Max at Slow Process Corner)
  Data Path Delay:        0.362ns  (logic 0.100ns (27.624%)  route 0.262ns (72.376%))
  Logic Levels:           1  (LUT4=1)
  Clock Path Skew:        0.021ns (DCD - SCD + CPR)
    Destination Clock Delay (DCD):    0.021ns
    Source Clock Delay      (SCD):    0.000ns
    Clock Pessimism Removal (CPR):    0.000ns
  Clock Uncertainty:      0.025ns  ((TSJ^2 + TIJ^2)^1/2 + DJ) / 2 + PE
    Total System Jitter     (TSJ):    0.050ns
    Total Input Jitter      (TIJ):    0.000ns
    Discrete Jitter          (DJ):    0.000ns
    Phase Error              (PE):    0.000ns

    Location             Delay type                Incr(ns)  Path(ns)    Netlist Resource(s)
  -------------------------------------------------------------------    -------------------
                                                      0.000     0.000 r  aresetn (IN)
                         net (fo=3, unset)            0.000     0.000    aresetn
                         LUT4 (Prop_LUT4_I0_O)        0.100     0.100 r  history[0][15]_i_1/O
                         net (fo=510, unplaced)       0.262     0.362    history
                         FDRE                                         r  history_reg[0][7]/CE
  -------------------------------------------------------------------    -------------------

                         (clock accelerator_clk rise edge)
                                                      0.000     0.000 r  
                                                      0.000     0.000 r  aclk (IN)
                         net (fo=934, unset)          0.021     0.021    aclk
                         FDRE                                         r  history_reg[0][7]/C

Slack:                    inf
  Source:                 aresetn
                            (input port)
  Destination:            history_reg[0][8]/CE
                            (rising edge-triggered cell FDRE clocked by accelerator_clk  {rise@0.000ns fall@3.333ns period=6.667ns})
  Path Group:             (none)
  Path Type:              Setup (Max at Slow Process Corner)
  Data Path Delay:        0.362ns  (logic 0.100ns (27.624%)  route 0.262ns (72.376%))
  Logic Levels:           1  (LUT4=1)
  Clock Path Skew:        0.021ns (DCD - SCD + CPR)
    Destination Clock Delay (DCD):    0.021ns
    Source Clock Delay      (SCD):    0.000ns
    Clock Pessimism Removal (CPR):    0.000ns
  Clock Uncertainty:      0.025ns  ((TSJ^2 + TIJ^2)^1/2 + DJ) / 2 + PE
    Total System Jitter     (TSJ):    0.050ns
    Total Input Jitter      (TIJ):    0.000ns
    Discrete Jitter          (DJ):    0.000ns
    Phase Error              (PE):    0.000ns

    Location             Delay type                Incr(ns)  Path(ns)    Netlist Resource(s)
  -------------------------------------------------------------------    -------------------
                                                      0.000     0.000 r  aresetn (IN)
                         net (fo=3, unset)            0.000     0.000    aresetn
                         LUT4 (Prop_LUT4_I0_O)        0.100     0.100 r  history[0][15]_i_1/O
                         net (fo=510, unplaced)       0.262     0.362    history
                         FDRE                                         r  history_reg[0][8]/CE
  -------------------------------------------------------------------    -------------------

                         (clock accelerator_clk rise edge)
                                                      0.000     0.000 r  
                                                      0.000     0.000 r  aclk (IN)
                         net (fo=934, unset)          0.021     0.021    aclk
                         FDRE                                         r  history_reg[0][8]/C

Slack:                    inf
  Source:                 aresetn
                            (input port)
  Destination:            history_reg[0][9]/CE
                            (rising edge-triggered cell FDRE clocked by accelerator_clk  {rise@0.000ns fall@3.333ns period=6.667ns})
  Path Group:             (none)
  Path Type:              Setup (Max at Slow Process Corner)
  Data Path Delay:        0.362ns  (logic 0.100ns (27.624%)  route 0.262ns (72.376%))
  Logic Levels:           1  (LUT4=1)
  Clock Path Skew:        0.021ns (DCD - SCD + CPR)
    Destination Clock Delay (DCD):    0.021ns
    Source Clock Delay      (SCD):    0.000ns
    Clock Pessimism Removal (CPR):    0.000ns
  Clock Uncertainty:      0.025ns  ((TSJ^2 + TIJ^2)^1/2 + DJ) / 2 + PE
    Total System Jitter     (TSJ):    0.050ns
    Total Input Jitter      (TIJ):    0.000ns
    Discrete Jitter          (DJ):    0.000ns
    Phase Error              (PE):    0.000ns

    Location             Delay type                Incr(ns)  Path(ns)    Netlist Resource(s)
  -------------------------------------------------------------------    -------------------
                                                      0.000     0.000 r  aresetn (IN)
                         net (fo=3, unset)            0.000     0.000    aresetn
                         LUT4 (Prop_LUT4_I0_O)        0.100     0.100 r  history[0][15]_i_1/O
                         net (fo=510, unplaced)       0.262     0.362    history
                         FDRE                                         r  history_reg[0][9]/CE
  -------------------------------------------------------------------    -------------------

                         (clock accelerator_clk rise edge)
                                                      0.000     0.000 r  
                                                      0.000     0.000 r  aclk (IN)
                         net (fo=934, unset)          0.021     0.021    aclk
                         FDRE                                         r  history_reg[0][9]/C

Slack:                    inf
  Source:                 aresetn
                            (input port)
  Destination:            history_reg[10][0]/CE
                            (rising edge-triggered cell FDRE clocked by accelerator_clk  {rise@0.000ns fall@3.333ns period=6.667ns})
  Path Group:             (none)
  Path Type:              Setup (Max at Slow Process Corner)
  Data Path Delay:        0.362ns  (logic 0.100ns (27.624%)  route 0.262ns (72.376%))
  Logic Levels:           1  (LUT4=1)
  Clock Path Skew:        0.021ns (DCD - SCD + CPR)
    Destination Clock Delay (DCD):    0.021ns
    Source Clock Delay      (SCD):    0.000ns
    Clock Pessimism Removal (CPR):    0.000ns
  Clock Uncertainty:      0.025ns  ((TSJ^2 + TIJ^2)^1/2 + DJ) / 2 + PE
    Total System Jitter     (TSJ):    0.050ns
    Total Input Jitter      (TIJ):    0.000ns
    Discrete Jitter          (DJ):    0.000ns
    Phase Error              (PE):    0.000ns

    Location             Delay type                Incr(ns)  Path(ns)    Netlist Resource(s)
  -------------------------------------------------------------------    -------------------
                                                      0.000     0.000 r  aresetn (IN)
                         net (fo=3, unset)            0.000     0.000    aresetn
                         LUT4 (Prop_LUT4_I0_O)        0.100     0.100 r  history[0][15]_i_1/O
                         net (fo=510, unplaced)       0.262     0.362    history
                         FDRE                                         r  history_reg[10][0]/CE
  -------------------------------------------------------------------    -------------------

                         (clock accelerator_clk rise edge)
                                                      0.000     0.000 r  
                                                      0.000     0.000 r  aclk (IN)
                         net (fo=934, unset)          0.021     0.021    aclk
                         FDRE                                         r  history_reg[10][0]/C

Slack:                    inf
  Source:                 aresetn
                            (input port)
  Destination:            history_reg[10][10]/CE
                            (rising edge-triggered cell FDRE clocked by accelerator_clk  {rise@0.000ns fall@3.333ns period=6.667ns})
  Path Group:             (none)
  Path Type:              Setup (Max at Slow Process Corner)
  Data Path Delay:        0.362ns  (logic 0.100ns (27.624%)  route 0.262ns (72.376%))
  Logic Levels:           1  (LUT4=1)
  Clock Path Skew:        0.021ns (DCD - SCD + CPR)
    Destination Clock Delay (DCD):    0.021ns
    Source Clock Delay      (SCD):    0.000ns
    Clock Pessimism Removal (CPR):    0.000ns
  Clock Uncertainty:      0.025ns  ((TSJ^2 + TIJ^2)^1/2 + DJ) / 2 + PE
    Total System Jitter     (TSJ):    0.050ns
    Total Input Jitter      (TIJ):    0.000ns
    Discrete Jitter          (DJ):    0.000ns
    Phase Error              (PE):    0.000ns

    Location             Delay type                Incr(ns)  Path(ns)    Netlist Resource(s)
  -------------------------------------------------------------------    -------------------
                                                      0.000     0.000 r  aresetn (IN)
                         net (fo=3, unset)            0.000     0.000    aresetn
                         LUT4 (Prop_LUT4_I0_O)        0.100     0.100 r  history[0][15]_i_1/O
                         net (fo=510, unplaced)       0.262     0.362    history
                         FDRE                                         r  history_reg[10][10]/CE
  -------------------------------------------------------------------    -------------------

                         (clock accelerator_clk rise edge)
                                                      0.000     0.000 r  
                                                      0.000     0.000 r  aclk (IN)
                         net (fo=934, unset)          0.021     0.021    aclk
                         FDRE                                         r  history_reg[10][10]/C

Slack:                    inf
  Source:                 aresetn
                            (input port)
  Destination:            history_reg[10][11]/CE
                            (rising edge-triggered cell FDRE clocked by accelerator_clk  {rise@0.000ns fall@3.333ns period=6.667ns})
  Path Group:             (none)
  Path Type:              Setup (Max at Slow Process Corner)
  Data Path Delay:        0.362ns  (logic 0.100ns (27.624%)  route 0.262ns (72.376%))
  Logic Levels:           1  (LUT4=1)
  Clock Path Skew:        0.021ns (DCD - SCD + CPR)
    Destination Clock Delay (DCD):    0.021ns
    Source Clock Delay      (SCD):    0.000ns
    Clock Pessimism Removal (CPR):    0.000ns
  Clock Uncertainty:      0.025ns  ((TSJ^2 + TIJ^2)^1/2 + DJ) / 2 + PE
    Total System Jitter     (TSJ):    0.050ns
    Total Input Jitter      (TIJ):    0.000ns
    Discrete Jitter          (DJ):    0.000ns
    Phase Error              (PE):    0.000ns

    Location             Delay type                Incr(ns)  Path(ns)    Netlist Resource(s)
  -------------------------------------------------------------------    -------------------
                                                      0.000     0.000 r  aresetn (IN)
                         net (fo=3, unset)            0.000     0.000    aresetn
                         LUT4 (Prop_LUT4_I0_O)        0.100     0.100 r  history[0][15]_i_1/O
                         net (fo=510, unplaced)       0.262     0.362    history
                         FDRE                                         r  history_reg[10][11]/CE
  -------------------------------------------------------------------    -------------------

                         (clock accelerator_clk rise edge)
                                                      0.000     0.000 r  
                                                      0.000     0.000 r  aclk (IN)
                         net (fo=934, unset)          0.021     0.021    aclk
                         FDRE                                         r  history_reg[10][11]/C

Slack:                    inf
  Source:                 aresetn
                            (input port)
  Destination:            history_reg[10][12]/CE
                            (rising edge-triggered cell FDRE clocked by accelerator_clk  {rise@0.000ns fall@3.333ns period=6.667ns})
  Path Group:             (none)
  Path Type:              Setup (Max at Slow Process Corner)
  Data Path Delay:        0.362ns  (logic 0.100ns (27.624%)  route 0.262ns (72.376%))
  Logic Levels:           1  (LUT4=1)
  Clock Path Skew:        0.021ns (DCD - SCD + CPR)
    Destination Clock Delay (DCD):    0.021ns
    Source Clock Delay      (SCD):    0.000ns
    Clock Pessimism Removal (CPR):    0.000ns
  Clock Uncertainty:      0.025ns  ((TSJ^2 + TIJ^2)^1/2 + DJ) / 2 + PE
    Total System Jitter     (TSJ):    0.050ns
    Total Input Jitter      (TIJ):    0.000ns
    Discrete Jitter          (DJ):    0.000ns
    Phase Error              (PE):    0.000ns

    Location             Delay type                Incr(ns)  Path(ns)    Netlist Resource(s)
  -------------------------------------------------------------------    -------------------
                                                      0.000     0.000 r  aresetn (IN)
                         net (fo=3, unset)            0.000     0.000    aresetn
                         LUT4 (Prop_LUT4_I0_O)        0.100     0.100 r  history[0][15]_i_1/O
                         net (fo=510, unplaced)       0.262     0.362    history
                         FDRE                                         r  history_reg[10][12]/CE
  -------------------------------------------------------------------    -------------------

                         (clock accelerator_clk rise edge)
                                                      0.000     0.000 r  
                                                      0.000     0.000 r  aclk (IN)
                         net (fo=934, unset)          0.021     0.021    aclk
                         FDRE                                         r  history_reg[10][12]/C





Min Delay Paths
--------------------------------------------------------------------------------------
Slack:                    inf
  Source:                 s_axis_tdata[0]
                            (input port)
  Destination:            history_reg[0][0]/D
                            (rising edge-triggered cell FDRE clocked by accelerator_clk  {rise@0.000ns fall@3.333ns period=6.667ns})
  Path Group:             (none)
  Path Type:              Hold (Min at Fast Process Corner)
  Data Path Delay:        0.009ns  (logic 0.000ns (0.000%)  route 0.009ns (100.000%))
  Logic Levels:           0  
  Clock Path Skew:        0.019ns (DCD - SCD - CPR)
    Destination Clock Delay (DCD):    0.019ns
    Source Clock Delay      (SCD):    0.000ns
    Clock Pessimism Removal (CPR):    -0.000ns

    Location             Delay type                Incr(ns)  Path(ns)    Netlist Resource(s)
  -------------------------------------------------------------------    -------------------
                                                      0.000     0.000 r  s_axis_tdata[0] (IN)
                         net (fo=3, unset)            0.009     0.009    s_axis_tdata[0]
                         FDRE                                         r  history_reg[0][0]/D
  -------------------------------------------------------------------    -------------------

                         (clock accelerator_clk rise edge)
                                                      0.000     0.000 r  
                                                      0.000     0.000 r  aclk (IN)
                         net (fo=934, unset)          0.019     0.019    aclk
                         FDRE                                         r  history_reg[0][0]/C

Slack:                    inf
  Source:                 s_axis_tdata[10]
                            (input port)
  Destination:            history_reg[0][10]/D
                            (rising edge-triggered cell FDRE clocked by accelerator_clk  {rise@0.000ns fall@3.333ns period=6.667ns})
  Path Group:             (none)
  Path Type:              Hold (Min at Fast Process Corner)
  Data Path Delay:        0.009ns  (logic 0.000ns (0.000%)  route 0.009ns (100.000%))
  Logic Levels:           0  
  Clock Path Skew:        0.019ns (DCD - SCD - CPR)
    Destination Clock Delay (DCD):    0.019ns
    Source Clock Delay      (SCD):    0.000ns
    Clock Pessimism Removal (CPR):    -0.000ns

    Location             Delay type                Incr(ns)  Path(ns)    Netlist Resource(s)
  -------------------------------------------------------------------    -------------------
                                                      0.000     0.000 r  s_axis_tdata[10] (IN)
                         net (fo=3, unset)            0.009     0.009    s_axis_tdata[10]
                         FDRE                                         r  history_reg[0][10]/D
  -------------------------------------------------------------------    -------------------

                         (clock accelerator_clk rise edge)
                                                      0.000     0.000 r  
                                                      0.000     0.000 r  aclk (IN)
                         net (fo=934, unset)          0.019     0.019    aclk
                         FDRE                                         r  history_reg[0][10]/C

Slack:                    inf
  Source:                 s_axis_tdata[11]
                            (input port)
  Destination:            history_reg[0][11]/D
                            (rising edge-triggered cell FDRE clocked by accelerator_clk  {rise@0.000ns fall@3.333ns period=6.667ns})
  Path Group:             (none)
  Path Type:              Hold (Min at Fast Process Corner)
  Data Path Delay:        0.009ns  (logic 0.000ns (0.000%)  route 0.009ns (100.000%))
  Logic Levels:           0  
  Clock Path Skew:        0.019ns (DCD - SCD - CPR)
    Destination Clock Delay (DCD):    0.019ns
    Source Clock Delay      (SCD):    0.000ns
    Clock Pessimism Removal (CPR):    -0.000ns

    Location             Delay type                Incr(ns)  Path(ns)    Netlist Resource(s)
  -------------------------------------------------------------------    -------------------
                                                      0.000     0.000 r  s_axis_tdata[11] (IN)
                         net (fo=3, unset)            0.009     0.009    s_axis_tdata[11]
                         FDRE                                         r  history_reg[0][11]/D
  -------------------------------------------------------------------    -------------------

                         (clock accelerator_clk rise edge)
                                                      0.000     0.000 r  
                                                      0.000     0.000 r  aclk (IN)
                         net (fo=934, unset)          0.019     0.019    aclk
                         FDRE                                         r  history_reg[0][11]/C

Slack:                    inf
  Source:                 s_axis_tdata[12]
                            (input port)
  Destination:            history_reg[0][12]/D
                            (rising edge-triggered cell FDRE clocked by accelerator_clk  {rise@0.000ns fall@3.333ns period=6.667ns})
  Path Group:             (none)
  Path Type:              Hold (Min at Fast Process Corner)
  Data Path Delay:        0.009ns  (logic 0.000ns (0.000%)  route 0.009ns (100.000%))
  Logic Levels:           0  
  Clock Path Skew:        0.019ns (DCD - SCD - CPR)
    Destination Clock Delay (DCD):    0.019ns
    Source Clock Delay      (SCD):    0.000ns
    Clock Pessimism Removal (CPR):    -0.000ns

    Location             Delay type                Incr(ns)  Path(ns)    Netlist Resource(s)
  -------------------------------------------------------------------    -------------------
                                                      0.000     0.000 r  s_axis_tdata[12] (IN)
                         net (fo=3, unset)            0.009     0.009    s_axis_tdata[12]
                         FDRE                                         r  history_reg[0][12]/D
  -------------------------------------------------------------------    -------------------

                         (clock accelerator_clk rise edge)
                                                      0.000     0.000 r  
                                                      0.000     0.000 r  aclk (IN)
                         net (fo=934, unset)          0.019     0.019    aclk
                         FDRE                                         r  history_reg[0][12]/C

Slack:                    inf
  Source:                 s_axis_tdata[13]
                            (input port)
  Destination:            history_reg[0][13]/D
                            (rising edge-triggered cell FDRE clocked by accelerator_clk  {rise@0.000ns fall@3.333ns period=6.667ns})
  Path Group:             (none)
  Path Type:              Hold (Min at Fast Process Corner)
  Data Path Delay:        0.009ns  (logic 0.000ns (0.000%)  route 0.009ns (100.000%))
  Logic Levels:           0  
  Clock Path Skew:        0.019ns (DCD - SCD - CPR)
    Destination Clock Delay (DCD):    0.019ns
    Source Clock Delay      (SCD):    0.000ns
    Clock Pessimism Removal (CPR):    -0.000ns

    Location             Delay type                Incr(ns)  Path(ns)    Netlist Resource(s)
  -------------------------------------------------------------------    -------------------
                                                      0.000     0.000 r  s_axis_tdata[13] (IN)
                         net (fo=3, unset)            0.009     0.009    s_axis_tdata[13]
                         FDRE                                         r  history_reg[0][13]/D
  -------------------------------------------------------------------    -------------------

                         (clock accelerator_clk rise edge)
                                                      0.000     0.000 r  
                                                      0.000     0.000 r  aclk (IN)
                         net (fo=934, unset)          0.019     0.019    aclk
                         FDRE                                         r  history_reg[0][13]/C

Slack:                    inf
  Source:                 s_axis_tdata[14]
                            (input port)
  Destination:            history_reg[0][14]/D
                            (rising edge-triggered cell FDRE clocked by accelerator_clk  {rise@0.000ns fall@3.333ns period=6.667ns})
  Path Group:             (none)
  Path Type:              Hold (Min at Fast Process Corner)
  Data Path Delay:        0.009ns  (logic 0.000ns (0.000%)  route 0.009ns (100.000%))
  Logic Levels:           0  
  Clock Path Skew:        0.019ns (DCD - SCD - CPR)
    Destination Clock Delay (DCD):    0.019ns
    Source Clock Delay      (SCD):    0.000ns
    Clock Pessimism Removal (CPR):    -0.000ns

    Location             Delay type                Incr(ns)  Path(ns)    Netlist Resource(s)
  -------------------------------------------------------------------    -------------------
                                                      0.000     0.000 r  s_axis_tdata[14] (IN)
                         net (fo=3, unset)            0.009     0.009    s_axis_tdata[14]
                         FDRE                                         r  history_reg[0][14]/D
  -------------------------------------------------------------------    -------------------

                         (clock accelerator_clk rise edge)
                                                      0.000     0.000 r  
                                                      0.000     0.000 r  aclk (IN)
                         net (fo=934, unset)          0.019     0.019    aclk
                         FDRE                                         r  history_reg[0][14]/C

Slack:                    inf
  Source:                 s_axis_tdata[15]
                            (input port)
  Destination:            history_reg[0][15]/D
                            (rising edge-triggered cell FDRE clocked by accelerator_clk  {rise@0.000ns fall@3.333ns period=6.667ns})
  Path Group:             (none)
  Path Type:              Hold (Min at Fast Process Corner)
  Data Path Delay:        0.009ns  (logic 0.000ns (0.000%)  route 0.009ns (100.000%))
  Logic Levels:           0  
  Clock Path Skew:        0.019ns (DCD - SCD - CPR)
    Destination Clock Delay (DCD):    0.019ns
    Source Clock Delay      (SCD):    0.000ns
    Clock Pessimism Removal (CPR):    -0.000ns

    Location             Delay type                Incr(ns)  Path(ns)    Netlist Resource(s)
  -------------------------------------------------------------------    -------------------
                                                      0.000     0.000 r  s_axis_tdata[15] (IN)
                         net (fo=45, unset)           0.009     0.009    s_axis_tdata[15]
                         FDRE                                         r  history_reg[0][15]/D
  -------------------------------------------------------------------    -------------------

                         (clock accelerator_clk rise edge)
                                                      0.000     0.000 r  
                                                      0.000     0.000 r  aclk (IN)
                         net (fo=934, unset)          0.019     0.019    aclk
                         FDRE                                         r  history_reg[0][15]/C

Slack:                    inf
  Source:                 s_axis_tdata[1]
                            (input port)
  Destination:            history_reg[0][1]/D
                            (rising edge-triggered cell FDRE clocked by accelerator_clk  {rise@0.000ns fall@3.333ns period=6.667ns})
  Path Group:             (none)
  Path Type:              Hold (Min at Fast Process Corner)
  Data Path Delay:        0.009ns  (logic 0.000ns (0.000%)  route 0.009ns (100.000%))
  Logic Levels:           0  
  Clock Path Skew:        0.019ns (DCD - SCD - CPR)
    Destination Clock Delay (DCD):    0.019ns
    Source Clock Delay      (SCD):    0.000ns
    Clock Pessimism Removal (CPR):    -0.000ns

    Location             Delay type                Incr(ns)  Path(ns)    Netlist Resource(s)
  -------------------------------------------------------------------    -------------------
                                                      0.000     0.000 r  s_axis_tdata[1] (IN)
                         net (fo=3, unset)            0.009     0.009    s_axis_tdata[1]
                         FDRE                                         r  history_reg[0][1]/D
  -------------------------------------------------------------------    -------------------

                         (clock accelerator_clk rise edge)
                                                      0.000     0.000 r  
                                                      0.000     0.000 r  aclk (IN)
                         net (fo=934, unset)          0.019     0.019    aclk
                         FDRE                                         r  history_reg[0][1]/C

Slack:                    inf
  Source:                 s_axis_tdata[2]
                            (input port)
  Destination:            history_reg[0][2]/D
                            (rising edge-triggered cell FDRE clocked by accelerator_clk  {rise@0.000ns fall@3.333ns period=6.667ns})
  Path Group:             (none)
  Path Type:              Hold (Min at Fast Process Corner)
  Data Path Delay:        0.009ns  (logic 0.000ns (0.000%)  route 0.009ns (100.000%))
  Logic Levels:           0  
  Clock Path Skew:        0.019ns (DCD - SCD - CPR)
    Destination Clock Delay (DCD):    0.019ns
    Source Clock Delay      (SCD):    0.000ns
    Clock Pessimism Removal (CPR):    -0.000ns

    Location             Delay type                Incr(ns)  Path(ns)    Netlist Resource(s)
  -------------------------------------------------------------------    -------------------
                                                      0.000     0.000 r  s_axis_tdata[2] (IN)
                         net (fo=3, unset)            0.009     0.009    s_axis_tdata[2]
                         FDRE                                         r  history_reg[0][2]/D
  -------------------------------------------------------------------    -------------------

                         (clock accelerator_clk rise edge)
                                                      0.000     0.000 r  
                                                      0.000     0.000 r  aclk (IN)
                         net (fo=934, unset)          0.019     0.019    aclk
                         FDRE                                         r  history_reg[0][2]/C

Slack:                    inf
  Source:                 s_axis_tdata[3]
                            (input port)
  Destination:            history_reg[0][3]/D
                            (rising edge-triggered cell FDRE clocked by accelerator_clk  {rise@0.000ns fall@3.333ns period=6.667ns})
  Path Group:             (none)
  Path Type:              Hold (Min at Fast Process Corner)
  Data Path Delay:        0.009ns  (logic 0.000ns (0.000%)  route 0.009ns (100.000%))
  Logic Levels:           0  
  Clock Path Skew:        0.019ns (DCD - SCD - CPR)
    Destination Clock Delay (DCD):    0.019ns
    Source Clock Delay      (SCD):    0.000ns
    Clock Pessimism Removal (CPR):    -0.000ns

    Location             Delay type                Incr(ns)  Path(ns)    Netlist Resource(s)
  -------------------------------------------------------------------    -------------------
                                                      0.000     0.000 r  s_axis_tdata[3] (IN)
                         net (fo=3, unset)            0.009     0.009    s_axis_tdata[3]
                         FDRE                                         r  history_reg[0][3]/D
  -------------------------------------------------------------------    -------------------

                         (clock accelerator_clk rise edge)
                                                      0.000     0.000 r  
                                                      0.000     0.000 r  aclk (IN)
                         net (fo=934, unset)          0.019     0.019    aclk
                         FDRE                                         r  history_reg[0][3]/C

Slack:                    inf
  Source:                 s_axis_tdata[4]
                            (input port)
  Destination:            history_reg[0][4]/D
                            (rising edge-triggered cell FDRE clocked by accelerator_clk  {rise@0.000ns fall@3.333ns period=6.667ns})
  Path Group:             (none)
  Path Type:              Hold (Min at Fast Process Corner)
  Data Path Delay:        0.009ns  (logic 0.000ns (0.000%)  route 0.009ns (100.000%))
  Logic Levels:           0  
  Clock Path Skew:        0.019ns (DCD - SCD - CPR)
    Destination Clock Delay (DCD):    0.019ns
    Source Clock Delay      (SCD):    0.000ns
    Clock Pessimism Removal (CPR):    -0.000ns

    Location             Delay type                Incr(ns)  Path(ns)    Netlist Resource(s)
  -------------------------------------------------------------------    -------------------
                                                      0.000     0.000 r  s_axis_tdata[4] (IN)
                         net (fo=3, unset)            0.009     0.009    s_axis_tdata[4]
                         FDRE                                         r  history_reg[0][4]/D
  -------------------------------------------------------------------    -------------------

                         (clock accelerator_clk rise edge)
                                                      0.000     0.000 r  
                                                      0.000     0.000 r  aclk (IN)
                         net (fo=934, unset)          0.019     0.019    aclk
                         FDRE                                         r  history_reg[0][4]/C

Slack:                    inf
  Source:                 s_axis_tdata[5]
                            (input port)
  Destination:            history_reg[0][5]/D
                            (rising edge-triggered cell FDRE clocked by accelerator_clk  {rise@0.000ns fall@3.333ns period=6.667ns})
  Path Group:             (none)
  Path Type:              Hold (Min at Fast Process Corner)
  Data Path Delay:        0.009ns  (logic 0.000ns (0.000%)  route 0.009ns (100.000%))
  Logic Levels:           0  
  Clock Path Skew:        0.019ns (DCD - SCD - CPR)
    Destination Clock Delay (DCD):    0.019ns
    Source Clock Delay      (SCD):    0.000ns
    Clock Pessimism Removal (CPR):    -0.000ns

    Location             Delay type                Incr(ns)  Path(ns)    Netlist Resource(s)
  -------------------------------------------------------------------    -------------------
                                                      0.000     0.000 r  s_axis_tdata[5] (IN)
                         net (fo=3, unset)            0.009     0.009    s_axis_tdata[5]
                         FDRE                                         r  history_reg[0][5]/D
  -------------------------------------------------------------------    -------------------

                         (clock accelerator_clk rise edge)
                                                      0.000     0.000 r  
                                                      0.000     0.000 r  aclk (IN)
                         net (fo=934, unset)          0.019     0.019    aclk
                         FDRE                                         r  history_reg[0][5]/C

Slack:                    inf
  Source:                 s_axis_tdata[6]
                            (input port)
  Destination:            history_reg[0][6]/D
                            (rising edge-triggered cell FDRE clocked by accelerator_clk  {rise@0.000ns fall@3.333ns period=6.667ns})
  Path Group:             (none)
  Path Type:              Hold (Min at Fast Process Corner)
  Data Path Delay:        0.009ns  (logic 0.000ns (0.000%)  route 0.009ns (100.000%))
  Logic Levels:           0  
  Clock Path Skew:        0.019ns (DCD - SCD - CPR)
    Destination Clock Delay (DCD):    0.019ns
    Source Clock Delay      (SCD):    0.000ns
    Clock Pessimism Removal (CPR):    -0.000ns

    Location             Delay type                Incr(ns)  Path(ns)    Netlist Resource(s)
  -------------------------------------------------------------------    -------------------
                                                      0.000     0.000 r  s_axis_tdata[6] (IN)
                         net (fo=3, unset)            0.009     0.009    s_axis_tdata[6]
                         FDRE                                         r  history_reg[0][6]/D
  -------------------------------------------------------------------    -------------------

                         (clock accelerator_clk rise edge)
                                                      0.000     0.000 r  
                                                      0.000     0.000 r  aclk (IN)
                         net (fo=934, unset)          0.019     0.019    aclk
                         FDRE                                         r  history_reg[0][6]/C

Slack:                    inf
  Source:                 s_axis_tdata[7]
                            (input port)
  Destination:            history_reg[0][7]/D
                            (rising edge-triggered cell FDRE clocked by accelerator_clk  {rise@0.000ns fall@3.333ns period=6.667ns})
  Path Group:             (none)
  Path Type:              Hold (Min at Fast Process Corner)
  Data Path Delay:        0.009ns  (logic 0.000ns (0.000%)  route 0.009ns (100.000%))
  Logic Levels:           0  
  Clock Path Skew:        0.019ns (DCD - SCD - CPR)
    Destination Clock Delay (DCD):    0.019ns
    Source Clock Delay      (SCD):    0.000ns
    Clock Pessimism Removal (CPR):    -0.000ns

    Location             Delay type                Incr(ns)  Path(ns)    Netlist Resource(s)
  -------------------------------------------------------------------    -------------------
                                                      0.000     0.000 r  s_axis_tdata[7] (IN)
                         net (fo=3, unset)            0.009     0.009    s_axis_tdata[7]
                         FDRE                                         r  history_reg[0][7]/D
  -------------------------------------------------------------------    -------------------

                         (clock accelerator_clk rise edge)
                                                      0.000     0.000 r  
                                                      0.000     0.000 r  aclk (IN)
                         net (fo=934, unset)          0.019     0.019    aclk
                         FDRE                                         r  history_reg[0][7]/C

Slack:                    inf
  Source:                 s_axis_tdata[8]
                            (input port)
  Destination:            history_reg[0][8]/D
                            (rising edge-triggered cell FDRE clocked by accelerator_clk  {rise@0.000ns fall@3.333ns period=6.667ns})
  Path Group:             (none)
  Path Type:              Hold (Min at Fast Process Corner)
  Data Path Delay:        0.009ns  (logic 0.000ns (0.000%)  route 0.009ns (100.000%))
  Logic Levels:           0  
  Clock Path Skew:        0.019ns (DCD - SCD - CPR)
    Destination Clock Delay (DCD):    0.019ns
    Source Clock Delay      (SCD):    0.000ns
    Clock Pessimism Removal (CPR):    -0.000ns

    Location             Delay type                Incr(ns)  Path(ns)    Netlist Resource(s)
  -------------------------------------------------------------------    -------------------
                                                      0.000     0.000 r  s_axis_tdata[8] (IN)
                         net (fo=3, unset)            0.009     0.009    s_axis_tdata[8]
                         FDRE                                         r  history_reg[0][8]/D
  -------------------------------------------------------------------    -------------------

                         (clock accelerator_clk rise edge)
                                                      0.000     0.000 r  
                                                      0.000     0.000 r  aclk (IN)
                         net (fo=934, unset)          0.019     0.019    aclk
                         FDRE                                         r  history_reg[0][8]/C

Slack:                    inf
  Source:                 s_axis_tdata[9]
                            (input port)
  Destination:            history_reg[0][9]/D
                            (rising edge-triggered cell FDRE clocked by accelerator_clk  {rise@0.000ns fall@3.333ns period=6.667ns})
  Path Group:             (none)
  Path Type:              Hold (Min at Fast Process Corner)
  Data Path Delay:        0.009ns  (logic 0.000ns (0.000%)  route 0.009ns (100.000%))
  Logic Levels:           0  
  Clock Path Skew:        0.019ns (DCD - SCD - CPR)
    Destination Clock Delay (DCD):    0.019ns
    Source Clock Delay      (SCD):    0.000ns
    Clock Pessimism Removal (CPR):    -0.000ns

    Location             Delay type                Incr(ns)  Path(ns)    Netlist Resource(s)
  -------------------------------------------------------------------    -------------------
                                                      0.000     0.000 r  s_axis_tdata[9] (IN)
                         net (fo=3, unset)            0.009     0.009    s_axis_tdata[9]
                         FDRE                                         r  history_reg[0][9]/D
  -------------------------------------------------------------------    -------------------

                         (clock accelerator_clk rise edge)
                                                      0.000     0.000 r  
                                                      0.000     0.000 r  aclk (IN)
                         net (fo=934, unset)          0.019     0.019    aclk
                         FDRE                                         r  history_reg[0][9]/C

Slack:                    inf
  Source:                 s_axis_tlast
                            (input port)
  Destination:            last_s0_reg/D
                            (rising edge-triggered cell FDRE clocked by accelerator_clk  {rise@0.000ns fall@3.333ns period=6.667ns})
  Path Group:             (none)
  Path Type:              Hold (Min at Fast Process Corner)
  Data Path Delay:        0.009ns  (logic 0.000ns (0.000%)  route 0.009ns (100.000%))
  Logic Levels:           0  
  Clock Path Skew:        0.019ns (DCD - SCD - CPR)
    Destination Clock Delay (DCD):    0.019ns
    Source Clock Delay      (SCD):    0.000ns
    Clock Pessimism Removal (CPR):    -0.000ns

    Location             Delay type                Incr(ns)  Path(ns)    Netlist Resource(s)
  -------------------------------------------------------------------    -------------------
                                                      0.000     0.000 r  s_axis_tlast (IN)
                         net (fo=0)                   0.009     0.009    s_axis_tlast
                         FDRE                                         r  last_s0_reg/D
  -------------------------------------------------------------------    -------------------

                         (clock accelerator_clk rise edge)
                                                      0.000     0.000 r  
                                                      0.000     0.000 r  aclk (IN)
                         net (fo=934, unset)          0.019     0.019    aclk
                         FDRE                                         r  last_s0_reg/C

Slack:                    inf
  Source:                 m_axis_tready
                            (input port)
  Destination:            valid_s0_reg/D
                            (rising edge-triggered cell FDRE clocked by accelerator_clk  {rise@0.000ns fall@3.333ns period=6.667ns})
  Path Group:             (none)
  Path Type:              Hold (Min at Fast Process Corner)
  Data Path Delay:        0.039ns  (logic 0.023ns (58.974%)  route 0.016ns (41.026%))
  Logic Levels:           1  (LUT3=1)
  Clock Path Skew:        0.019ns (DCD - SCD - CPR)
    Destination Clock Delay (DCD):    0.019ns
    Source Clock Delay      (SCD):    0.000ns
    Clock Pessimism Removal (CPR):    -0.000ns

    Location             Delay type                Incr(ns)  Path(ns)    Netlist Resource(s)
  -------------------------------------------------------------------    -------------------
                                                      0.000     0.000 r  m_axis_tready (IN)
                         net (fo=9, unset)            0.000     0.000    m_axis_tready
                         LUT3 (Prop_LUT3_I1_O)        0.023     0.023 r  valid_s0_i_1/O
                         net (fo=1, unplaced)         0.016     0.039    valid_s00
                         FDRE                                         r  valid_s0_reg/D
  -------------------------------------------------------------------    -------------------

                         (clock accelerator_clk rise edge)
                                                      0.000     0.000 r  
                                                      0.000     0.000 r  aclk (IN)
                         net (fo=934, unset)          0.019     0.019    aclk
                         FDRE                                         r  valid_s0_reg/C

Slack:                    inf
  Source:                 m_axis_tready
                            (input port)
  Destination:            last_s0_reg/CE
                            (rising edge-triggered cell FDRE clocked by accelerator_clk  {rise@0.000ns fall@3.333ns period=6.667ns})
  Path Group:             (none)
  Path Type:              Hold (Min at Fast Process Corner)
  Data Path Delay:        0.099ns  (logic 0.023ns (23.232%)  route 0.076ns (76.768%))
  Logic Levels:           1  (LUT2=1)
  Clock Path Skew:        0.019ns (DCD - SCD - CPR)
    Destination Clock Delay (DCD):    0.019ns
    Source Clock Delay      (SCD):    0.000ns
    Clock Pessimism Removal (CPR):    -0.000ns

    Location             Delay type                Incr(ns)  Path(ns)    Netlist Resource(s)
  -------------------------------------------------------------------    -------------------
                                                      0.000     0.000 r  m_axis_tready (IN)
                         net (fo=9, unset)            0.000     0.000    m_axis_tready
                         LUT2 (Prop_LUT2_I0_O)        0.023     0.023 r  valid_s6_i_1/O
                         net (fo=14, unplaced)        0.076     0.099    advance
                         FDRE                                         r  last_s0_reg/CE
  -------------------------------------------------------------------    -------------------

                         (clock accelerator_clk rise edge)
                                                      0.000     0.000 r  
                                                      0.000     0.000 r  aclk (IN)
                         net (fo=934, unset)          0.019     0.019    aclk
                         FDRE                                         r  last_s0_reg/C

Slack:                    inf
  Source:                 m_axis_tready
                            (input port)
  Destination:            last_s1_reg/CE
                            (rising edge-triggered cell FDRE clocked by accelerator_clk  {rise@0.000ns fall@3.333ns period=6.667ns})
  Path Group:             (none)
  Path Type:              Hold (Min at Fast Process Corner)
  Data Path Delay:        0.099ns  (logic 0.023ns (23.232%)  route 0.076ns (76.768%))
  Logic Levels:           1  (LUT2=1)
  Clock Path Skew:        0.019ns (DCD - SCD - CPR)
    Destination Clock Delay (DCD):    0.019ns
    Source Clock Delay      (SCD):    0.000ns
    Clock Pessimism Removal (CPR):    -0.000ns

    Location             Delay type                Incr(ns)  Path(ns)    Netlist Resource(s)
  -------------------------------------------------------------------    -------------------
                                                      0.000     0.000 r  m_axis_tready (IN)
                         net (fo=9, unset)            0.000     0.000    m_axis_tready
                         LUT2 (Prop_LUT2_I0_O)        0.023     0.023 r  valid_s6_i_1/O
                         net (fo=14, unplaced)        0.076     0.099    advance
                         FDRE                                         r  last_s1_reg/CE
  -------------------------------------------------------------------    -------------------

                         (clock accelerator_clk rise edge)
                                                      0.000     0.000 r  
                                                      0.000     0.000 r  aclk (IN)
                         net (fo=934, unset)          0.019     0.019    aclk
                         FDRE                                         r  last_s1_reg/C





