Copyright 1986-2022 Xilinx, Inc. All Rights Reserved. Copyright 2022-2023 Advanced Micro Devices, Inc. All Rights Reserved.
------------------------------------------------------------------------------------------------------------------------------------------------------------------------------------------------------------------------------------------------------------------------------
| Tool Version      : Vivado v.2023.2 (lin64) Build 4029153 Fri Oct 13 20:13:54 MDT 2023
| Date              : Thu Oct  1 11:47:05 2026
| Host              : frankhasrisen running 64-bit Ubuntu 22.04.5 LTS
| Command           : report_timing_summary -delay_type min_max -report_unconstrained -check_timing_verbose -max_paths 30 -file /home/frankhasrisen/fpga-rtl-portfolio/projects/zcu104/06-streaming-dsp-accelerator-soc/reports/full_accelerator_synthesis_timing_summary.rpt
| Design            : dsp_accelerator_full
| Device            : xczu7ev-ffvc1156
| Speed File        : -2  PRODUCTION 1.30 05-15-2022
| Design State      : Synthesized
| Temperature Grade : E
------------------------------------------------------------------------------------------------------------------------------------------------------------------------------------------------------------------------------------------------------------------------------

Timing Summary Report

------------------------------------------------------------------------------------------------
| Timer Settings
| --------------
------------------------------------------------------------------------------------------------

  Enable Multi Corner Analysis               :  Yes
  Enable Pessimism Removal                   :  Yes
  Pessimism Removal Resolution               :  Nearest Common Node
  Enable Input Delay Default Clock           :  No
  Enable Preset / Clear Arcs                 :  No
  Disable Flight Delays                      :  No
  Ignore I/O Paths                           :  No
  Timing Early Launch at Borrowing Latches   :  No
  Borrow Time for Max Delay Exceptions       :  Yes
  Merge Timing Exceptions                    :  Yes
  Inter-SLR Compensation                     :  Conservative

  Corner  Analyze    Analyze    
  Name    Max Paths  Min Paths  
  ------  ---------  ---------  
  Slow    Yes        Yes        
  Fast    Yes        Yes        


------------------------------------------------------------------------------------------------
| Report Methodology
| ------------------
------------------------------------------------------------------------------------------------

No report available as report_methodology has not been run prior. Run report_methodology on the current design for the summary of methodology violations.



check_timing report

Table of Contents
-----------------
1. checking no_clock (0)
2. checking constant_clock (0)
3. checking pulse_width_clock (0)
4. checking unconstrained_internal_endpoints (0)
5. checking no_input_delay (20)
6. checking no_output_delay (57)
7. checking multiple_clock (0)
8. checking generated_clocks (0)
9. checking loops (0)
10. checking partial_input_delay (0)
11. checking partial_output_delay (0)
12. checking latch_loops (0)

1. checking no_clock (0)
------------------------
 There are 0 register/latch pins with no clock.


2. checking constant_clock (0)
------------------------------
 There are 0 register/latch pins with constant_clock.


3. checking pulse_width_clock (0)
---------------------------------
 There are 0 register/latch pins which need pulse_width check


4. checking unconstrained_internal_endpoints (0)
------------------------------------------------
 There are 0 pins that are not constrained for maximum delay.

 There are 0 pins that are not constrained for maximum delay due to constant clock.


5. checking no_input_delay (20)
-------------------------------
 There are 20 input ports with no input delay specified. (HIGH)

aresetn
m_axis_tready
s_axis_tdata[0]
s_axis_tdata[10]
s_axis_tdata[11]
s_axis_tdata[12]
s_axis_tdata[13]
s_axis_tdata[14]
s_axis_tdata[15]
s_axis_tdata[1]
s_axis_tdata[2]
s_axis_tdata[3]
s_axis_tdata[4]
s_axis_tdata[5]
s_axis_tdata[6]
s_axis_tdata[7]
s_axis_tdata[8]
s_axis_tdata[9]
s_axis_tlast
s_axis_tvalid

 There are 0 input ports with no input delay but user has a false path constraint.


6. checking no_output_delay (57)
--------------------------------
 There are 57 ports with no output delay specified. (HIGH)

m_axis_tdata[0]
m_axis_tdata[10]
m_axis_tdata[11]
m_axis_tdata[12]
m_axis_tdata[13]
m_axis_tdata[14]
m_axis_tdata[15]
m_axis_tdata[16]
m_axis_tdata[17]
m_axis_tdata[18]
m_axis_tdata[19]
m_axis_tdata[1]
m_axis_tdata[20]
m_axis_tdata[21]
m_axis_tdata[22]
m_axis_tdata[23]
m_axis_tdata[24]
m_axis_tdata[25]
m_axis_tdata[26]
m_axis_tdata[27]
m_axis_tdata[28]
m_axis_tdata[29]
m_axis_tdata[2]
m_axis_tdata[30]
m_axis_tdata[31]
m_axis_tdata[32]
m_axis_tdata[33]
m_axis_tdata[34]
m_axis_tdata[35]
m_axis_tdata[36]
m_axis_tdata[37]
m_axis_tdata[38]
m_axis_tdata[39]
m_axis_tdata[3]
m_axis_tdata[40]
m_axis_tdata[41]
m_axis_tdata[42]
m_axis_tdata[43]
m_axis_tdata[44]
m_axis_tdata[45]
m_axis_tdata[46]
m_axis_tdata[47]
m_axis_tdata[48]
m_axis_tdata[49]
m_axis_tdata[4]
m_axis_tdata[50]
m_axis_tdata[51]
m_axis_tdata[52]
m_axis_tdata[53]
m_axis_tdata[5]
m_axis_tdata[6]
m_axis_tdata[7]
m_axis_tdata[8]
m_axis_tdata[9]
m_axis_tlast
m_axis_tvalid
s_axis_tready

 There are 0 ports with no output delay but user has a false path constraint

 There are 0 ports with no output delay but with a timing clock defined on it or propagating through it


7. checking multiple_clock (0)
------------------------------
 There are 0 register/latch pins with multiple clocks.


8. checking generated_clocks (0)
--------------------------------
 There are 0 generated clocks that are not connected to a clock source.


9. checking loops (0)
---------------------
 There are 0 combinational loops in the design.


10. checking partial_input_delay (0)
------------------------------------
 There are 0 input ports with partial input delay specified.


11. checking partial_output_delay (0)
-------------------------------------
 There are 0 ports with partial output delay specified.


12. checking latch_loops (0)
----------------------------
 There are 0 combinational latch loops in the design through latch input



------------------------------------------------------------------------------------------------
| Design Timing Summary
| ---------------------
------------------------------------------------------------------------------------------------

    WNS(ns)      TNS(ns)  TNS Failing Endpoints  TNS Total Endpoints      WHS(ns)      THS(ns)  THS Failing Endpoints  THS Total Endpoints     WPWS(ns)     TPWS(ns)  TPWS Failing Endpoints  TPWS Total Endpoints  
    -------      -------  ---------------------  -------------------      -------      -------  ---------------------  -------------------     --------     --------  ----------------------  --------------------  
      3.893        0.000                      0                 9839        0.070        0.000                      0                 9839        3.058        0.000                       0                  2864  


All user specified timing constraints are met.


------------------------------------------------------------------------------------------------
| Clock Summary
| -------------
------------------------------------------------------------------------------------------------

Clock            Waveform(ns)         Period(ns)      Frequency(MHz)
-----            ------------         ----------      --------------
accelerator_clk  {0.000 3.333}        6.667           149.992         


------------------------------------------------------------------------------------------------
| Intra Clock Table
| -----------------
------------------------------------------------------------------------------------------------

Clock                WNS(ns)      TNS(ns)  TNS Failing Endpoints  TNS Total Endpoints      WHS(ns)      THS(ns)  THS Failing Endpoints  THS Total Endpoints     WPWS(ns)     TPWS(ns)  TPWS Failing Endpoints  TPWS Total Endpoints  
-----                -------      -------  ---------------------  -------------------      -------      -------  ---------------------  -------------------     --------     --------  ----------------------  --------------------  
accelerator_clk        3.893        0.000                      0                 9839        0.070        0.000                      0                 9839        3.058        0.000                       0                  2864  


------------------------------------------------------------------------------------------------
| Inter Clock Table
| -----------------
------------------------------------------------------------------------------------------------

From Clock    To Clock          WNS(ns)      TNS(ns)  TNS Failing Endpoints  TNS Total Endpoints      WHS(ns)      THS(ns)  THS Failing Endpoints  THS Total Endpoints  
----------    --------          -------      -------  ---------------------  -------------------      -------      -------  ---------------------  -------------------  


------------------------------------------------------------------------------------------------
| Other Path Groups Table
| -----------------------
------------------------------------------------------------------------------------------------

Path Group    From Clock    To Clock          WNS(ns)      TNS(ns)  TNS Failing Endpoints  TNS Total Endpoints      WHS(ns)      THS(ns)  THS Failing Endpoints  THS Total Endpoints  
----------    ----------    --------          -------      -------  ---------------------  -------------------      -------      -------  ---------------------  -------------------  


------------------------------------------------------------------------------------------------
| User Ignored Path Table
| -----------------------
------------------------------------------------------------------------------------------------

Path Group    From Clock    To Clock    
----------    ----------    --------    


------------------------------------------------------------------------------------------------
| Unconstrained Path Table
| ------------------------
------------------------------------------------------------------------------------------------

Path Group       From Clock       To Clock       
----------       ----------       --------       
(none)                                             
(none)           accelerator_clk                   
(none)                            accelerator_clk  


------------------------------------------------------------------------------------------------
| Timing Details
| --------------
------------------------------------------------------------------------------------------------


---------------------------------------------------------------------------------------------------
From Clock:  accelerator_clk
  To Clock:  accelerator_clk

Setup :            0  Failing Endpoints,  Worst Slack        3.893ns,  Total Violation        0.000ns
Hold  :            0  Failing Endpoints,  Worst Slack        0.070ns,  Total Violation        0.000ns
PW    :            0  Failing Endpoints,  Worst Slack        3.058ns,  Total Violation        0.000ns
---------------------------------------------------------------------------------------------------


Max Delay Paths
--------------------------------------------------------------------------------------
Slack (MET) :             3.893ns  (required time - arrival time)
  Source:                 u_compute_core/u_fir32/sum_s5_reg[14]/C
                            (rising edge-triggered cell FDRE clocked by accelerator_clk  {rise@0.000ns fall@3.333ns period=6.667ns})
  Destination:            u_compute_core/u_energy64/energy_acc1/DSP_A_B_DATA_INST/A[24]
                            (rising edge-triggered cell DSP_A_B_DATA clocked by accelerator_clk  {rise@0.000ns fall@3.333ns period=6.667ns})
  Path Group:             accelerator_clk
  Path Type:              Setup (Max at Slow Process Corner)
  Requirement:            6.667ns  (accelerator_clk rise@6.667ns - accelerator_clk rise@0.000ns)
  Data Path Delay:        2.470ns  (logic 0.964ns (39.028%)  route 1.506ns (60.972%))
  Logic Levels:           10  (CARRY8=6 LUT1=2 LUT3=1 LUT6=1)
  Clock Path Skew:        0.013ns (DCD - SCD + CPR)
    Destination Clock Delay (DCD):    0.043ns = ( 6.710 - 6.667 ) 
    Source Clock Delay      (SCD):    0.030ns
    Clock Pessimism Removal (CPR):    0.000ns
  Clock Uncertainty:      0.035ns  ((TSJ^2 + TIJ^2)^1/2 + DJ) / 2 + PE
    Total System Jitter     (TSJ):    0.071ns
    Total Input Jitter      (TIJ):    0.000ns
    Discrete Jitter          (DJ):    0.000ns
    Phase Error              (PE):    0.000ns

    Location             Delay type                Incr(ns)  Path(ns)    Netlist Resource(s)
  -------------------------------------------------------------------    -------------------
                         (clock accelerator_clk rise edge)
                                                      0.000     0.000 r  
                                                      0.000     0.000 r  aclk (IN)
                         net (fo=3054, unset)         0.030     0.030    u_compute_core/u_fir32/aclk
                         FDRE                                         r  u_compute_core/u_fir32/sum_s5_reg[14]/C
  -------------------------------------------------------------------    -------------------
                         FDRE (Prop_FDRE_C_Q)         0.078     0.108 f  u_compute_core/u_fir32/sum_s5_reg[14]/Q
                         net (fo=4, unplaced)         0.149     0.257    u_compute_core/u_fir32/sum_s5[14]
                         LUT1 (Prop_LUT1_I0_O)        0.074     0.331 r  u_compute_core/u_fir32/energy_acc1_i_20/O
                         net (fo=1, unplaced)         0.238     0.569    u_compute_core/u_fir32/energy_acc1_i_20_n_0
                         CARRY8 (Prop_CARRY8_DI[5]_CO[7])
                                                      0.097     0.666 r  u_compute_core/u_fir32/energy_acc1_i_18/CO[7]
                         net (fo=1, unplaced)         0.005     0.671    u_compute_core/u_fir32/energy_acc1_i_18_n_0
                         CARRY8 (Prop_CARRY8_CI_O[4])
                                                      0.086     0.757 f  u_compute_core/u_fir32/i__carry_i_10/O[4]
                         net (fo=1, unplaced)         0.184     0.941    u_compute_core/u_fir32/rounded2[21]
                         LUT1 (Prop_LUT1_I0_O)        0.037     0.978 r  u_compute_core/u_fir32/i__carry_i_4__0/O
                         net (fo=1, unplaced)         0.029     1.007    u_compute_core/u_fir32/i__carry_i_4__0_n_0
                         CARRY8 (Prop_CARRY8_S[5]_CO[7])
                                                      0.166     1.173 r  u_compute_core/u_fir32/_inferred__8/i__carry/CO[7]
                         net (fo=1, unplaced)         0.005     1.178    u_compute_core/u_fir32/_inferred__8/i__carry_n_0
                         CARRY8 (Prop_CARRY8_CI_O[6])
                                                      0.103     1.281 f  u_compute_core/u_fir32/_inferred__8/i__carry__0/O[6]
                         net (fo=6, unplaced)         0.160     1.441    u_compute_core/u_fir32/rounded0[15]
                         LUT3 (Prop_LUT3_I1_O)        0.070     1.511 f  u_compute_core/u_fir32/i__carry_i_5__0/O
                         net (fo=1, unplaced)         0.260     1.771    u_compute_core/u_fir32/i__carry_i_5__0_n_0
                         CARRY8 (Prop_CARRY8_DI[0]_CO[7])
                                                      0.140     1.911 f  u_compute_core/u_fir32/quantize_q151_inferred__0/i__carry/CO[7]
                         net (fo=1, unplaced)         0.005     1.916    u_compute_core/u_fir32/quantize_q151_inferred__0/i__carry_n_0
                         CARRY8 (Prop_CARRY8_CI_CO[3])
                                                      0.060     1.976 f  u_compute_core/u_fir32/quantize_q151_inferred__0/i__carry__0/CO[3]
                         net (fo=32, unplaced)        0.197     2.173    u_compute_core/u_fir32/quantize_q1510_in
                         LUT6 (Prop_LUT6_I1_O)        0.053     2.226 r  u_compute_core/u_fir32/energy_acc1_i_2/O
                         net (fo=18, unplaced)        0.274     2.500    u_compute_core/u_energy64/energy_acc1/A[24]
                         DSP_A_B_DATA                                 r  u_compute_core/u_energy64/energy_acc1/DSP_A_B_DATA_INST/A[24]
  -------------------------------------------------------------------    -------------------

                         (clock accelerator_clk rise edge)
                                                      6.667     6.667 r  
                                                      0.000     6.667 r  aclk (IN)
                         net (fo=3054, unset)         0.043     6.710    u_compute_core/u_energy64/energy_acc1/CLK
                         DSP_A_B_DATA                                 r  u_compute_core/u_energy64/energy_acc1/DSP_A_B_DATA_INST/CLK
                         clock pessimism              0.000     6.710    
                         clock uncertainty           -0.035     6.675    
                         DSP_A_B_DATA (Setup_DSP_A_B_DATA_CLK_A[24])
                                                     -0.282     6.393    u_compute_core/u_energy64/energy_acc1/DSP_A_B_DATA_INST
  -------------------------------------------------------------------
                         required time                          6.393    
                         arrival time                          -2.500    
  -------------------------------------------------------------------
                         slack                                  3.893    

Slack (MET) :             3.905ns  (required time - arrival time)
  Source:                 u_compute_core/u_energy64/energy_acc1/DSP_A_B_DATA_INST/CLK
                            (rising edge-triggered cell DSP_A_B_DATA clocked by accelerator_clk  {rise@0.000ns fall@3.333ns period=6.667ns})
  Destination:            u_compute_core/u_energy64/m_axis_tdata_reg[47]/D
                            (rising edge-triggered cell FDRE clocked by accelerator_clk  {rise@0.000ns fall@3.333ns period=6.667ns})
  Path Group:             accelerator_clk
  Path Type:              Setup (Max at Slow Process Corner)
  Requirement:            6.667ns  (accelerator_clk rise@6.667ns - accelerator_clk rise@0.000ns)
  Data Path Delay:        2.713ns  (logic 2.164ns (79.764%)  route 0.549ns (20.236%))
  Logic Levels:           11  (CARRY8=4 DSP_ALU=1 DSP_M_DATA=1 DSP_MULTIPLIER=1 DSP_OUTPUT=1 DSP_PREADD_DATA=1 LUT6=2)
  Clock Path Skew:        -0.039ns (DCD - SCD + CPR)
    Destination Clock Delay (DCD):    0.021ns = ( 6.688 - 6.667 ) 
    Source Clock Delay      (SCD):    0.060ns
    Clock Pessimism Removal (CPR):    0.000ns
  Clock Uncertainty:      0.035ns  ((TSJ^2 + TIJ^2)^1/2 + DJ) / 2 + PE
    Total System Jitter     (TSJ):    0.071ns
    Total Input Jitter      (TIJ):    0.000ns
    Discrete Jitter          (DJ):    0.000ns
    Phase Error              (PE):    0.000ns

    Location             Delay type                Incr(ns)  Path(ns)    Netlist Resource(s)
  -------------------------------------------------------------------    -------------------
                         (clock accelerator_clk rise edge)
                                                      0.000     0.000 r  
                                                      0.000     0.000 r  aclk (IN)
                         net (fo=3054, unset)         0.060     0.060    u_compute_core/u_energy64/energy_acc1/CLK
                         DSP_A_B_DATA                                 r  u_compute_core/u_energy64/energy_acc1/DSP_A_B_DATA_INST/CLK
  -------------------------------------------------------------------    -------------------
                         DSP_A_B_DATA (Prop_DSP_A_B_DATA_CLK_B2_DATA[1])
                                                      0.212     0.272 r  u_compute_core/u_energy64/energy_acc1/DSP_A_B_DATA_INST/B2_DATA[1]
                         net (fo=1, unplaced)         0.000     0.272    u_compute_core/u_energy64/energy_acc1/DSP_A_B_DATA.B2_DATA<1>
                         DSP_PREADD_DATA (Prop_DSP_PREADD_DATA_B2_DATA[1]_B2B1[1])
                                                      0.073     0.345 r  u_compute_core/u_energy64/energy_acc1/DSP_PREADD_DATA_INST/B2B1[1]
                         net (fo=1, unplaced)         0.000     0.345    u_compute_core/u_energy64/energy_acc1/DSP_PREADD_DATA.B2B1<1>
                         DSP_MULTIPLIER (Prop_DSP_MULTIPLIER_B2B1[1]_V[0])
                                                      0.609     0.954 f  u_compute_core/u_energy64/energy_acc1/DSP_MULTIPLIER_INST/V[0]
                         net (fo=1, unplaced)         0.000     0.954    u_compute_core/u_energy64/energy_acc1/DSP_MULTIPLIER.V<0>
                         DSP_M_DATA (Prop_DSP_M_DATA_V[0]_V_DATA[0])
                                                      0.046     1.000 r  u_compute_core/u_energy64/energy_acc1/DSP_M_DATA_INST/V_DATA[0]
                         net (fo=1, unplaced)         0.000     1.000    u_compute_core/u_energy64/energy_acc1/DSP_M_DATA.V_DATA<0>
                         DSP_ALU (Prop_DSP_ALU_V_DATA[0]_ALU_OUT[0])
                                                      0.571     1.571 f  u_compute_core/u_energy64/energy_acc1/DSP_ALU_INST/ALU_OUT[0]
                         net (fo=1, unplaced)         0.000     1.571    u_compute_core/u_energy64/energy_acc1/DSP_ALU.ALU_OUT<0>
                         DSP_OUTPUT (Prop_DSP_OUTPUT_ALU_OUT[0]_P[0])
                                                      0.109     1.680 r  u_compute_core/u_energy64/energy_acc1/DSP_OUTPUT_INST/P[0]
                         net (fo=66, unplaced)        0.299     1.979    u_compute_core/u_energy64/energy_acc1_n_105
                         LUT6 (Prop_LUT6_I0_O)        0.150     2.129 r  u_compute_core/u_energy64/energy_acc0_carry_i_7/O
                         net (fo=2, unplaced)         0.186     2.315    u_compute_core/u_energy64/energy_acc0_carry_i_7_n_0
                         LUT6 (Prop_LUT6_I0_O)        0.037     2.352 r  u_compute_core/u_energy64/energy_acc0_carry_i_14/O
                         net (fo=1, unplaced)         0.023     2.375    u_compute_core/u_energy64/energy_acc0_carry_i_14_n_0
                         CARRY8 (Prop_CARRY8_S[1]_CO[7])
                                                      0.197     2.572 r  u_compute_core/u_energy64/energy_acc0_carry/CO[7]
                         net (fo=1, unplaced)         0.005     2.577    u_compute_core/u_energy64/energy_acc0_carry_n_0
                         CARRY8 (Prop_CARRY8_CI_CO[7])
                                                      0.022     2.599 r  u_compute_core/u_energy64/energy_acc0_carry__0/CO[7]
                         net (fo=1, unplaced)         0.005     2.604    u_compute_core/u_energy64/energy_acc0_carry__0_n_0
                         CARRY8 (Prop_CARRY8_CI_CO[7])
                                                      0.022     2.626 r  u_compute_core/u_energy64/energy_acc0_carry__1/CO[7]
                         net (fo=1, unplaced)         0.005     2.631    u_compute_core/u_energy64/energy_acc0_carry__1_n_0
                         CARRY8 (Prop_CARRY8_CI_O[7])
                                                      0.116     2.747 r  u_compute_core/u_energy64/energy_acc0_carry__2/O[7]
                         net (fo=1, unplaced)         0.026     2.773    u_compute_core/u_energy64/energy_next_ext[31]
                         FDRE                                         r  u_compute_core/u_energy64/m_axis_tdata_reg[47]/D
  -------------------------------------------------------------------    -------------------

                         (clock accelerator_clk rise edge)
                                                      6.667     6.667 r  
                                                      0.000     6.667 r  aclk (IN)
                         net (fo=3054, unset)         0.021     6.688    u_compute_core/u_energy64/aclk
                         FDRE                                         r  u_compute_core/u_energy64/m_axis_tdata_reg[47]/C
                         clock pessimism              0.000     6.688    
                         clock uncertainty           -0.035     6.653    
                         FDRE (Setup_FDRE_C_D)        0.025     6.678    u_compute_core/u_energy64/m_axis_tdata_reg[47]
  -------------------------------------------------------------------
                         required time                          6.678    
                         arrival time                          -2.773    
  -------------------------------------------------------------------
                         slack                                  3.905    

Slack (MET) :             3.906ns  (required time - arrival time)
  Source:                 u_compute_core/u_fir32/sum_s5_reg[14]/C
                            (rising edge-triggered cell FDRE clocked by accelerator_clk  {rise@0.000ns fall@3.333ns period=6.667ns})
  Destination:            u_compute_core/u_energy64/energy_acc1/DSP_A_B_DATA_INST/A[0]
                            (rising edge-triggered cell DSP_A_B_DATA clocked by accelerator_clk  {rise@0.000ns fall@3.333ns period=6.667ns})
  Path Group:             accelerator_clk
  Path Type:              Setup (Max at Slow Process Corner)
  Requirement:            6.667ns  (accelerator_clk rise@6.667ns - accelerator_clk rise@0.000ns)
  Data Path Delay:        2.442ns  (logic 0.957ns (39.189%)  route 1.485ns (60.811%))
  Logic Levels:           10  (CARRY8=6 LUT1=2 LUT3=1 LUT6=1)
  Clock Path Skew:        0.013ns (DCD - SCD + CPR)
    Destination Clock Delay (DCD):    0.043ns = ( 6.710 - 6.667 ) 
    Source Clock Delay      (SCD):    0.030ns
    Clock Pessimism Removal (CPR):    0.000ns
  Clock Uncertainty:      0.035ns  ((TSJ^2 + TIJ^2)^1/2 + DJ) / 2 + PE
    Total System Jitter     (TSJ):    0.071ns
    Total Input Jitter      (TIJ):    0.000ns
    Discrete Jitter          (DJ):    0.000ns
    Phase Error              (PE):    0.000ns

    Location             Delay type                Incr(ns)  Path(ns)    Netlist Resource(s)
  -------------------------------------------------------------------    -------------------
                         (clock accelerator_clk rise edge)
                                                      0.000     0.000 r  
                                                      0.000     0.000 r  aclk (IN)
                         net (fo=3054, unset)         0.030     0.030    u_compute_core/u_fir32/aclk
                         FDRE                                         r  u_compute_core/u_fir32/sum_s5_reg[14]/C
  -------------------------------------------------------------------    -------------------
                         FDRE (Prop_FDRE_C_Q)         0.078     0.108 f  u_compute_core/u_fir32/sum_s5_reg[14]/Q
                         net (fo=4, unplaced)         0.149     0.257    u_compute_core/u_fir32/sum_s5[14]
                         LUT1 (Prop_LUT1_I0_O)        0.074     0.331 r  u_compute_core/u_fir32/energy_acc1_i_20/O
                         net (fo=1, unplaced)         0.238     0.569    u_compute_core/u_fir32/energy_acc1_i_20_n_0
                         CARRY8 (Prop_CARRY8_DI[5]_CO[7])
                                                      0.097     0.666 r  u_compute_core/u_fir32/energy_acc1_i_18/CO[7]
                         net (fo=1, unplaced)         0.005     0.671    u_compute_core/u_fir32/energy_acc1_i_18_n_0
                         CARRY8 (Prop_CARRY8_CI_CO[7])
                                                      0.022     0.693 r  u_compute_core/u_fir32/i__carry_i_10/CO[7]
                         net (fo=1, unplaced)         0.005     0.698    u_compute_core/u_fir32/i__carry_i_10_n_0
                         CARRY8 (Prop_CARRY8_CI_O[4])
                                                      0.086     0.784 f  u_compute_core/u_fir32/i__carry__0_i_9/O[4]
                         net (fo=1, unplaced)         0.184     0.968    u_compute_core/u_fir32/rounded2[29]
                         LUT1 (Prop_LUT1_I0_O)        0.037     1.005 r  u_compute_core/u_fir32/i__carry__0_i_3/O
                         net (fo=1, unplaced)         0.029     1.034    u_compute_core/u_fir32/i__carry__0_i_3_n_0
                         CARRY8 (Prop_CARRY8_S[5]_CO[7])
                                                      0.166     1.200 f  u_compute_core/u_fir32/_inferred__8/i__carry__0/CO[7]
                         net (fo=1, unplaced)         0.005     1.205    u_compute_core/u_fir32/_inferred__8/i__carry__0_n_0
                         CARRY8 (Prop_CARRY8_CI_CO[6])
                                                      0.092     1.297 f  u_compute_core/u_fir32/_inferred__8/i__carry__1/CO[6]
                         net (fo=24, unplaced)        0.191     1.488    u_compute_core/u_fir32/_inferred__8/i__carry__1_n_1
                         LUT3 (Prop_LUT3_I0_O)        0.070     1.558 f  u_compute_core/u_fir32/quantize_q151_carry__0_i_3/O
                         net (fo=1, unplaced)         0.260     1.818    u_compute_core/u_fir32/quantize_q151_carry__0_i_3_n_0
                         CARRY8 (Prop_CARRY8_DI[0]_CO[3])
                                                      0.182     2.000 f  u_compute_core/u_fir32/quantize_q151_carry__0/CO[3]
                         net (fo=32, unplaced)        0.197     2.197    u_compute_core/u_fir32/quantize_q151
                         LUT6 (Prop_LUT6_I4_O)        0.053     2.250 r  u_compute_core/u_fir32/energy_acc1_i_17/O
                         net (fo=2, unplaced)         0.222     2.472    u_compute_core/u_energy64/energy_acc1/A[0]
                         DSP_A_B_DATA                                 r  u_compute_core/u_energy64/energy_acc1/DSP_A_B_DATA_INST/A[0]
  -------------------------------------------------------------------    -------------------

                         (clock accelerator_clk rise edge)
                                                      6.667     6.667 r  
                                                      0.000     6.667 r  aclk (IN)
                         net (fo=3054, unset)         0.043     6.710    u_compute_core/u_energy64/energy_acc1/CLK
                         DSP_A_B_DATA                                 r  u_compute_core/u_energy64/energy_acc1/DSP_A_B_DATA_INST/CLK
                         clock pessimism              0.000     6.710    
                         clock uncertainty           -0.035     6.675    
                         DSP_A_B_DATA (Setup_DSP_A_B_DATA_CLK_A[0])
                                                     -0.297     6.378    u_compute_core/u_energy64/energy_acc1/DSP_A_B_DATA_INST
  -------------------------------------------------------------------
                         required time                          6.378    
                         arrival time                          -2.472    
  -------------------------------------------------------------------
                         slack                                  3.906    

Slack (MET) :             3.906ns  (required time - arrival time)
  Source:                 u_compute_core/u_energy64/energy_acc1/DSP_A_B_DATA_INST/CLK
                            (rising edge-triggered cell DSP_A_B_DATA clocked by accelerator_clk  {rise@0.000ns fall@3.333ns period=6.667ns})
  Destination:            u_compute_core/u_energy64/m_axis_tdata_reg[45]/D
                            (rising edge-triggered cell FDRE clocked by accelerator_clk  {rise@0.000ns fall@3.333ns period=6.667ns})
  Path Group:             accelerator_clk
  Path Type:              Setup (Max at Slow Process Corner)
  Requirement:            6.667ns  (accelerator_clk rise@6.667ns - accelerator_clk rise@0.000ns)
  Data Path Delay:        2.712ns  (logic 2.164ns (79.794%)  route 0.548ns (20.206%))
  Logic Levels:           11  (CARRY8=4 DSP_ALU=1 DSP_M_DATA=1 DSP_MULTIPLIER=1 DSP_OUTPUT=1 DSP_PREADD_DATA=1 LUT6=2)
  Clock Path Skew:        -0.039ns (DCD - SCD + CPR)
    Destination Clock Delay (DCD):    0.021ns = ( 6.688 - 6.667 ) 
    Source Clock Delay      (SCD):    0.060ns
    Clock Pessimism Removal (CPR):    0.000ns
  Clock Uncertainty:      0.035ns  ((TSJ^2 + TIJ^2)^1/2 + DJ) / 2 + PE
    Total System Jitter     (TSJ):    0.071ns
    Total Input Jitter      (TIJ):    0.000ns
    Discrete Jitter          (DJ):    0.000ns
    Phase Error              (PE):    0.000ns

    Location             Delay type                Incr(ns)  Path(ns)    Netlist Resource(s)
  -------------------------------------------------------------------    -------------------
                         (clock accelerator_clk rise edge)
                                                      0.000     0.000 r  
                                                      0.000     0.000 r  aclk (IN)
                         net (fo=3054, unset)         0.060     0.060    u_compute_core/u_energy64/energy_acc1/CLK
                         DSP_A_B_DATA                                 r  u_compute_core/u_energy64/energy_acc1/DSP_A_B_DATA_INST/CLK
  -------------------------------------------------------------------    -------------------
                         DSP_A_B_DATA (Prop_DSP_A_B_DATA_CLK_B2_DATA[1])
                                                      0.212     0.272 r  u_compute_core/u_energy64/energy_acc1/DSP_A_B_DATA_INST/B2_DATA[1]
                         net (fo=1, unplaced)         0.000     0.272    u_compute_core/u_energy64/energy_acc1/DSP_A_B_DATA.B2_DATA<1>
                         DSP_PREADD_DATA (Prop_DSP_PREADD_DATA_B2_DATA[1]_B2B1[1])
                                                      0.073     0.345 r  u_compute_core/u_energy64/energy_acc1/DSP_PREADD_DATA_INST/B2B1[1]
                         net (fo=1, unplaced)         0.000     0.345    u_compute_core/u_energy64/energy_acc1/DSP_PREADD_DATA.B2B1<1>
                         DSP_MULTIPLIER (Prop_DSP_MULTIPLIER_B2B1[1]_V[0])
                                                      0.609     0.954 f  u_compute_core/u_energy64/energy_acc1/DSP_MULTIPLIER_INST/V[0]
                         net (fo=1, unplaced)         0.000     0.954    u_compute_core/u_energy64/energy_acc1/DSP_MULTIPLIER.V<0>
                         DSP_M_DATA (Prop_DSP_M_DATA_V[0]_V_DATA[0])
                                                      0.046     1.000 r  u_compute_core/u_energy64/energy_acc1/DSP_M_DATA_INST/V_DATA[0]
                         net (fo=1, unplaced)         0.000     1.000    u_compute_core/u_energy64/energy_acc1/DSP_M_DATA.V_DATA<0>
                         DSP_ALU (Prop_DSP_ALU_V_DATA[0]_ALU_OUT[0])
                                                      0.571     1.571 f  u_compute_core/u_energy64/energy_acc1/DSP_ALU_INST/ALU_OUT[0]
                         net (fo=1, unplaced)         0.000     1.571    u_compute_core/u_energy64/energy_acc1/DSP_ALU.ALU_OUT<0>
                         DSP_OUTPUT (Prop_DSP_OUTPUT_ALU_OUT[0]_P[0])
                                                      0.109     1.680 r  u_compute_core/u_energy64/energy_acc1/DSP_OUTPUT_INST/P[0]
                         net (fo=66, unplaced)        0.299     1.979    u_compute_core/u_energy64/energy_acc1_n_105
                         LUT6 (Prop_LUT6_I0_O)        0.150     2.129 r  u_compute_core/u_energy64/energy_acc0_carry_i_7/O
                         net (fo=2, unplaced)         0.186     2.315    u_compute_core/u_energy64/energy_acc0_carry_i_7_n_0
                         LUT6 (Prop_LUT6_I0_O)        0.037     2.352 r  u_compute_core/u_energy64/energy_acc0_carry_i_14/O
                         net (fo=1, unplaced)         0.023     2.375    u_compute_core/u_energy64/energy_acc0_carry_i_14_n_0
                         CARRY8 (Prop_CARRY8_S[1]_CO[7])
                                                      0.197     2.572 r  u_compute_core/u_energy64/energy_acc0_carry/CO[7]
                         net (fo=1, unplaced)         0.005     2.577    u_compute_core/u_energy64/energy_acc0_carry_n_0
                         CARRY8 (Prop_CARRY8_CI_CO[7])
                                                      0.022     2.599 r  u_compute_core/u_energy64/energy_acc0_carry__0/CO[7]
                         net (fo=1, unplaced)         0.005     2.604    u_compute_core/u_energy64/energy_acc0_carry__0_n_0
                         CARRY8 (Prop_CARRY8_CI_CO[7])
                                                      0.022     2.626 r  u_compute_core/u_energy64/energy_acc0_carry__1/CO[7]
                         net (fo=1, unplaced)         0.005     2.631    u_compute_core/u_energy64/energy_acc0_carry__1_n_0
                         CARRY8 (Prop_CARRY8_CI_O[5])
                                                      0.116     2.747 r  u_compute_core/u_energy64/energy_acc0_carry__2/O[5]
                         net (fo=1, unplaced)         0.025     2.772    u_compute_core/u_energy64/energy_next_ext[29]
                         FDRE                                         r  u_compute_core/u_energy64/m_axis_tdata_reg[45]/D
  -------------------------------------------------------------------    -------------------

                         (clock accelerator_clk rise edge)
                                                      6.667     6.667 r  
                                                      0.000     6.667 r  aclk (IN)
                         net (fo=3054, unset)         0.021     6.688    u_compute_core/u_energy64/aclk
                         FDRE                                         r  u_compute_core/u_energy64/m_axis_tdata_reg[45]/C
                         clock pessimism              0.000     6.688    
                         clock uncertainty           -0.035     6.653    
                         FDRE (Setup_FDRE_C_D)        0.025     6.678    u_compute_core/u_energy64/m_axis_tdata_reg[45]
  -------------------------------------------------------------------
                         required time                          6.678    
                         arrival time                          -2.772    
  -------------------------------------------------------------------
                         slack                                  3.906    

Slack (MET) :             3.909ns  (required time - arrival time)
  Source:                 u_compute_core/u_energy64/energy_acc1/DSP_A_B_DATA_INST/CLK
                            (rising edge-triggered cell DSP_A_B_DATA clocked by accelerator_clk  {rise@0.000ns fall@3.333ns period=6.667ns})
  Destination:            u_compute_core/u_energy64/m_axis_tdata_reg[52]/D
                            (rising edge-triggered cell FDRE clocked by accelerator_clk  {rise@0.000ns fall@3.333ns period=6.667ns})
  Path Group:             accelerator_clk
  Path Type:              Setup (Max at Slow Process Corner)
  Requirement:            6.667ns  (accelerator_clk rise@6.667ns - accelerator_clk rise@0.000ns)
  Data Path Delay:        2.709ns  (logic 2.156ns (79.587%)  route 0.553ns (20.413%))
  Logic Levels:           12  (CARRY8=5 DSP_ALU=1 DSP_M_DATA=1 DSP_MULTIPLIER=1 DSP_OUTPUT=1 DSP_PREADD_DATA=1 LUT6=2)
  Clock Path Skew:        -0.039ns (DCD - SCD + CPR)
    Destination Clock Delay (DCD):    0.021ns = ( 6.688 - 6.667 ) 
    Source Clock Delay      (SCD):    0.060ns
    Clock Pessimism Removal (CPR):    0.000ns
  Clock Uncertainty:      0.035ns  ((TSJ^2 + TIJ^2)^1/2 + DJ) / 2 + PE
    Total System Jitter     (TSJ):    0.071ns
    Total Input Jitter      (TIJ):    0.000ns
    Discrete Jitter          (DJ):    0.000ns
    Phase Error              (PE):    0.000ns

    Location             Delay type                Incr(ns)  Path(ns)    Netlist Resource(s)
  -------------------------------------------------------------------    -------------------
                         (clock accelerator_clk rise edge)
                                                      0.000     0.000 r  
                                                      0.000     0.000 r  aclk (IN)
                         net (fo=3054, unset)         0.060     0.060    u_compute_core/u_energy64/energy_acc1/CLK
                         DSP_A_B_DATA                                 r  u_compute_core/u_energy64/energy_acc1/DSP_A_B_DATA_INST/CLK
  -------------------------------------------------------------------    -------------------
                         DSP_A_B_DATA (Prop_DSP_A_B_DATA_CLK_B2_DATA[1])
                                                      0.212     0.272 r  u_compute_core/u_energy64/energy_acc1/DSP_A_B_DATA_INST/B2_DATA[1]
                         net (fo=1, unplaced)         0.000     0.272    u_compute_core/u_energy64/energy_acc1/DSP_A_B_DATA.B2_DATA<1>
                         DSP_PREADD_DATA (Prop_DSP_PREADD_DATA_B2_DATA[1]_B2B1[1])
                                                      0.073     0.345 r  u_compute_core/u_energy64/energy_acc1/DSP_PREADD_DATA_INST/B2B1[1]
                         net (fo=1, unplaced)         0.000     0.345    u_compute_core/u_energy64/energy_acc1/DSP_PREADD_DATA.B2B1<1>
                         DSP_MULTIPLIER (Prop_DSP_MULTIPLIER_B2B1[1]_V[0])
                                                      0.609     0.954 f  u_compute_core/u_energy64/energy_acc1/DSP_MULTIPLIER_INST/V[0]
                         net (fo=1, unplaced)         0.000     0.954    u_compute_core/u_energy64/energy_acc1/DSP_MULTIPLIER.V<0>
                         DSP_M_DATA (Prop_DSP_M_DATA_V[0]_V_DATA[0])
                                                      0.046     1.000 r  u_compute_core/u_energy64/energy_acc1/DSP_M_DATA_INST/V_DATA[0]
                         net (fo=1, unplaced)         0.000     1.000    u_compute_core/u_energy64/energy_acc1/DSP_M_DATA.V_DATA<0>
                         DSP_ALU (Prop_DSP_ALU_V_DATA[0]_ALU_OUT[0])
                                                      0.571     1.571 f  u_compute_core/u_energy64/energy_acc1/DSP_ALU_INST/ALU_OUT[0]
                         net (fo=1, unplaced)         0.000     1.571    u_compute_core/u_energy64/energy_acc1/DSP_ALU.ALU_OUT<0>
                         DSP_OUTPUT (Prop_DSP_OUTPUT_ALU_OUT[0]_P[0])
                                                      0.109     1.680 r  u_compute_core/u_energy64/energy_acc1/DSP_OUTPUT_INST/P[0]
                         net (fo=66, unplaced)        0.299     1.979    u_compute_core/u_energy64/energy_acc1_n_105
                         LUT6 (Prop_LUT6_I0_O)        0.150     2.129 r  u_compute_core/u_energy64/energy_acc0_carry_i_7/O
                         net (fo=2, unplaced)         0.186     2.315    u_compute_core/u_energy64/energy_acc0_carry_i_7_n_0
                         LUT6 (Prop_LUT6_I0_O)        0.037     2.352 r  u_compute_core/u_energy64/energy_acc0_carry_i_14/O
                         net (fo=1, unplaced)         0.023     2.375    u_compute_core/u_energy64/energy_acc0_carry_i_14_n_0
                         CARRY8 (Prop_CARRY8_S[1]_CO[7])
                                                      0.197     2.572 r  u_compute_core/u_energy64/energy_acc0_carry/CO[7]
                         net (fo=1, unplaced)         0.005     2.577    u_compute_core/u_energy64/energy_acc0_carry_n_0
                         CARRY8 (Prop_CARRY8_CI_CO[7])
                                                      0.022     2.599 r  u_compute_core/u_energy64/energy_acc0_carry__0/CO[7]
                         net (fo=1, unplaced)         0.005     2.604    u_compute_core/u_energy64/energy_acc0_carry__0_n_0
                         CARRY8 (Prop_CARRY8_CI_CO[7])
                                                      0.022     2.626 r  u_compute_core/u_energy64/energy_acc0_carry__1/CO[7]
                         net (fo=1, unplaced)         0.005     2.631    u_compute_core/u_energy64/energy_acc0_carry__1_n_0
                         CARRY8 (Prop_CARRY8_CI_CO[7])
                                                      0.022     2.653 r  u_compute_core/u_energy64/energy_acc0_carry__2/CO[7]
                         net (fo=1, unplaced)         0.005     2.658    u_compute_core/u_energy64/energy_acc0_carry__2_n_0
                         CARRY8 (Prop_CARRY8_CI_O[4])
                                                      0.086     2.744 r  u_compute_core/u_energy64/energy_acc0_carry__3/O[4]
                         net (fo=1, unplaced)         0.025     2.769    u_compute_core/u_energy64/energy_next_ext[36]
                         FDRE                                         r  u_compute_core/u_energy64/m_axis_tdata_reg[52]/D
  -------------------------------------------------------------------    -------------------

                         (clock accelerator_clk rise edge)
                                                      6.667     6.667 r  
                                                      0.000     6.667 r  aclk (IN)
                         net (fo=3054, unset)         0.021     6.688    u_compute_core/u_energy64/aclk
                         FDRE                                         r  u_compute_core/u_energy64/m_axis_tdata_reg[52]/C
                         clock pessimism              0.000     6.688    
                         clock uncertainty           -0.035     6.653    
                         FDRE (Setup_FDRE_C_D)        0.025     6.678    u_compute_core/u_energy64/m_axis_tdata_reg[52]
  -------------------------------------------------------------------
                         required time                          6.678    
                         arrival time                          -2.769    
  -------------------------------------------------------------------
                         slack                                  3.909    

Slack (MET) :             3.912ns  (required time - arrival time)
  Source:                 u_compute_core/u_energy64/energy_acc1/DSP_A_B_DATA_INST/CLK
                            (rising edge-triggered cell DSP_A_B_DATA clocked by accelerator_clk  {rise@0.000ns fall@3.333ns period=6.667ns})
  Destination:            u_compute_core/u_energy64/m_axis_tdata_reg[51]/D
                            (rising edge-triggered cell FDRE clocked by accelerator_clk  {rise@0.000ns fall@3.333ns period=6.667ns})
  Path Group:             accelerator_clk
  Path Type:              Setup (Max at Slow Process Corner)
  Requirement:            6.667ns  (accelerator_clk rise@6.667ns - accelerator_clk rise@0.000ns)
  Data Path Delay:        2.706ns  (logic 2.152ns (79.527%)  route 0.554ns (20.473%))
  Logic Levels:           12  (CARRY8=5 DSP_ALU=1 DSP_M_DATA=1 DSP_MULTIPLIER=1 DSP_OUTPUT=1 DSP_PREADD_DATA=1 LUT6=2)
  Clock Path Skew:        -0.039ns (DCD - SCD + CPR)
    Destination Clock Delay (DCD):    0.021ns = ( 6.688 - 6.667 ) 
    Source Clock Delay      (SCD):    0.060ns
    Clock Pessimism Removal (CPR):    0.000ns
  Clock Uncertainty:      0.035ns  ((TSJ^2 + TIJ^2)^1/2 + DJ) / 2 + PE
    Total System Jitter     (TSJ):    0.071ns
    Total Input Jitter      (TIJ):    0.000ns
    Discrete Jitter          (DJ):    0.000ns
    Phase Error              (PE):    0.000ns

    Location             Delay type                Incr(ns)  Path(ns)    Netlist Resource(s)
  -------------------------------------------------------------------    -------------------
                         (clock accelerator_clk rise edge)
                                                      0.000     0.000 r  
                                                      0.000     0.000 r  aclk (IN)
                         net (fo=3054, unset)         0.060     0.060    u_compute_core/u_energy64/energy_acc1/CLK
                         DSP_A_B_DATA                                 r  u_compute_core/u_energy64/energy_acc1/DSP_A_B_DATA_INST/CLK
  -------------------------------------------------------------------    -------------------
                         DSP_A_B_DATA (Prop_DSP_A_B_DATA_CLK_B2_DATA[1])
                                                      0.212     0.272 r  u_compute_core/u_energy64/energy_acc1/DSP_A_B_DATA_INST/B2_DATA[1]
                         net (fo=1, unplaced)         0.000     0.272    u_compute_core/u_energy64/energy_acc1/DSP_A_B_DATA.B2_DATA<1>
                         DSP_PREADD_DATA (Prop_DSP_PREADD_DATA_B2_DATA[1]_B2B1[1])
                                                      0.073     0.345 r  u_compute_core/u_energy64/energy_acc1/DSP_PREADD_DATA_INST/B2B1[1]
                         net (fo=1, unplaced)         0.000     0.345    u_compute_core/u_energy64/energy_acc1/DSP_PREADD_DATA.B2B1<1>
                         DSP_MULTIPLIER (Prop_DSP_MULTIPLIER_B2B1[1]_V[0])
                                                      0.609     0.954 f  u_compute_core/u_energy64/energy_acc1/DSP_MULTIPLIER_INST/V[0]
                         net (fo=1, unplaced)         0.000     0.954    u_compute_core/u_energy64/energy_acc1/DSP_MULTIPLIER.V<0>
                         DSP_M_DATA (Prop_DSP_M_DATA_V[0]_V_DATA[0])
                                                      0.046     1.000 r  u_compute_core/u_energy64/energy_acc1/DSP_M_DATA_INST/V_DATA[0]
                         net (fo=1, unplaced)         0.000     1.000    u_compute_core/u_energy64/energy_acc1/DSP_M_DATA.V_DATA<0>
                         DSP_ALU (Prop_DSP_ALU_V_DATA[0]_ALU_OUT[0])
                                                      0.571     1.571 f  u_compute_core/u_energy64/energy_acc1/DSP_ALU_INST/ALU_OUT[0]
                         net (fo=1, unplaced)         0.000     1.571    u_compute_core/u_energy64/energy_acc1/DSP_ALU.ALU_OUT<0>
                         DSP_OUTPUT (Prop_DSP_OUTPUT_ALU_OUT[0]_P[0])
                                                      0.109     1.680 r  u_compute_core/u_energy64/energy_acc1/DSP_OUTPUT_INST/P[0]
                         net (fo=66, unplaced)        0.299     1.979    u_compute_core/u_energy64/energy_acc1_n_105
                         LUT6 (Prop_LUT6_I0_O)        0.150     2.129 r  u_compute_core/u_energy64/energy_acc0_carry_i_7/O
                         net (fo=2, unplaced)         0.186     2.315    u_compute_core/u_energy64/energy_acc0_carry_i_7_n_0
                         LUT6 (Prop_LUT6_I0_O)        0.037     2.352 r  u_compute_core/u_energy64/energy_acc0_carry_i_14/O
                         net (fo=1, unplaced)         0.023     2.375    u_compute_core/u_energy64/energy_acc0_carry_i_14_n_0
                         CARRY8 (Prop_CARRY8_S[1]_CO[7])
                                                      0.197     2.572 r  u_compute_core/u_energy64/energy_acc0_carry/CO[7]
                         net (fo=1, unplaced)         0.005     2.577    u_compute_core/u_energy64/energy_acc0_carry_n_0
                         CARRY8 (Prop_CARRY8_CI_CO[7])
                                                      0.022     2.599 r  u_compute_core/u_energy64/energy_acc0_carry__0/CO[7]
                         net (fo=1, unplaced)         0.005     2.604    u_compute_core/u_energy64/energy_acc0_carry__0_n_0
                         CARRY8 (Prop_CARRY8_CI_CO[7])
                                                      0.022     2.626 r  u_compute_core/u_energy64/energy_acc0_carry__1/CO[7]
                         net (fo=1, unplaced)         0.005     2.631    u_compute_core/u_energy64/energy_acc0_carry__1_n_0
                         CARRY8 (Prop_CARRY8_CI_CO[7])
                                                      0.022     2.653 r  u_compute_core/u_energy64/energy_acc0_carry__2/CO[7]
                         net (fo=1, unplaced)         0.005     2.658    u_compute_core/u_energy64/energy_acc0_carry__2_n_0
                         CARRY8 (Prop_CARRY8_CI_O[3])
                                                      0.082     2.740 r  u_compute_core/u_energy64/energy_acc0_carry__3/O[3]
                         net (fo=1, unplaced)         0.026     2.766    u_compute_core/u_energy64/energy_next_ext[35]
                         FDRE                                         r  u_compute_core/u_energy64/m_axis_tdata_reg[51]/D
  -------------------------------------------------------------------    -------------------

                         (clock accelerator_clk rise edge)
                                                      6.667     6.667 r  
                                                      0.000     6.667 r  aclk (IN)
                         net (fo=3054, unset)         0.021     6.688    u_compute_core/u_energy64/aclk
                         FDRE                                         r  u_compute_core/u_energy64/m_axis_tdata_reg[51]/C
                         clock pessimism              0.000     6.688    
                         clock uncertainty           -0.035     6.653    
                         FDRE (Setup_FDRE_C_D)        0.025     6.678    u_compute_core/u_energy64/m_axis_tdata_reg[51]
  -------------------------------------------------------------------
                         required time                          6.678    
                         arrival time                          -2.766    
  -------------------------------------------------------------------
                         slack                                  3.912    

Slack (MET) :             3.917ns  (required time - arrival time)
  Source:                 u_compute_core/u_fir32/sum_s5_reg[14]/C
                            (rising edge-triggered cell FDRE clocked by accelerator_clk  {rise@0.000ns fall@3.333ns period=6.667ns})
  Destination:            u_compute_core/u_energy64/energy_acc1/DSP_A_B_DATA_INST/A[25]
                            (rising edge-triggered cell DSP_A_B_DATA clocked by accelerator_clk  {rise@0.000ns fall@3.333ns period=6.667ns})
  Path Group:             accelerator_clk
  Path Type:              Setup (Max at Slow Process Corner)
  Requirement:            6.667ns  (accelerator_clk rise@6.667ns - accelerator_clk rise@0.000ns)
  Data Path Delay:        2.429ns  (logic 0.964ns (39.687%)  route 1.465ns (60.313%))
  Logic Levels:           10  (CARRY8=6 LUT1=2 LUT3=1 LUT6=1)
  Clock Path Skew:        0.013ns (DCD - SCD + CPR)
    Destination Clock Delay (DCD):    0.043ns = ( 6.710 - 6.667 ) 
    Source Clock Delay      (SCD):    0.030ns
    Clock Pessimism Removal (CPR):    0.000ns
  Clock Uncertainty:      0.035ns  ((TSJ^2 + TIJ^2)^1/2 + DJ) / 2 + PE
    Total System Jitter     (TSJ):    0.071ns
    Total Input Jitter      (TIJ):    0.000ns
    Discrete Jitter          (DJ):    0.000ns
    Phase Error              (PE):    0.000ns

    Location             Delay type                Incr(ns)  Path(ns)    Netlist Resource(s)
  -------------------------------------------------------------------    -------------------
                         (clock accelerator_clk rise edge)
                                                      0.000     0.000 r  
                                                      0.000     0.000 r  aclk (IN)
                         net (fo=3054, unset)         0.030     0.030    u_compute_core/u_fir32/aclk
                         FDRE                                         r  u_compute_core/u_fir32/sum_s5_reg[14]/C
  -------------------------------------------------------------------    -------------------
                         FDRE (Prop_FDRE_C_Q)         0.078     0.108 f  u_compute_core/u_fir32/sum_s5_reg[14]/Q
                         net (fo=4, unplaced)         0.149     0.257    u_compute_core/u_fir32/sum_s5[14]
                         LUT1 (Prop_LUT1_I0_O)        0.074     0.331 r  u_compute_core/u_fir32/energy_acc1_i_20/O
                         net (fo=1, unplaced)         0.238     0.569    u_compute_core/u_fir32/energy_acc1_i_20_n_0
                         CARRY8 (Prop_CARRY8_DI[5]_CO[7])
                                                      0.097     0.666 r  u_compute_core/u_fir32/energy_acc1_i_18/CO[7]
                         net (fo=1, unplaced)         0.005     0.671    u_compute_core/u_fir32/energy_acc1_i_18_n_0
                         CARRY8 (Prop_CARRY8_CI_O[4])
                                                      0.086     0.757 f  u_compute_core/u_fir32/i__carry_i_10/O[4]
                         net (fo=1, unplaced)         0.184     0.941    u_compute_core/u_fir32/rounded2[21]
                         LUT1 (Prop_LUT1_I0_O)        0.037     0.978 r  u_compute_core/u_fir32/i__carry_i_4__0/O
                         net (fo=1, unplaced)         0.029     1.007    u_compute_core/u_fir32/i__carry_i_4__0_n_0
                         CARRY8 (Prop_CARRY8_S[5]_CO[7])
                                                      0.166     1.173 r  u_compute_core/u_fir32/_inferred__8/i__carry/CO[7]
                         net (fo=1, unplaced)         0.005     1.178    u_compute_core/u_fir32/_inferred__8/i__carry_n_0
                         CARRY8 (Prop_CARRY8_CI_O[6])
                                                      0.103     1.281 f  u_compute_core/u_fir32/_inferred__8/i__carry__0/O[6]
                         net (fo=6, unplaced)         0.160     1.441    u_compute_core/u_fir32/rounded0[15]
                         LUT3 (Prop_LUT3_I1_O)        0.070     1.511 f  u_compute_core/u_fir32/i__carry_i_5__0/O
                         net (fo=1, unplaced)         0.260     1.771    u_compute_core/u_fir32/i__carry_i_5__0_n_0
                         CARRY8 (Prop_CARRY8_DI[0]_CO[7])
                                                      0.140     1.911 f  u_compute_core/u_fir32/quantize_q151_inferred__0/i__carry/CO[7]
                         net (fo=1, unplaced)         0.005     1.916    u_compute_core/u_fir32/quantize_q151_inferred__0/i__carry_n_0
                         CARRY8 (Prop_CARRY8_CI_CO[3])
                                                      0.060     1.976 f  u_compute_core/u_fir32/quantize_q151_inferred__0/i__carry__0/CO[3]
                         net (fo=32, unplaced)        0.197     2.173    u_compute_core/u_fir32/quantize_q1510_in
                         LUT6 (Prop_LUT6_I1_O)        0.053     2.226 r  u_compute_core/u_fir32/energy_acc1_i_2/O
                         net (fo=18, unplaced)        0.233     2.459    u_compute_core/u_energy64/energy_acc1/A[25]
                         DSP_A_B_DATA                                 r  u_compute_core/u_energy64/energy_acc1/DSP_A_B_DATA_INST/A[25]
  -------------------------------------------------------------------    -------------------

                         (clock accelerator_clk rise edge)
                                                      6.667     6.667 r  
                                                      0.000     6.667 r  aclk (IN)
                         net (fo=3054, unset)         0.043     6.710    u_compute_core/u_energy64/energy_acc1/CLK
                         DSP_A_B_DATA                                 r  u_compute_core/u_energy64/energy_acc1/DSP_A_B_DATA_INST/CLK
                         clock pessimism              0.000     6.710    
                         clock uncertainty           -0.035     6.675    
                         DSP_A_B_DATA (Setup_DSP_A_B_DATA_CLK_A[25])
                                                     -0.299     6.376    u_compute_core/u_energy64/energy_acc1/DSP_A_B_DATA_INST
  -------------------------------------------------------------------
                         required time                          6.376    
                         arrival time                          -2.459    
  -------------------------------------------------------------------
                         slack                                  3.917    

Slack (MET) :             3.918ns  (required time - arrival time)
  Source:                 u_compute_core/u_energy64/energy_acc1/DSP_A_B_DATA_INST/CLK
                            (rising edge-triggered cell DSP_A_B_DATA clocked by accelerator_clk  {rise@0.000ns fall@3.333ns period=6.667ns})
  Destination:            u_compute_core/u_energy64/m_axis_tdata_reg[46]/D
                            (rising edge-triggered cell FDRE clocked by accelerator_clk  {rise@0.000ns fall@3.333ns period=6.667ns})
  Path Group:             accelerator_clk
  Path Type:              Setup (Max at Slow Process Corner)
  Requirement:            6.667ns  (accelerator_clk rise@6.667ns - accelerator_clk rise@0.000ns)
  Data Path Delay:        2.700ns  (logic 2.151ns (79.667%)  route 0.549ns (20.333%))
  Logic Levels:           11  (CARRY8=4 DSP_ALU=1 DSP_M_DATA=1 DSP_MULTIPLIER=1 DSP_OUTPUT=1 DSP_PREADD_DATA=1 LUT6=2)
  Clock Path Skew:        -0.039ns (DCD - SCD + CPR)
    Destination Clock Delay (DCD):    0.021ns = ( 6.688 - 6.667 ) 
    Source Clock Delay      (SCD):    0.060ns
    Clock Pessimism Removal (CPR):    0.000ns
  Clock Uncertainty:      0.035ns  ((TSJ^2 + TIJ^2)^1/2 + DJ) / 2 + PE
    Total System Jitter     (TSJ):    0.071ns
    Total Input Jitter      (TIJ):    0.000ns
    Discrete Jitter          (DJ):    0.000ns
    Phase Error              (PE):    0.000ns

    Location             Delay type                Incr(ns)  Path(ns)    Netlist Resource(s)
  -------------------------------------------------------------------    -------------------
                         (clock accelerator_clk rise edge)
                                                      0.000     0.000 r  
                                                      0.000     0.000 r  aclk (IN)
                         net (fo=3054, unset)         0.060     0.060    u_compute_core/u_energy64/energy_acc1/CLK
                         DSP_A_B_DATA                                 r  u_compute_core/u_energy64/energy_acc1/DSP_A_B_DATA_INST/CLK
  -------------------------------------------------------------------    -------------------
                         DSP_A_B_DATA (Prop_DSP_A_B_DATA_CLK_B2_DATA[1])
                                                      0.212     0.272 r  u_compute_core/u_energy64/energy_acc1/DSP_A_B_DATA_INST/B2_DATA[1]
                         net (fo=1, unplaced)         0.000     0.272    u_compute_core/u_energy64/energy_acc1/DSP_A_B_DATA.B2_DATA<1>
                         DSP_PREADD_DATA (Prop_DSP_PREADD_DATA_B2_DATA[1]_B2B1[1])
                                                      0.073     0.345 r  u_compute_core/u_energy64/energy_acc1/DSP_PREADD_DATA_INST/B2B1[1]
                         net (fo=1, unplaced)         0.000     0.345    u_compute_core/u_energy64/energy_acc1/DSP_PREADD_DATA.B2B1<1>
                         DSP_MULTIPLIER (Prop_DSP_MULTIPLIER_B2B1[1]_V[0])
                                                      0.609     0.954 f  u_compute_core/u_energy64/energy_acc1/DSP_MULTIPLIER_INST/V[0]
                         net (fo=1, unplaced)         0.000     0.954    u_compute_core/u_energy64/energy_acc1/DSP_MULTIPLIER.V<0>
                         DSP_M_DATA (Prop_DSP_M_DATA_V[0]_V_DATA[0])
                                                      0.046     1.000 r  u_compute_core/u_energy64/energy_acc1/DSP_M_DATA_INST/V_DATA[0]
                         net (fo=1, unplaced)         0.000     1.000    u_compute_core/u_energy64/energy_acc1/DSP_M_DATA.V_DATA<0>
                         DSP_ALU (Prop_DSP_ALU_V_DATA[0]_ALU_OUT[0])
                                                      0.571     1.571 f  u_compute_core/u_energy64/energy_acc1/DSP_ALU_INST/ALU_OUT[0]
                         net (fo=1, unplaced)         0.000     1.571    u_compute_core/u_energy64/energy_acc1/DSP_ALU.ALU_OUT<0>
                         DSP_OUTPUT (Prop_DSP_OUTPUT_ALU_OUT[0]_P[0])
                                                      0.109     1.680 r  u_compute_core/u_energy64/energy_acc1/DSP_OUTPUT_INST/P[0]
                         net (fo=66, unplaced)        0.299     1.979    u_compute_core/u_energy64/energy_acc1_n_105
                         LUT6 (Prop_LUT6_I0_O)        0.150     2.129 r  u_compute_core/u_energy64/energy_acc0_carry_i_7/O
                         net (fo=2, unplaced)         0.186     2.315    u_compute_core/u_energy64/energy_acc0_carry_i_7_n_0
                         LUT6 (Prop_LUT6_I0_O)        0.037     2.352 r  u_compute_core/u_energy64/energy_acc0_carry_i_14/O
                         net (fo=1, unplaced)         0.023     2.375    u_compute_core/u_energy64/energy_acc0_carry_i_14_n_0
                         CARRY8 (Prop_CARRY8_S[1]_CO[7])
                                                      0.197     2.572 r  u_compute_core/u_energy64/energy_acc0_carry/CO[7]
                         net (fo=1, unplaced)         0.005     2.577    u_compute_core/u_energy64/energy_acc0_carry_n_0
                         CARRY8 (Prop_CARRY8_CI_CO[7])
                                                      0.022     2.599 r  u_compute_core/u_energy64/energy_acc0_carry__0/CO[7]
                         net (fo=1, unplaced)         0.005     2.604    u_compute_core/u_energy64/energy_acc0_carry__0_n_0
                         CARRY8 (Prop_CARRY8_CI_CO[7])
                                                      0.022     2.626 r  u_compute_core/u_energy64/energy_acc0_carry__1/CO[7]
                         net (fo=1, unplaced)         0.005     2.631    u_compute_core/u_energy64/energy_acc0_carry__1_n_0
                         CARRY8 (Prop_CARRY8_CI_O[6])
                                                      0.103     2.734 r  u_compute_core/u_energy64/energy_acc0_carry__2/O[6]
                         net (fo=1, unplaced)         0.026     2.760    u_compute_core/u_energy64/energy_next_ext[30]
                         FDRE                                         r  u_compute_core/u_energy64/m_axis_tdata_reg[46]/D
  -------------------------------------------------------------------    -------------------

                         (clock accelerator_clk rise edge)
                                                      6.667     6.667 r  
                                                      0.000     6.667 r  aclk (IN)
                         net (fo=3054, unset)         0.021     6.688    u_compute_core/u_energy64/aclk
                         FDRE                                         r  u_compute_core/u_energy64/m_axis_tdata_reg[46]/C
                         clock pessimism              0.000     6.688    
                         clock uncertainty           -0.035     6.653    
                         FDRE (Setup_FDRE_C_D)        0.025     6.678    u_compute_core/u_energy64/m_axis_tdata_reg[46]
  -------------------------------------------------------------------
                         required time                          6.678    
                         arrival time                          -2.760    
  -------------------------------------------------------------------
                         slack                                  3.918    

Slack (MET) :             3.919ns  (required time - arrival time)
  Source:                 u_compute_core/u_energy64/energy_acc1/DSP_A_B_DATA_INST/CLK
                            (rising edge-triggered cell DSP_A_B_DATA clocked by accelerator_clk  {rise@0.000ns fall@3.333ns period=6.667ns})
  Destination:            u_compute_core/u_energy64/m_axis_tdata_reg[49]/D
                            (rising edge-triggered cell FDRE clocked by accelerator_clk  {rise@0.000ns fall@3.333ns period=6.667ns})
  Path Group:             accelerator_clk
  Path Type:              Setup (Max at Slow Process Corner)
  Requirement:            6.667ns  (accelerator_clk rise@6.667ns - accelerator_clk rise@0.000ns)
  Data Path Delay:        2.699ns  (logic 2.146ns (79.511%)  route 0.553ns (20.489%))
  Logic Levels:           12  (CARRY8=5 DSP_ALU=1 DSP_M_DATA=1 DSP_MULTIPLIER=1 DSP_OUTPUT=1 DSP_PREADD_DATA=1 LUT6=2)
  Clock Path Skew:        -0.039ns (DCD - SCD + CPR)
    Destination Clock Delay (DCD):    0.021ns = ( 6.688 - 6.667 ) 
    Source Clock Delay      (SCD):    0.060ns
    Clock Pessimism Removal (CPR):    0.000ns
  Clock Uncertainty:      0.035ns  ((TSJ^2 + TIJ^2)^1/2 + DJ) / 2 + PE
    Total System Jitter     (TSJ):    0.071ns
    Total Input Jitter      (TIJ):    0.000ns
    Discrete Jitter          (DJ):    0.000ns
    Phase Error              (PE):    0.000ns

    Location             Delay type                Incr(ns)  Path(ns)    Netlist Resource(s)
  -------------------------------------------------------------------    -------------------
                         (clock accelerator_clk rise edge)
                                                      0.000     0.000 r  
                                                      0.000     0.000 r  aclk (IN)
                         net (fo=3054, unset)         0.060     0.060    u_compute_core/u_energy64/energy_acc1/CLK
                         DSP_A_B_DATA                                 r  u_compute_core/u_energy64/energy_acc1/DSP_A_B_DATA_INST/CLK
  -------------------------------------------------------------------    -------------------
                         DSP_A_B_DATA (Prop_DSP_A_B_DATA_CLK_B2_DATA[1])
                                                      0.212     0.272 r  u_compute_core/u_energy64/energy_acc1/DSP_A_B_DATA_INST/B2_DATA[1]
                         net (fo=1, unplaced)         0.000     0.272    u_compute_core/u_energy64/energy_acc1/DSP_A_B_DATA.B2_DATA<1>
                         DSP_PREADD_DATA (Prop_DSP_PREADD_DATA_B2_DATA[1]_B2B1[1])
                                                      0.073     0.345 r  u_compute_core/u_energy64/energy_acc1/DSP_PREADD_DATA_INST/B2B1[1]
                         net (fo=1, unplaced)         0.000     0.345    u_compute_core/u_energy64/energy_acc1/DSP_PREADD_DATA.B2B1<1>
                         DSP_MULTIPLIER (Prop_DSP_MULTIPLIER_B2B1[1]_V[0])
                                                      0.609     0.954 f  u_compute_core/u_energy64/energy_acc1/DSP_MULTIPLIER_INST/V[0]
                         net (fo=1, unplaced)         0.000     0.954    u_compute_core/u_energy64/energy_acc1/DSP_MULTIPLIER.V<0>
                         DSP_M_DATA (Prop_DSP_M_DATA_V[0]_V_DATA[0])
                                                      0.046     1.000 r  u_compute_core/u_energy64/energy_acc1/DSP_M_DATA_INST/V_DATA[0]
                         net (fo=1, unplaced)         0.000     1.000    u_compute_core/u_energy64/energy_acc1/DSP_M_DATA.V_DATA<0>
                         DSP_ALU (Prop_DSP_ALU_V_DATA[0]_ALU_OUT[0])
                                                      0.571     1.571 f  u_compute_core/u_energy64/energy_acc1/DSP_ALU_INST/ALU_OUT[0]
                         net (fo=1, unplaced)         0.000     1.571    u_compute_core/u_energy64/energy_acc1/DSP_ALU.ALU_OUT<0>
                         DSP_OUTPUT (Prop_DSP_OUTPUT_ALU_OUT[0]_P[0])
                                                      0.109     1.680 r  u_compute_core/u_energy64/energy_acc1/DSP_OUTPUT_INST/P[0]
                         net (fo=66, unplaced)        0.299     1.979    u_compute_core/u_energy64/energy_acc1_n_105
                         LUT6 (Prop_LUT6_I0_O)        0.150     2.129 r  u_compute_core/u_energy64/energy_acc0_carry_i_7/O
                         net (fo=2, unplaced)         0.186     2.315    u_compute_core/u_energy64/energy_acc0_carry_i_7_n_0
                         LUT6 (Prop_LUT6_I0_O)        0.037     2.352 r  u_compute_core/u_energy64/energy_acc0_carry_i_14/O
                         net (fo=1, unplaced)         0.023     2.375    u_compute_core/u_energy64/energy_acc0_carry_i_14_n_0
                         CARRY8 (Prop_CARRY8_S[1]_CO[7])
                                                      0.197     2.572 r  u_compute_core/u_energy64/energy_acc0_carry/CO[7]
                         net (fo=1, unplaced)         0.005     2.577    u_compute_core/u_energy64/energy_acc0_carry_n_0
                         CARRY8 (Prop_CARRY8_CI_CO[7])
                                                      0.022     2.599 r  u_compute_core/u_energy64/energy_acc0_carry__0/CO[7]
                         net (fo=1, unplaced)         0.005     2.604    u_compute_core/u_energy64/energy_acc0_carry__0_n_0
                         CARRY8 (Prop_CARRY8_CI_CO[7])
                                                      0.022     2.626 r  u_compute_core/u_energy64/energy_acc0_carry__1/CO[7]
                         net (fo=1, unplaced)         0.005     2.631    u_compute_core/u_energy64/energy_acc0_carry__1_n_0
                         CARRY8 (Prop_CARRY8_CI_CO[7])
                                                      0.022     2.653 r  u_compute_core/u_energy64/energy_acc0_carry__2/CO[7]
                         net (fo=1, unplaced)         0.005     2.658    u_compute_core/u_energy64/energy_acc0_carry__2_n_0
                         CARRY8 (Prop_CARRY8_CI_O[1])
                                                      0.076     2.734 r  u_compute_core/u_energy64/energy_acc0_carry__3/O[1]
                         net (fo=1, unplaced)         0.025     2.759    u_compute_core/u_energy64/energy_next_ext[33]
                         FDRE                                         r  u_compute_core/u_energy64/m_axis_tdata_reg[49]/D
  -------------------------------------------------------------------    -------------------

                         (clock accelerator_clk rise edge)
                                                      6.667     6.667 r  
                                                      0.000     6.667 r  aclk (IN)
                         net (fo=3054, unset)         0.021     6.688    u_compute_core/u_energy64/aclk
                         FDRE                                         r  u_compute_core/u_energy64/m_axis_tdata_reg[49]/C
                         clock pessimism              0.000     6.688    
                         clock uncertainty           -0.035     6.653    
                         FDRE (Setup_FDRE_C_D)        0.025     6.678    u_compute_core/u_energy64/m_axis_tdata_reg[49]
  -------------------------------------------------------------------
                         required time                          6.678    
                         arrival time                          -2.759    
  -------------------------------------------------------------------
                         slack                                  3.919    

Slack (MET) :             3.921ns  (required time - arrival time)
  Source:                 u_compute_core/u_fir32/sum_s5_reg[14]/C
                            (rising edge-triggered cell FDRE clocked by accelerator_clk  {rise@0.000ns fall@3.333ns period=6.667ns})
  Destination:            u_compute_core/u_energy64/energy_acc1/DSP_A_B_DATA_INST/B[16]
                            (rising edge-triggered cell DSP_A_B_DATA clocked by accelerator_clk  {rise@0.000ns fall@3.333ns period=6.667ns})
  Path Group:             accelerator_clk
  Path Type:              Setup (Max at Slow Process Corner)
  Requirement:            6.667ns  (accelerator_clk rise@6.667ns - accelerator_clk rise@0.000ns)
  Data Path Delay:        2.470ns  (logic 0.964ns (39.028%)  route 1.506ns (60.972%))
  Logic Levels:           10  (CARRY8=6 LUT1=2 LUT3=1 LUT6=1)
  Clock Path Skew:        0.013ns (DCD - SCD + CPR)
    Destination Clock Delay (DCD):    0.043ns = ( 6.710 - 6.667 ) 
    Source Clock Delay      (SCD):    0.030ns
    Clock Pessimism Removal (CPR):    0.000ns
  Clock Uncertainty:      0.035ns  ((TSJ^2 + TIJ^2)^1/2 + DJ) / 2 + PE
    Total System Jitter     (TSJ):    0.071ns
    Total Input Jitter      (TIJ):    0.000ns
    Discrete Jitter          (DJ):    0.000ns
    Phase Error              (PE):    0.000ns

    Location             Delay type                Incr(ns)  Path(ns)    Netlist Resource(s)
  -------------------------------------------------------------------    -------------------
                         (clock accelerator_clk rise edge)
                                                      0.000     0.000 r  
                                                      0.000     0.000 r  aclk (IN)
                         net (fo=3054, unset)         0.030     0.030    u_compute_core/u_fir32/aclk
                         FDRE                                         r  u_compute_core/u_fir32/sum_s5_reg[14]/C
  -------------------------------------------------------------------    -------------------
                         FDRE (Prop_FDRE_C_Q)         0.078     0.108 f  u_compute_core/u_fir32/sum_s5_reg[14]/Q
                         net (fo=4, unplaced)         0.149     0.257    u_compute_core/u_fir32/sum_s5[14]
                         LUT1 (Prop_LUT1_I0_O)        0.074     0.331 r  u_compute_core/u_fir32/energy_acc1_i_20/O
                         net (fo=1, unplaced)         0.238     0.569    u_compute_core/u_fir32/energy_acc1_i_20_n_0
                         CARRY8 (Prop_CARRY8_DI[5]_CO[7])
                                                      0.097     0.666 r  u_compute_core/u_fir32/energy_acc1_i_18/CO[7]
                         net (fo=1, unplaced)         0.005     0.671    u_compute_core/u_fir32/energy_acc1_i_18_n_0
                         CARRY8 (Prop_CARRY8_CI_O[4])
                                                      0.086     0.757 f  u_compute_core/u_fir32/i__carry_i_10/O[4]
                         net (fo=1, unplaced)         0.184     0.941    u_compute_core/u_fir32/rounded2[21]
                         LUT1 (Prop_LUT1_I0_O)        0.037     0.978 r  u_compute_core/u_fir32/i__carry_i_4__0/O
                         net (fo=1, unplaced)         0.029     1.007    u_compute_core/u_fir32/i__carry_i_4__0_n_0
                         CARRY8 (Prop_CARRY8_S[5]_CO[7])
                                                      0.166     1.173 r  u_compute_core/u_fir32/_inferred__8/i__carry/CO[7]
                         net (fo=1, unplaced)         0.005     1.178    u_compute_core/u_fir32/_inferred__8/i__carry_n_0
                         CARRY8 (Prop_CARRY8_CI_O[6])
                                                      0.103     1.281 f  u_compute_core/u_fir32/_inferred__8/i__carry__0/O[6]
                         net (fo=6, unplaced)         0.160     1.441    u_compute_core/u_fir32/rounded0[15]
                         LUT3 (Prop_LUT3_I1_O)        0.070     1.511 f  u_compute_core/u_fir32/i__carry_i_5__0/O
                         net (fo=1, unplaced)         0.260     1.771    u_compute_core/u_fir32/i__carry_i_5__0_n_0
                         CARRY8 (Prop_CARRY8_DI[0]_CO[7])
                                                      0.140     1.911 f  u_compute_core/u_fir32/quantize_q151_inferred__0/i__carry/CO[7]
                         net (fo=1, unplaced)         0.005     1.916    u_compute_core/u_fir32/quantize_q151_inferred__0/i__carry_n_0
                         CARRY8 (Prop_CARRY8_CI_CO[3])
                                                      0.060     1.976 f  u_compute_core/u_fir32/quantize_q151_inferred__0/i__carry__0/CO[3]
                         net (fo=32, unplaced)        0.197     2.173    u_compute_core/u_fir32/quantize_q1510_in
                         LUT6 (Prop_LUT6_I1_O)        0.053     2.226 r  u_compute_core/u_fir32/energy_acc1_i_2/O
                         net (fo=18, unplaced)        0.274     2.500    u_compute_core/u_energy64/energy_acc1/B[16]
                         DSP_A_B_DATA                                 r  u_compute_core/u_energy64/energy_acc1/DSP_A_B_DATA_INST/B[16]
  -------------------------------------------------------------------    -------------------

                         (clock accelerator_clk rise edge)
                                                      6.667     6.667 r  
                                                      0.000     6.667 r  aclk (IN)
                         net (fo=3054, unset)         0.043     6.710    u_compute_core/u_energy64/energy_acc1/CLK
                         DSP_A_B_DATA                                 r  u_compute_core/u_energy64/energy_acc1/DSP_A_B_DATA_INST/CLK
                         clock pessimism              0.000     6.710    
                         clock uncertainty           -0.035     6.675    
                         DSP_A_B_DATA (Setup_DSP_A_B_DATA_CLK_B[16])
                                                     -0.254     6.421    u_compute_core/u_energy64/energy_acc1/DSP_A_B_DATA_INST
  -------------------------------------------------------------------
                         required time                          6.421    
                         arrival time                          -2.500    
  -------------------------------------------------------------------
                         slack                                  3.921    

Slack (MET) :             3.925ns  (required time - arrival time)
  Source:                 u_compute_core/u_fir32/sum_s5_reg[14]/C
                            (rising edge-triggered cell FDRE clocked by accelerator_clk  {rise@0.000ns fall@3.333ns period=6.667ns})
  Destination:            u_compute_core/u_energy64/energy_acc1/DSP_A_B_DATA_INST/B[0]
                            (rising edge-triggered cell DSP_A_B_DATA clocked by accelerator_clk  {rise@0.000ns fall@3.333ns period=6.667ns})
  Path Group:             accelerator_clk
  Path Type:              Setup (Max at Slow Process Corner)
  Requirement:            6.667ns  (accelerator_clk rise@6.667ns - accelerator_clk rise@0.000ns)
  Data Path Delay:        2.447ns  (logic 0.957ns (39.109%)  route 1.490ns (60.891%))
  Logic Levels:           10  (CARRY8=6 LUT1=2 LUT3=1 LUT6=1)
  Clock Path Skew:        0.013ns (DCD - SCD + CPR)
    Destination Clock Delay (DCD):    0.043ns = ( 6.710 - 6.667 ) 
    Source Clock Delay      (SCD):    0.030ns
    Clock Pessimism Removal (CPR):    0.000ns
  Clock Uncertainty:      0.035ns  ((TSJ^2 + TIJ^2)^1/2 + DJ) / 2 + PE
    Total System Jitter     (TSJ):    0.071ns
    Total Input Jitter      (TIJ):    0.000ns
    Discrete Jitter          (DJ):    0.000ns
    Phase Error              (PE):    0.000ns

    Location             Delay type                Incr(ns)  Path(ns)    Netlist Resource(s)
  -------------------------------------------------------------------    -------------------
                         (clock accelerator_clk rise edge)
                                                      0.000     0.000 r  
                                                      0.000     0.000 r  aclk (IN)
                         net (fo=3054, unset)         0.030     0.030    u_compute_core/u_fir32/aclk
                         FDRE                                         r  u_compute_core/u_fir32/sum_s5_reg[14]/C
  -------------------------------------------------------------------    -------------------
                         FDRE (Prop_FDRE_C_Q)         0.078     0.108 f  u_compute_core/u_fir32/sum_s5_reg[14]/Q
                         net (fo=4, unplaced)         0.149     0.257    u_compute_core/u_fir32/sum_s5[14]
                         LUT1 (Prop_LUT1_I0_O)        0.074     0.331 r  u_compute_core/u_fir32/energy_acc1_i_20/O
                         net (fo=1, unplaced)         0.238     0.569    u_compute_core/u_fir32/energy_acc1_i_20_n_0
                         CARRY8 (Prop_CARRY8_DI[5]_CO[7])
                                                      0.097     0.666 r  u_compute_core/u_fir32/energy_acc1_i_18/CO[7]
                         net (fo=1, unplaced)         0.005     0.671    u_compute_core/u_fir32/energy_acc1_i_18_n_0
                         CARRY8 (Prop_CARRY8_CI_CO[7])
                                                      0.022     0.693 r  u_compute_core/u_fir32/i__carry_i_10/CO[7]
                         net (fo=1, unplaced)         0.005     0.698    u_compute_core/u_fir32/i__carry_i_10_n_0
                         CARRY8 (Prop_CARRY8_CI_O[4])
                                                      0.086     0.784 f  u_compute_core/u_fir32/i__carry__0_i_9/O[4]
                         net (fo=1, unplaced)         0.184     0.968    u_compute_core/u_fir32/rounded2[29]
                         LUT1 (Prop_LUT1_I0_O)        0.037     1.005 r  u_compute_core/u_fir32/i__carry__0_i_3/O
                         net (fo=1, unplaced)         0.029     1.034    u_compute_core/u_fir32/i__carry__0_i_3_n_0
                         CARRY8 (Prop_CARRY8_S[5]_CO[7])
                                                      0.166     1.200 f  u_compute_core/u_fir32/_inferred__8/i__carry__0/CO[7]
                         net (fo=1, unplaced)         0.005     1.205    u_compute_core/u_fir32/_inferred__8/i__carry__0_n_0
                         CARRY8 (Prop_CARRY8_CI_CO[6])
                                                      0.092     1.297 f  u_compute_core/u_fir32/_inferred__8/i__carry__1/CO[6]
                         net (fo=24, unplaced)        0.191     1.488    u_compute_core/u_fir32/_inferred__8/i__carry__1_n_1
                         LUT3 (Prop_LUT3_I0_O)        0.070     1.558 f  u_compute_core/u_fir32/quantize_q151_carry__0_i_3/O
                         net (fo=1, unplaced)         0.260     1.818    u_compute_core/u_fir32/quantize_q151_carry__0_i_3_n_0
                         CARRY8 (Prop_CARRY8_DI[0]_CO[3])
                                                      0.182     2.000 f  u_compute_core/u_fir32/quantize_q151_carry__0/CO[3]
                         net (fo=32, unplaced)        0.197     2.197    u_compute_core/u_fir32/quantize_q151
                         LUT6 (Prop_LUT6_I4_O)        0.053     2.250 r  u_compute_core/u_fir32/energy_acc1_i_17/O
                         net (fo=2, unplaced)         0.227     2.477    u_compute_core/u_energy64/energy_acc1/B[0]
                         DSP_A_B_DATA                                 r  u_compute_core/u_energy64/energy_acc1/DSP_A_B_DATA_INST/B[0]
  -------------------------------------------------------------------    -------------------

                         (clock accelerator_clk rise edge)
                                                      6.667     6.667 r  
                                                      0.000     6.667 r  aclk (IN)
                         net (fo=3054, unset)         0.043     6.710    u_compute_core/u_energy64/energy_acc1/CLK
                         DSP_A_B_DATA                                 r  u_compute_core/u_energy64/energy_acc1/DSP_A_B_DATA_INST/CLK
                         clock pessimism              0.000     6.710    
                         clock uncertainty           -0.035     6.675    
                         DSP_A_B_DATA (Setup_DSP_A_B_DATA_CLK_B[0])
                                                     -0.273     6.402    u_compute_core/u_energy64/energy_acc1/DSP_A_B_DATA_INST
  -------------------------------------------------------------------
                         required time                          6.402    
                         arrival time                          -2.477    
  -------------------------------------------------------------------
                         slack                                  3.925    

Slack (MET) :             3.925ns  (required time - arrival time)
  Source:                 u_compute_core/u_fir32/sum_s5_reg[14]/C
                            (rising edge-triggered cell FDRE clocked by accelerator_clk  {rise@0.000ns fall@3.333ns period=6.667ns})
  Destination:            u_compute_core/u_energy64/energy_acc1/DSP_A_B_DATA_INST/B[8]
                            (rising edge-triggered cell DSP_A_B_DATA clocked by accelerator_clk  {rise@0.000ns fall@3.333ns period=6.667ns})
  Path Group:             accelerator_clk
  Path Type:              Setup (Max at Slow Process Corner)
  Requirement:            6.667ns  (accelerator_clk rise@6.667ns - accelerator_clk rise@0.000ns)
  Data Path Delay:        2.444ns  (logic 0.957ns (39.157%)  route 1.487ns (60.843%))
  Logic Levels:           10  (CARRY8=6 LUT1=2 LUT3=1 LUT6=1)
  Clock Path Skew:        0.013ns (DCD - SCD + CPR)
    Destination Clock Delay (DCD):    0.043ns = ( 6.710 - 6.667 ) 
    Source Clock Delay      (SCD):    0.030ns
    Clock Pessimism Removal (CPR):    0.000ns
  Clock Uncertainty:      0.035ns  ((TSJ^2 + TIJ^2)^1/2 + DJ) / 2 + PE
    Total System Jitter     (TSJ):    0.071ns
    Total Input Jitter      (TIJ):    0.000ns
    Discrete Jitter          (DJ):    0.000ns
    Phase Error              (PE):    0.000ns

    Location             Delay type                Incr(ns)  Path(ns)    Netlist Resource(s)
  -------------------------------------------------------------------    -------------------
                         (clock accelerator_clk rise edge)
                                                      0.000     0.000 r  
                                                      0.000     0.000 r  aclk (IN)
                         net (fo=3054, unset)         0.030     0.030    u_compute_core/u_fir32/aclk
                         FDRE                                         r  u_compute_core/u_fir32/sum_s5_reg[14]/C
  -------------------------------------------------------------------    -------------------
                         FDRE (Prop_FDRE_C_Q)         0.078     0.108 f  u_compute_core/u_fir32/sum_s5_reg[14]/Q
                         net (fo=4, unplaced)         0.149     0.257    u_compute_core/u_fir32/sum_s5[14]
                         LUT1 (Prop_LUT1_I0_O)        0.074     0.331 r  u_compute_core/u_fir32/energy_acc1_i_20/O
                         net (fo=1, unplaced)         0.238     0.569    u_compute_core/u_fir32/energy_acc1_i_20_n_0
                         CARRY8 (Prop_CARRY8_DI[5]_CO[7])
                                                      0.097     0.666 r  u_compute_core/u_fir32/energy_acc1_i_18/CO[7]
                         net (fo=1, unplaced)         0.005     0.671    u_compute_core/u_fir32/energy_acc1_i_18_n_0
                         CARRY8 (Prop_CARRY8_CI_CO[7])
                                                      0.022     0.693 r  u_compute_core/u_fir32/i__carry_i_10/CO[7]
                         net (fo=1, unplaced)         0.005     0.698    u_compute_core/u_fir32/i__carry_i_10_n_0
                         CARRY8 (Prop_CARRY8_CI_O[4])
                                                      0.086     0.784 f  u_compute_core/u_fir32/i__carry__0_i_9/O[4]
                         net (fo=1, unplaced)         0.184     0.968    u_compute_core/u_fir32/rounded2[29]
                         LUT1 (Prop_LUT1_I0_O)        0.037     1.005 r  u_compute_core/u_fir32/i__carry__0_i_3/O
                         net (fo=1, unplaced)         0.029     1.034    u_compute_core/u_fir32/i__carry__0_i_3_n_0
                         CARRY8 (Prop_CARRY8_S[5]_CO[7])
                                                      0.166     1.200 f  u_compute_core/u_fir32/_inferred__8/i__carry__0/CO[7]
                         net (fo=1, unplaced)         0.005     1.205    u_compute_core/u_fir32/_inferred__8/i__carry__0_n_0
                         CARRY8 (Prop_CARRY8_CI_CO[6])
                                                      0.092     1.297 f  u_compute_core/u_fir32/_inferred__8/i__carry__1/CO[6]
                         net (fo=24, unplaced)        0.191     1.488    u_compute_core/u_fir32/_inferred__8/i__carry__1_n_1
                         LUT3 (Prop_LUT3_I0_O)        0.070     1.558 f  u_compute_core/u_fir32/quantize_q151_carry__0_i_3/O
                         net (fo=1, unplaced)         0.260     1.818    u_compute_core/u_fir32/quantize_q151_carry__0_i_3_n_0
                         CARRY8 (Prop_CARRY8_DI[0]_CO[3])
                                                      0.182     2.000 f  u_compute_core/u_fir32/quantize_q151_carry__0/CO[3]
                         net (fo=32, unplaced)        0.197     2.197    u_compute_core/u_fir32/quantize_q151
                         LUT6 (Prop_LUT6_I4_O)        0.053     2.250 r  u_compute_core/u_fir32/energy_acc1_i_9/O
                         net (fo=2, unplaced)         0.224     2.474    u_compute_core/u_energy64/energy_acc1/B[8]
                         DSP_A_B_DATA                                 r  u_compute_core/u_energy64/energy_acc1/DSP_A_B_DATA_INST/B[8]
  -------------------------------------------------------------------    -------------------

                         (clock accelerator_clk rise edge)
                                                      6.667     6.667 r  
                                                      0.000     6.667 r  aclk (IN)
                         net (fo=3054, unset)         0.043     6.710    u_compute_core/u_energy64/energy_acc1/CLK
                         DSP_A_B_DATA                                 r  u_compute_core/u_energy64/energy_acc1/DSP_A_B_DATA_INST/CLK
                         clock pessimism              0.000     6.710    
                         clock uncertainty           -0.035     6.675    
                         DSP_A_B_DATA (Setup_DSP_A_B_DATA_CLK_B[8])
                                                     -0.276     6.399    u_compute_core/u_energy64/energy_acc1/DSP_A_B_DATA_INST
  -------------------------------------------------------------------
                         required time                          6.399    
                         arrival time                          -2.474    
  -------------------------------------------------------------------
                         slack                                  3.925    

Slack (MET) :             3.927ns  (required time - arrival time)
  Source:                 u_compute_core/u_energy64/energy_acc1/DSP_A_B_DATA_INST/CLK
                            (rising edge-triggered cell DSP_A_B_DATA clocked by accelerator_clk  {rise@0.000ns fall@3.333ns period=6.667ns})
  Destination:            u_compute_core/u_energy64/m_axis_tdata_reg[50]/D
                            (rising edge-triggered cell FDRE clocked by accelerator_clk  {rise@0.000ns fall@3.333ns period=6.667ns})
  Path Group:             accelerator_clk
  Path Type:              Setup (Max at Slow Process Corner)
  Requirement:            6.667ns  (accelerator_clk rise@6.667ns - accelerator_clk rise@0.000ns)
  Data Path Delay:        2.691ns  (logic 2.137ns (79.413%)  route 0.554ns (20.587%))
  Logic Levels:           12  (CARRY8=5 DSP_ALU=1 DSP_M_DATA=1 DSP_MULTIPLIER=1 DSP_OUTPUT=1 DSP_PREADD_DATA=1 LUT6=2)
  Clock Path Skew:        -0.039ns (DCD - SCD + CPR)
    Destination Clock Delay (DCD):    0.021ns = ( 6.688 - 6.667 ) 
    Source Clock Delay      (SCD):    0.060ns
    Clock Pessimism Removal (CPR):    0.000ns
  Clock Uncertainty:      0.035ns  ((TSJ^2 + TIJ^2)^1/2 + DJ) / 2 + PE
    Total System Jitter     (TSJ):    0.071ns
    Total Input Jitter      (TIJ):    0.000ns
    Discrete Jitter          (DJ):    0.000ns
    Phase Error              (PE):    0.000ns

    Location             Delay type                Incr(ns)  Path(ns)    Netlist Resource(s)
  -------------------------------------------------------------------    -------------------
                         (clock accelerator_clk rise edge)
                                                      0.000     0.000 r  
                                                      0.000     0.000 r  aclk (IN)
                         net (fo=3054, unset)         0.060     0.060    u_compute_core/u_energy64/energy_acc1/CLK
                         DSP_A_B_DATA                                 r  u_compute_core/u_energy64/energy_acc1/DSP_A_B_DATA_INST/CLK
  -------------------------------------------------------------------    -------------------
                         DSP_A_B_DATA (Prop_DSP_A_B_DATA_CLK_B2_DATA[1])
                                                      0.212     0.272 r  u_compute_core/u_energy64/energy_acc1/DSP_A_B_DATA_INST/B2_DATA[1]
                         net (fo=1, unplaced)         0.000     0.272    u_compute_core/u_energy64/energy_acc1/DSP_A_B_DATA.B2_DATA<1>
                         DSP_PREADD_DATA (Prop_DSP_PREADD_DATA_B2_DATA[1]_B2B1[1])
                                                      0.073     0.345 r  u_compute_core/u_energy64/energy_acc1/DSP_PREADD_DATA_INST/B2B1[1]
                         net (fo=1, unplaced)         0.000     0.345    u_compute_core/u_energy64/energy_acc1/DSP_PREADD_DATA.B2B1<1>
                         DSP_MULTIPLIER (Prop_DSP_MULTIPLIER_B2B1[1]_V[0])
                                                      0.609     0.954 f  u_compute_core/u_energy64/energy_acc1/DSP_MULTIPLIER_INST/V[0]
                         net (fo=1, unplaced)         0.000     0.954    u_compute_core/u_energy64/energy_acc1/DSP_MULTIPLIER.V<0>
                         DSP_M_DATA (Prop_DSP_M_DATA_V[0]_V_DATA[0])
                                                      0.046     1.000 r  u_compute_core/u_energy64/energy_acc1/DSP_M_DATA_INST/V_DATA[0]
                         net (fo=1, unplaced)         0.000     1.000    u_compute_core/u_energy64/energy_acc1/DSP_M_DATA.V_DATA<0>
                         DSP_ALU (Prop_DSP_ALU_V_DATA[0]_ALU_OUT[0])
                                                      0.571     1.571 f  u_compute_core/u_energy64/energy_acc1/DSP_ALU_INST/ALU_OUT[0]
                         net (fo=1, unplaced)         0.000     1.571    u_compute_core/u_energy64/energy_acc1/DSP_ALU.ALU_OUT<0>
                         DSP_OUTPUT (Prop_DSP_OUTPUT_ALU_OUT[0]_P[0])
                                                      0.109     1.680 r  u_compute_core/u_energy64/energy_acc1/DSP_OUTPUT_INST/P[0]
                         net (fo=66, unplaced)        0.299     1.979    u_compute_core/u_energy64/energy_acc1_n_105
                         LUT6 (Prop_LUT6_I0_O)        0.150     2.129 r  u_compute_core/u_energy64/energy_acc0_carry_i_7/O
                         net (fo=2, unplaced)         0.186     2.315    u_compute_core/u_energy64/energy_acc0_carry_i_7_n_0
                         LUT6 (Prop_LUT6_I0_O)        0.037     2.352 r  u_compute_core/u_energy64/energy_acc0_carry_i_14/O
                         net (fo=1, unplaced)         0.023     2.375    u_compute_core/u_energy64/energy_acc0_carry_i_14_n_0
                         CARRY8 (Prop_CARRY8_S[1]_CO[7])
                                                      0.197     2.572 r  u_compute_core/u_energy64/energy_acc0_carry/CO[7]
                         net (fo=1, unplaced)         0.005     2.577    u_compute_core/u_energy64/energy_acc0_carry_n_0
                         CARRY8 (Prop_CARRY8_CI_CO[7])
                                                      0.022     2.599 r  u_compute_core/u_energy64/energy_acc0_carry__0/CO[7]
                         net (fo=1, unplaced)         0.005     2.604    u_compute_core/u_energy64/energy_acc0_carry__0_n_0
                         CARRY8 (Prop_CARRY8_CI_CO[7])
                                                      0.022     2.626 r  u_compute_core/u_energy64/energy_acc0_carry__1/CO[7]
                         net (fo=1, unplaced)         0.005     2.631    u_compute_core/u_energy64/energy_acc0_carry__1_n_0
                         CARRY8 (Prop_CARRY8_CI_CO[7])
                                                      0.022     2.653 r  u_compute_core/u_energy64/energy_acc0_carry__2/CO[7]
                         net (fo=1, unplaced)         0.005     2.658    u_compute_core/u_energy64/energy_acc0_carry__2_n_0
                         CARRY8 (Prop_CARRY8_CI_O[2])
                                                      0.067     2.725 r  u_compute_core/u_energy64/energy_acc0_carry__3/O[2]
                         net (fo=1, unplaced)         0.026     2.751    u_compute_core/u_energy64/energy_next_ext[34]
                         FDRE                                         r  u_compute_core/u_energy64/m_axis_tdata_reg[50]/D
  -------------------------------------------------------------------    -------------------

                         (clock accelerator_clk rise edge)
                                                      6.667     6.667 r  
                                                      0.000     6.667 r  aclk (IN)
                         net (fo=3054, unset)         0.021     6.688    u_compute_core/u_energy64/aclk
                         FDRE                                         r  u_compute_core/u_energy64/m_axis_tdata_reg[50]/C
                         clock pessimism              0.000     6.688    
                         clock uncertainty           -0.035     6.653    
                         FDRE (Setup_FDRE_C_D)        0.025     6.678    u_compute_core/u_energy64/m_axis_tdata_reg[50]
  -------------------------------------------------------------------
                         required time                          6.678    
                         arrival time                          -2.751    
  -------------------------------------------------------------------
                         slack                                  3.927    

Slack (MET) :             3.928ns  (required time - arrival time)
  Source:                 u_compute_core/u_fir32/sum_s5_reg[14]/C
                            (rising edge-triggered cell FDRE clocked by accelerator_clk  {rise@0.000ns fall@3.333ns period=6.667ns})
  Destination:            u_compute_core/u_energy64/energy_acc1/DSP_A_B_DATA_INST/A[16]
                            (rising edge-triggered cell DSP_A_B_DATA clocked by accelerator_clk  {rise@0.000ns fall@3.333ns period=6.667ns})
  Path Group:             accelerator_clk
  Path Type:              Setup (Max at Slow Process Corner)
  Requirement:            6.667ns  (accelerator_clk rise@6.667ns - accelerator_clk rise@0.000ns)
  Data Path Delay:        2.462ns  (logic 0.964ns (39.155%)  route 1.498ns (60.845%))
  Logic Levels:           10  (CARRY8=6 LUT1=2 LUT3=1 LUT6=1)
  Clock Path Skew:        0.013ns (DCD - SCD + CPR)
    Destination Clock Delay (DCD):    0.043ns = ( 6.710 - 6.667 ) 
    Source Clock Delay      (SCD):    0.030ns
    Clock Pessimism Removal (CPR):    0.000ns
  Clock Uncertainty:      0.035ns  ((TSJ^2 + TIJ^2)^1/2 + DJ) / 2 + PE
    Total System Jitter     (TSJ):    0.071ns
    Total Input Jitter      (TIJ):    0.000ns
    Discrete Jitter          (DJ):    0.000ns
    Phase Error              (PE):    0.000ns

    Location             Delay type                Incr(ns)  Path(ns)    Netlist Resource(s)
  -------------------------------------------------------------------    -------------------
                         (clock accelerator_clk rise edge)
                                                      0.000     0.000 r  
                                                      0.000     0.000 r  aclk (IN)
                         net (fo=3054, unset)         0.030     0.030    u_compute_core/u_fir32/aclk
                         FDRE                                         r  u_compute_core/u_fir32/sum_s5_reg[14]/C
  -------------------------------------------------------------------    -------------------
                         FDRE (Prop_FDRE_C_Q)         0.078     0.108 f  u_compute_core/u_fir32/sum_s5_reg[14]/Q
                         net (fo=4, unplaced)         0.149     0.257    u_compute_core/u_fir32/sum_s5[14]
                         LUT1 (Prop_LUT1_I0_O)        0.074     0.331 r  u_compute_core/u_fir32/energy_acc1_i_20/O
                         net (fo=1, unplaced)         0.238     0.569    u_compute_core/u_fir32/energy_acc1_i_20_n_0
                         CARRY8 (Prop_CARRY8_DI[5]_CO[7])
                                                      0.097     0.666 r  u_compute_core/u_fir32/energy_acc1_i_18/CO[7]
                         net (fo=1, unplaced)         0.005     0.671    u_compute_core/u_fir32/energy_acc1_i_18_n_0
                         CARRY8 (Prop_CARRY8_CI_O[4])
                                                      0.086     0.757 f  u_compute_core/u_fir32/i__carry_i_10/O[4]
                         net (fo=1, unplaced)         0.184     0.941    u_compute_core/u_fir32/rounded2[21]
                         LUT1 (Prop_LUT1_I0_O)        0.037     0.978 r  u_compute_core/u_fir32/i__carry_i_4__0/O
                         net (fo=1, unplaced)         0.029     1.007    u_compute_core/u_fir32/i__carry_i_4__0_n_0
                         CARRY8 (Prop_CARRY8_S[5]_CO[7])
                                                      0.166     1.173 r  u_compute_core/u_fir32/_inferred__8/i__carry/CO[7]
                         net (fo=1, unplaced)         0.005     1.178    u_compute_core/u_fir32/_inferred__8/i__carry_n_0
                         CARRY8 (Prop_CARRY8_CI_O[6])
                                                      0.103     1.281 f  u_compute_core/u_fir32/_inferred__8/i__carry__0/O[6]
                         net (fo=6, unplaced)         0.160     1.441    u_compute_core/u_fir32/rounded0[15]
                         LUT3 (Prop_LUT3_I1_O)        0.070     1.511 f  u_compute_core/u_fir32/i__carry_i_5__0/O
                         net (fo=1, unplaced)         0.260     1.771    u_compute_core/u_fir32/i__carry_i_5__0_n_0
                         CARRY8 (Prop_CARRY8_DI[0]_CO[7])
                                                      0.140     1.911 f  u_compute_core/u_fir32/quantize_q151_inferred__0/i__carry/CO[7]
                         net (fo=1, unplaced)         0.005     1.916    u_compute_core/u_fir32/quantize_q151_inferred__0/i__carry_n_0
                         CARRY8 (Prop_CARRY8_CI_CO[3])
                                                      0.060     1.976 f  u_compute_core/u_fir32/quantize_q151_inferred__0/i__carry__0/CO[3]
                         net (fo=32, unplaced)        0.197     2.173    u_compute_core/u_fir32/quantize_q1510_in
                         LUT6 (Prop_LUT6_I1_O)        0.053     2.226 r  u_compute_core/u_fir32/energy_acc1_i_2/O
                         net (fo=18, unplaced)        0.266     2.492    u_compute_core/u_energy64/energy_acc1/A[16]
                         DSP_A_B_DATA                                 r  u_compute_core/u_energy64/energy_acc1/DSP_A_B_DATA_INST/A[16]
  -------------------------------------------------------------------    -------------------

                         (clock accelerator_clk rise edge)
                                                      6.667     6.667 r  
                                                      0.000     6.667 r  aclk (IN)
                         net (fo=3054, unset)         0.043     6.710    u_compute_core/u_energy64/energy_acc1/CLK
                         DSP_A_B_DATA                                 r  u_compute_core/u_energy64/energy_acc1/DSP_A_B_DATA_INST/CLK
                         clock pessimism              0.000     6.710    
                         clock uncertainty           -0.035     6.675    
                         DSP_A_B_DATA (Setup_DSP_A_B_DATA_CLK_A[16])
                                                     -0.255     6.420    u_compute_core/u_energy64/energy_acc1/DSP_A_B_DATA_INST
  -------------------------------------------------------------------
                         required time                          6.420    
                         arrival time                          -2.492    
  -------------------------------------------------------------------
                         slack                                  3.928    

Slack (MET) :             3.931ns  (required time - arrival time)
  Source:                 u_compute_core/u_fir32/sum_s5_reg[14]/C
                            (rising edge-triggered cell FDRE clocked by accelerator_clk  {rise@0.000ns fall@3.333ns period=6.667ns})
  Destination:            u_compute_core/u_energy64/energy_acc1/DSP_A_B_DATA_INST/A[8]
                            (rising edge-triggered cell DSP_A_B_DATA clocked by accelerator_clk  {rise@0.000ns fall@3.333ns period=6.667ns})
  Path Group:             accelerator_clk
  Path Type:              Setup (Max at Slow Process Corner)
  Requirement:            6.667ns  (accelerator_clk rise@6.667ns - accelerator_clk rise@0.000ns)
  Data Path Delay:        2.448ns  (logic 0.957ns (39.093%)  route 1.491ns (60.907%))
  Logic Levels:           10  (CARRY8=6 LUT1=2 LUT3=1 LUT6=1)
  Clock Path Skew:        0.013ns (DCD - SCD + CPR)
    Destination Clock Delay (DCD):    0.043ns = ( 6.710 - 6.667 ) 
    Source Clock Delay      (SCD):    0.030ns
    Clock Pessimism Removal (CPR):    0.000ns
  Clock Uncertainty:      0.035ns  ((TSJ^2 + TIJ^2)^1/2 + DJ) / 2 + PE
    Total System Jitter     (TSJ):    0.071ns
    Total Input Jitter      (TIJ):    0.000ns
    Discrete Jitter          (DJ):    0.000ns
    Phase Error              (PE):    0.000ns

    Location             Delay type                Incr(ns)  Path(ns)    Netlist Resource(s)
  -------------------------------------------------------------------    -------------------
                         (clock accelerator_clk rise edge)
                                                      0.000     0.000 r  
                                                      0.000     0.000 r  aclk (IN)
                         net (fo=3054, unset)         0.030     0.030    u_compute_core/u_fir32/aclk
                         FDRE                                         r  u_compute_core/u_fir32/sum_s5_reg[14]/C
  -------------------------------------------------------------------    -------------------
                         FDRE (Prop_FDRE_C_Q)         0.078     0.108 f  u_compute_core/u_fir32/sum_s5_reg[14]/Q
                         net (fo=4, unplaced)         0.149     0.257    u_compute_core/u_fir32/sum_s5[14]
                         LUT1 (Prop_LUT1_I0_O)        0.074     0.331 r  u_compute_core/u_fir32/energy_acc1_i_20/O
                         net (fo=1, unplaced)         0.238     0.569    u_compute_core/u_fir32/energy_acc1_i_20_n_0
                         CARRY8 (Prop_CARRY8_DI[5]_CO[7])
                                                      0.097     0.666 r  u_compute_core/u_fir32/energy_acc1_i_18/CO[7]
                         net (fo=1, unplaced)         0.005     0.671    u_compute_core/u_fir32/energy_acc1_i_18_n_0
                         CARRY8 (Prop_CARRY8_CI_CO[7])
                                                      0.022     0.693 r  u_compute_core/u_fir32/i__carry_i_10/CO[7]
                         net (fo=1, unplaced)         0.005     0.698    u_compute_core/u_fir32/i__carry_i_10_n_0
                         CARRY8 (Prop_CARRY8_CI_O[4])
                                                      0.086     0.784 f  u_compute_core/u_fir32/i__carry__0_i_9/O[4]
                         net (fo=1, unplaced)         0.184     0.968    u_compute_core/u_fir32/rounded2[29]
                         LUT1 (Prop_LUT1_I0_O)        0.037     1.005 r  u_compute_core/u_fir32/i__carry__0_i_3/O
                         net (fo=1, unplaced)         0.029     1.034    u_compute_core/u_fir32/i__carry__0_i_3_n_0
                         CARRY8 (Prop_CARRY8_S[5]_CO[7])
                                                      0.166     1.200 f  u_compute_core/u_fir32/_inferred__8/i__carry__0/CO[7]
                         net (fo=1, unplaced)         0.005     1.205    u_compute_core/u_fir32/_inferred__8/i__carry__0_n_0
                         CARRY8 (Prop_CARRY8_CI_CO[6])
                                                      0.092     1.297 f  u_compute_core/u_fir32/_inferred__8/i__carry__1/CO[6]
                         net (fo=24, unplaced)        0.191     1.488    u_compute_core/u_fir32/_inferred__8/i__carry__1_n_1
                         LUT3 (Prop_LUT3_I0_O)        0.070     1.558 f  u_compute_core/u_fir32/quantize_q151_carry__0_i_3/O
                         net (fo=1, unplaced)         0.260     1.818    u_compute_core/u_fir32/quantize_q151_carry__0_i_3_n_0
                         CARRY8 (Prop_CARRY8_DI[0]_CO[3])
                                                      0.182     2.000 f  u_compute_core/u_fir32/quantize_q151_carry__0/CO[3]
                         net (fo=32, unplaced)        0.197     2.197    u_compute_core/u_fir32/quantize_q151
                         LUT6 (Prop_LUT6_I4_O)        0.053     2.250 r  u_compute_core/u_fir32/energy_acc1_i_9/O
                         net (fo=2, unplaced)         0.228     2.478    u_compute_core/u_energy64/energy_acc1/A[8]
                         DSP_A_B_DATA                                 r  u_compute_core/u_energy64/energy_acc1/DSP_A_B_DATA_INST/A[8]
  -------------------------------------------------------------------    -------------------

                         (clock accelerator_clk rise edge)
                                                      6.667     6.667 r  
                                                      0.000     6.667 r  aclk (IN)
                         net (fo=3054, unset)         0.043     6.710    u_compute_core/u_energy64/energy_acc1/CLK
                         DSP_A_B_DATA                                 r  u_compute_core/u_energy64/energy_acc1/DSP_A_B_DATA_INST/CLK
                         clock pessimism              0.000     6.710    
                         clock uncertainty           -0.035     6.675    
                         DSP_A_B_DATA (Setup_DSP_A_B_DATA_CLK_A[8])
                                                     -0.266     6.409    u_compute_core/u_energy64/energy_acc1/DSP_A_B_DATA_INST
  -------------------------------------------------------------------
                         required time                          6.409    
                         arrival time                          -2.478    
  -------------------------------------------------------------------
                         slack                                  3.931    

Slack (MET) :             3.932ns  (required time - arrival time)
  Source:                 u_compute_core/u_energy64/energy_acc1/DSP_A_B_DATA_INST/CLK
                            (rising edge-triggered cell DSP_A_B_DATA clocked by accelerator_clk  {rise@0.000ns fall@3.333ns period=6.667ns})
  Destination:            u_compute_core/u_energy64/m_axis_tdata_reg[39]/D
                            (rising edge-triggered cell FDRE clocked by accelerator_clk  {rise@0.000ns fall@3.333ns period=6.667ns})
  Path Group:             accelerator_clk
  Path Type:              Setup (Max at Slow Process Corner)
  Requirement:            6.667ns  (accelerator_clk rise@6.667ns - accelerator_clk rise@0.000ns)
  Data Path Delay:        2.686ns  (logic 2.142ns (79.747%)  route 0.544ns (20.253%))
  Logic Levels:           10  (CARRY8=3 DSP_ALU=1 DSP_M_DATA=1 DSP_MULTIPLIER=1 DSP_OUTPUT=1 DSP_PREADD_DATA=1 LUT6=2)
  Clock Path Skew:        -0.039ns (DCD - SCD + CPR)
    Destination Clock Delay (DCD):    0.021ns = ( 6.688 - 6.667 ) 
    Source Clock Delay      (SCD):    0.060ns
    Clock Pessimism Removal (CPR):    0.000ns
  Clock Uncertainty:      0.035ns  ((TSJ^2 + TIJ^2)^1/2 + DJ) / 2 + PE
    Total System Jitter     (TSJ):    0.071ns
    Total Input Jitter      (TIJ):    0.000ns
    Discrete Jitter          (DJ):    0.000ns
    Phase Error              (PE):    0.000ns

    Location             Delay type                Incr(ns)  Path(ns)    Netlist Resource(s)
  -------------------------------------------------------------------    -------------------
                         (clock accelerator_clk rise edge)
                                                      0.000     0.000 r  
                                                      0.000     0.000 r  aclk (IN)
                         net (fo=3054, unset)         0.060     0.060    u_compute_core/u_energy64/energy_acc1/CLK
                         DSP_A_B_DATA                                 r  u_compute_core/u_energy64/energy_acc1/DSP_A_B_DATA_INST/CLK
  -------------------------------------------------------------------    -------------------
                         DSP_A_B_DATA (Prop_DSP_A_B_DATA_CLK_B2_DATA[1])
                                                      0.212     0.272 r  u_compute_core/u_energy64/energy_acc1/DSP_A_B_DATA_INST/B2_DATA[1]
                         net (fo=1, unplaced)         0.000     0.272    u_compute_core/u_energy64/energy_acc1/DSP_A_B_DATA.B2_DATA<1>
                         DSP_PREADD_DATA (Prop_DSP_PREADD_DATA_B2_DATA[1]_B2B1[1])
                                                      0.073     0.345 r  u_compute_core/u_energy64/energy_acc1/DSP_PREADD_DATA_INST/B2B1[1]
                         net (fo=1, unplaced)         0.000     0.345    u_compute_core/u_energy64/energy_acc1/DSP_PREADD_DATA.B2B1<1>
                         DSP_MULTIPLIER (Prop_DSP_MULTIPLIER_B2B1[1]_V[0])
                                                      0.609     0.954 f  u_compute_core/u_energy64/energy_acc1/DSP_MULTIPLIER_INST/V[0]
                         net (fo=1, unplaced)         0.000     0.954    u_compute_core/u_energy64/energy_acc1/DSP_MULTIPLIER.V<0>
                         DSP_M_DATA (Prop_DSP_M_DATA_V[0]_V_DATA[0])
                                                      0.046     1.000 r  u_compute_core/u_energy64/energy_acc1/DSP_M_DATA_INST/V_DATA[0]
                         net (fo=1, unplaced)         0.000     1.000    u_compute_core/u_energy64/energy_acc1/DSP_M_DATA.V_DATA<0>
                         DSP_ALU (Prop_DSP_ALU_V_DATA[0]_ALU_OUT[0])
                                                      0.571     1.571 f  u_compute_core/u_energy64/energy_acc1/DSP_ALU_INST/ALU_OUT[0]
                         net (fo=1, unplaced)         0.000     1.571    u_compute_core/u_energy64/energy_acc1/DSP_ALU.ALU_OUT<0>
                         DSP_OUTPUT (Prop_DSP_OUTPUT_ALU_OUT[0]_P[0])
                                                      0.109     1.680 r  u_compute_core/u_energy64/energy_acc1/DSP_OUTPUT_INST/P[0]
                         net (fo=66, unplaced)        0.299     1.979    u_compute_core/u_energy64/energy_acc1_n_105
                         LUT6 (Prop_LUT6_I0_O)        0.150     2.129 r  u_compute_core/u_energy64/energy_acc0_carry_i_7/O
                         net (fo=2, unplaced)         0.186     2.315    u_compute_core/u_energy64/energy_acc0_carry_i_7_n_0
                         LUT6 (Prop_LUT6_I0_O)        0.037     2.352 r  u_compute_core/u_energy64/energy_acc0_carry_i_14/O
                         net (fo=1, unplaced)         0.023     2.375    u_compute_core/u_energy64/energy_acc0_carry_i_14_n_0
                         CARRY8 (Prop_CARRY8_S[1]_CO[7])
                                                      0.197     2.572 r  u_compute_core/u_energy64/energy_acc0_carry/CO[7]
                         net (fo=1, unplaced)         0.005     2.577    u_compute_core/u_energy64/energy_acc0_carry_n_0
                         CARRY8 (Prop_CARRY8_CI_CO[7])
                                                      0.022     2.599 r  u_compute_core/u_energy64/energy_acc0_carry__0/CO[7]
                         net (fo=1, unplaced)         0.005     2.604    u_compute_core/u_energy64/energy_acc0_carry__0_n_0
                         CARRY8 (Prop_CARRY8_CI_O[7])
                                                      0.116     2.720 r  u_compute_core/u_energy64/energy_acc0_carry__1/O[7]
                         net (fo=1, unplaced)         0.026     2.746    u_compute_core/u_energy64/energy_next_ext[23]
                         FDRE                                         r  u_compute_core/u_energy64/m_axis_tdata_reg[39]/D
  -------------------------------------------------------------------    -------------------

                         (clock accelerator_clk rise edge)
                                                      6.667     6.667 r  
                                                      0.000     6.667 r  aclk (IN)
                         net (fo=3054, unset)         0.021     6.688    u_compute_core/u_energy64/aclk
                         FDRE                                         r  u_compute_core/u_energy64/m_axis_tdata_reg[39]/C
                         clock pessimism              0.000     6.688    
                         clock uncertainty           -0.035     6.653    
                         FDRE (Setup_FDRE_C_D)        0.025     6.678    u_compute_core/u_energy64/m_axis_tdata_reg[39]
  -------------------------------------------------------------------
                         required time                          6.678    
                         arrival time                          -2.746    
  -------------------------------------------------------------------
                         slack                                  3.932    

Slack (MET) :             3.933ns  (required time - arrival time)
  Source:                 u_compute_core/u_energy64/energy_acc1/DSP_A_B_DATA_INST/CLK
                            (rising edge-triggered cell DSP_A_B_DATA clocked by accelerator_clk  {rise@0.000ns fall@3.333ns period=6.667ns})
  Destination:            u_compute_core/u_energy64/m_axis_tdata_reg[37]/D
                            (rising edge-triggered cell FDRE clocked by accelerator_clk  {rise@0.000ns fall@3.333ns period=6.667ns})
  Path Group:             accelerator_clk
  Path Type:              Setup (Max at Slow Process Corner)
  Requirement:            6.667ns  (accelerator_clk rise@6.667ns - accelerator_clk rise@0.000ns)
  Data Path Delay:        2.685ns  (logic 2.142ns (79.777%)  route 0.543ns (20.223%))
  Logic Levels:           10  (CARRY8=3 DSP_ALU=1 DSP_M_DATA=1 DSP_MULTIPLIER=1 DSP_OUTPUT=1 DSP_PREADD_DATA=1 LUT6=2)
  Clock Path Skew:        -0.039ns (DCD - SCD + CPR)
    Destination Clock Delay (DCD):    0.021ns = ( 6.688 - 6.667 ) 
    Source Clock Delay      (SCD):    0.060ns
    Clock Pessimism Removal (CPR):    0.000ns
  Clock Uncertainty:      0.035ns  ((TSJ^2 + TIJ^2)^1/2 + DJ) / 2 + PE
    Total System Jitter     (TSJ):    0.071ns
    Total Input Jitter      (TIJ):    0.000ns
    Discrete Jitter          (DJ):    0.000ns
    Phase Error              (PE):    0.000ns

    Location             Delay type                Incr(ns)  Path(ns)    Netlist Resource(s)
  -------------------------------------------------------------------    -------------------
                         (clock accelerator_clk rise edge)
                                                      0.000     0.000 r  
                                                      0.000     0.000 r  aclk (IN)
                         net (fo=3054, unset)         0.060     0.060    u_compute_core/u_energy64/energy_acc1/CLK
                         DSP_A_B_DATA                                 r  u_compute_core/u_energy64/energy_acc1/DSP_A_B_DATA_INST/CLK
  -------------------------------------------------------------------    -------------------
                         DSP_A_B_DATA (Prop_DSP_A_B_DATA_CLK_B2_DATA[1])
                                                      0.212     0.272 r  u_compute_core/u_energy64/energy_acc1/DSP_A_B_DATA_INST/B2_DATA[1]
                         net (fo=1, unplaced)         0.000     0.272    u_compute_core/u_energy64/energy_acc1/DSP_A_B_DATA.B2_DATA<1>
                         DSP_PREADD_DATA (Prop_DSP_PREADD_DATA_B2_DATA[1]_B2B1[1])
                                                      0.073     0.345 r  u_compute_core/u_energy64/energy_acc1/DSP_PREADD_DATA_INST/B2B1[1]
                         net (fo=1, unplaced)         0.000     0.345    u_compute_core/u_energy64/energy_acc1/DSP_PREADD_DATA.B2B1<1>
                         DSP_MULTIPLIER (Prop_DSP_MULTIPLIER_B2B1[1]_V[0])
                                                      0.609     0.954 f  u_compute_core/u_energy64/energy_acc1/DSP_MULTIPLIER_INST/V[0]
                         net (fo=1, unplaced)         0.000     0.954    u_compute_core/u_energy64/energy_acc1/DSP_MULTIPLIER.V<0>
                         DSP_M_DATA (Prop_DSP_M_DATA_V[0]_V_DATA[0])
                                                      0.046     1.000 r  u_compute_core/u_energy64/energy_acc1/DSP_M_DATA_INST/V_DATA[0]
                         net (fo=1, unplaced)         0.000     1.000    u_compute_core/u_energy64/energy_acc1/DSP_M_DATA.V_DATA<0>
                         DSP_ALU (Prop_DSP_ALU_V_DATA[0]_ALU_OUT[0])
                                                      0.571     1.571 f  u_compute_core/u_energy64/energy_acc1/DSP_ALU_INST/ALU_OUT[0]
                         net (fo=1, unplaced)         0.000     1.571    u_compute_core/u_energy64/energy_acc1/DSP_ALU.ALU_OUT<0>
                         DSP_OUTPUT (Prop_DSP_OUTPUT_ALU_OUT[0]_P[0])
                                                      0.109     1.680 r  u_compute_core/u_energy64/energy_acc1/DSP_OUTPUT_INST/P[0]
                         net (fo=66, unplaced)        0.299     1.979    u_compute_core/u_energy64/energy_acc1_n_105
                         LUT6 (Prop_LUT6_I0_O)        0.150     2.129 r  u_compute_core/u_energy64/energy_acc0_carry_i_7/O
                         net (fo=2, unplaced)         0.186     2.315    u_compute_core/u_energy64/energy_acc0_carry_i_7_n_0
                         LUT6 (Prop_LUT6_I0_O)        0.037     2.352 r  u_compute_core/u_energy64/energy_acc0_carry_i_14/O
                         net (fo=1, unplaced)         0.023     2.375    u_compute_core/u_energy64/energy_acc0_carry_i_14_n_0
                         CARRY8 (Prop_CARRY8_S[1]_CO[7])
                                                      0.197     2.572 r  u_compute_core/u_energy64/energy_acc0_carry/CO[7]
                         net (fo=1, unplaced)         0.005     2.577    u_compute_core/u_energy64/energy_acc0_carry_n_0
                         CARRY8 (Prop_CARRY8_CI_CO[7])
                                                      0.022     2.599 r  u_compute_core/u_energy64/energy_acc0_carry__0/CO[7]
                         net (fo=1, unplaced)         0.005     2.604    u_compute_core/u_energy64/energy_acc0_carry__0_n_0
                         CARRY8 (Prop_CARRY8_CI_O[5])
                                                      0.116     2.720 r  u_compute_core/u_energy64/energy_acc0_carry__1/O[5]
                         net (fo=1, unplaced)         0.025     2.745    u_compute_core/u_energy64/energy_next_ext[21]
                         FDRE                                         r  u_compute_core/u_energy64/m_axis_tdata_reg[37]/D
  -------------------------------------------------------------------    -------------------

                         (clock accelerator_clk rise edge)
                                                      6.667     6.667 r  
                                                      0.000     6.667 r  aclk (IN)
                         net (fo=3054, unset)         0.021     6.688    u_compute_core/u_energy64/aclk
                         FDRE                                         r  u_compute_core/u_energy64/m_axis_tdata_reg[37]/C
                         clock pessimism              0.000     6.688    
                         clock uncertainty           -0.035     6.653    
                         FDRE (Setup_FDRE_C_D)        0.025     6.678    u_compute_core/u_energy64/m_axis_tdata_reg[37]
  -------------------------------------------------------------------
                         required time                          6.678    
                         arrival time                          -2.745    
  -------------------------------------------------------------------
                         slack                                  3.933    

Slack (MET) :             3.936ns  (required time - arrival time)
  Source:                 u_compute_core/u_fir32/sum_s5_reg[14]/C
                            (rising edge-triggered cell FDRE clocked by accelerator_clk  {rise@0.000ns fall@3.333ns period=6.667ns})
  Destination:            u_compute_core/u_energy64/energy_acc1/DSP_A_B_DATA_INST/A[23]
                            (rising edge-triggered cell DSP_A_B_DATA clocked by accelerator_clk  {rise@0.000ns fall@3.333ns period=6.667ns})
  Path Group:             accelerator_clk
  Path Type:              Setup (Max at Slow Process Corner)
  Requirement:            6.667ns  (accelerator_clk rise@6.667ns - accelerator_clk rise@0.000ns)
  Data Path Delay:        2.423ns  (logic 0.964ns (39.785%)  route 1.459ns (60.215%))
  Logic Levels:           10  (CARRY8=6 LUT1=2 LUT3=1 LUT6=1)
  Clock Path Skew:        0.013ns (DCD - SCD + CPR)
    Destination Clock Delay (DCD):    0.043ns = ( 6.710 - 6.667 ) 
    Source Clock Delay      (SCD):    0.030ns
    Clock Pessimism Removal (CPR):    0.000ns
  Clock Uncertainty:      0.035ns  ((TSJ^2 + TIJ^2)^1/2 + DJ) / 2 + PE
    Total System Jitter     (TSJ):    0.071ns
    Total Input Jitter      (TIJ):    0.000ns
    Discrete Jitter          (DJ):    0.000ns
    Phase Error              (PE):    0.000ns

    Location             Delay type                Incr(ns)  Path(ns)    Netlist Resource(s)
  -------------------------------------------------------------------    -------------------
                         (clock accelerator_clk rise edge)
                                                      0.000     0.000 r  
                                                      0.000     0.000 r  aclk (IN)
                         net (fo=3054, unset)         0.030     0.030    u_compute_core/u_fir32/aclk
                         FDRE                                         r  u_compute_core/u_fir32/sum_s5_reg[14]/C
  -------------------------------------------------------------------    -------------------
                         FDRE (Prop_FDRE_C_Q)         0.078     0.108 f  u_compute_core/u_fir32/sum_s5_reg[14]/Q
                         net (fo=4, unplaced)         0.149     0.257    u_compute_core/u_fir32/sum_s5[14]
                         LUT1 (Prop_LUT1_I0_O)        0.074     0.331 r  u_compute_core/u_fir32/energy_acc1_i_20/O
                         net (fo=1, unplaced)         0.238     0.569    u_compute_core/u_fir32/energy_acc1_i_20_n_0
                         CARRY8 (Prop_CARRY8_DI[5]_CO[7])
                                                      0.097     0.666 r  u_compute_core/u_fir32/energy_acc1_i_18/CO[7]
                         net (fo=1, unplaced)         0.005     0.671    u_compute_core/u_fir32/energy_acc1_i_18_n_0
                         CARRY8 (Prop_CARRY8_CI_O[4])
                                                      0.086     0.757 f  u_compute_core/u_fir32/i__carry_i_10/O[4]
                         net (fo=1, unplaced)         0.184     0.941    u_compute_core/u_fir32/rounded2[21]
                         LUT1 (Prop_LUT1_I0_O)        0.037     0.978 r  u_compute_core/u_fir32/i__carry_i_4__0/O
                         net (fo=1, unplaced)         0.029     1.007    u_compute_core/u_fir32/i__carry_i_4__0_n_0
                         CARRY8 (Prop_CARRY8_S[5]_CO[7])
                                                      0.166     1.173 r  u_compute_core/u_fir32/_inferred__8/i__carry/CO[7]
                         net (fo=1, unplaced)         0.005     1.178    u_compute_core/u_fir32/_inferred__8/i__carry_n_0
                         CARRY8 (Prop_CARRY8_CI_O[6])
                                                      0.103     1.281 f  u_compute_core/u_fir32/_inferred__8/i__carry__0/O[6]
                         net (fo=6, unplaced)         0.160     1.441    u_compute_core/u_fir32/rounded0[15]
                         LUT3 (Prop_LUT3_I1_O)        0.070     1.511 f  u_compute_core/u_fir32/i__carry_i_5__0/O
                         net (fo=1, unplaced)         0.260     1.771    u_compute_core/u_fir32/i__carry_i_5__0_n_0
                         CARRY8 (Prop_CARRY8_DI[0]_CO[7])
                                                      0.140     1.911 f  u_compute_core/u_fir32/quantize_q151_inferred__0/i__carry/CO[7]
                         net (fo=1, unplaced)         0.005     1.916    u_compute_core/u_fir32/quantize_q151_inferred__0/i__carry_n_0
                         CARRY8 (Prop_CARRY8_CI_CO[3])
                                                      0.060     1.976 f  u_compute_core/u_fir32/quantize_q151_inferred__0/i__carry__0/CO[3]
                         net (fo=32, unplaced)        0.197     2.173    u_compute_core/u_fir32/quantize_q1510_in
                         LUT6 (Prop_LUT6_I1_O)        0.053     2.226 r  u_compute_core/u_fir32/energy_acc1_i_2/O
                         net (fo=18, unplaced)        0.227     2.453    u_compute_core/u_energy64/energy_acc1/A[23]
                         DSP_A_B_DATA                                 r  u_compute_core/u_energy64/energy_acc1/DSP_A_B_DATA_INST/A[23]
  -------------------------------------------------------------------    -------------------

                         (clock accelerator_clk rise edge)
                                                      6.667     6.667 r  
                                                      0.000     6.667 r  aclk (IN)
                         net (fo=3054, unset)         0.043     6.710    u_compute_core/u_energy64/energy_acc1/CLK
                         DSP_A_B_DATA                                 r  u_compute_core/u_energy64/energy_acc1/DSP_A_B_DATA_INST/CLK
                         clock pessimism              0.000     6.710    
                         clock uncertainty           -0.035     6.675    
                         DSP_A_B_DATA (Setup_DSP_A_B_DATA_CLK_A[23])
                                                     -0.286     6.389    u_compute_core/u_energy64/energy_acc1/DSP_A_B_DATA_INST
  -------------------------------------------------------------------
                         required time                          6.389    
                         arrival time                          -2.453    
  -------------------------------------------------------------------
                         slack                                  3.936    

Slack (MET) :             3.936ns  (required time - arrival time)
  Source:                 u_compute_core/u_energy64/energy_acc1/DSP_A_B_DATA_INST/CLK
                            (rising edge-triggered cell DSP_A_B_DATA clocked by accelerator_clk  {rise@0.000ns fall@3.333ns period=6.667ns})
  Destination:            u_compute_core/u_energy64/m_axis_tdata_reg[44]/D
                            (rising edge-triggered cell FDRE clocked by accelerator_clk  {rise@0.000ns fall@3.333ns period=6.667ns})
  Path Group:             accelerator_clk
  Path Type:              Setup (Max at Slow Process Corner)
  Requirement:            6.667ns  (accelerator_clk rise@6.667ns - accelerator_clk rise@0.000ns)
  Data Path Delay:        2.682ns  (logic 2.134ns (79.567%)  route 0.548ns (20.433%))
  Logic Levels:           11  (CARRY8=4 DSP_ALU=1 DSP_M_DATA=1 DSP_MULTIPLIER=1 DSP_OUTPUT=1 DSP_PREADD_DATA=1 LUT6=2)
  Clock Path Skew:        -0.039ns (DCD - SCD + CPR)
    Destination Clock Delay (DCD):    0.021ns = ( 6.688 - 6.667 ) 
    Source Clock Delay      (SCD):    0.060ns
    Clock Pessimism Removal (CPR):    0.000ns
  Clock Uncertainty:      0.035ns  ((TSJ^2 + TIJ^2)^1/2 + DJ) / 2 + PE
    Total System Jitter     (TSJ):    0.071ns
    Total Input Jitter      (TIJ):    0.000ns
    Discrete Jitter          (DJ):    0.000ns
    Phase Error              (PE):    0.000ns

    Location             Delay type                Incr(ns)  Path(ns)    Netlist Resource(s)
  -------------------------------------------------------------------    -------------------
                         (clock accelerator_clk rise edge)
                                                      0.000     0.000 r  
                                                      0.000     0.000 r  aclk (IN)
                         net (fo=3054, unset)         0.060     0.060    u_compute_core/u_energy64/energy_acc1/CLK
                         DSP_A_B_DATA                                 r  u_compute_core/u_energy64/energy_acc1/DSP_A_B_DATA_INST/CLK
  -------------------------------------------------------------------    -------------------
                         DSP_A_B_DATA (Prop_DSP_A_B_DATA_CLK_B2_DATA[1])
                                                      0.212     0.272 r  u_compute_core/u_energy64/energy_acc1/DSP_A_B_DATA_INST/B2_DATA[1]
                         net (fo=1, unplaced)         0.000     0.272    u_compute_core/u_energy64/energy_acc1/DSP_A_B_DATA.B2_DATA<1>
                         DSP_PREADD_DATA (Prop_DSP_PREADD_DATA_B2_DATA[1]_B2B1[1])
                                                      0.073     0.345 r  u_compute_core/u_energy64/energy_acc1/DSP_PREADD_DATA_INST/B2B1[1]
                         net (fo=1, unplaced)         0.000     0.345    u_compute_core/u_energy64/energy_acc1/DSP_PREADD_DATA.B2B1<1>
                         DSP_MULTIPLIER (Prop_DSP_MULTIPLIER_B2B1[1]_V[0])
                                                      0.609     0.954 f  u_compute_core/u_energy64/energy_acc1/DSP_MULTIPLIER_INST/V[0]
                         net (fo=1, unplaced)         0.000     0.954    u_compute_core/u_energy64/energy_acc1/DSP_MULTIPLIER.V<0>
                         DSP_M_DATA (Prop_DSP_M_DATA_V[0]_V_DATA[0])
                                                      0.046     1.000 r  u_compute_core/u_energy64/energy_acc1/DSP_M_DATA_INST/V_DATA[0]
                         net (fo=1, unplaced)         0.000     1.000    u_compute_core/u_energy64/energy_acc1/DSP_M_DATA.V_DATA<0>
                         DSP_ALU (Prop_DSP_ALU_V_DATA[0]_ALU_OUT[0])
                                                      0.571     1.571 f  u_compute_core/u_energy64/energy_acc1/DSP_ALU_INST/ALU_OUT[0]
                         net (fo=1, unplaced)         0.000     1.571    u_compute_core/u_energy64/energy_acc1/DSP_ALU.ALU_OUT<0>
                         DSP_OUTPUT (Prop_DSP_OUTPUT_ALU_OUT[0]_P[0])
                                                      0.109     1.680 r  u_compute_core/u_energy64/energy_acc1/DSP_OUTPUT_INST/P[0]
                         net (fo=66, unplaced)        0.299     1.979    u_compute_core/u_energy64/energy_acc1_n_105
                         LUT6 (Prop_LUT6_I0_O)        0.150     2.129 r  u_compute_core/u_energy64/energy_acc0_carry_i_7/O
                         net (fo=2, unplaced)         0.186     2.315    u_compute_core/u_energy64/energy_acc0_carry_i_7_n_0
                         LUT6 (Prop_LUT6_I0_O)        0.037     2.352 r  u_compute_core/u_energy64/energy_acc0_carry_i_14/O
                         net (fo=1, unplaced)         0.023     2.375    u_compute_core/u_energy64/energy_acc0_carry_i_14_n_0
                         CARRY8 (Prop_CARRY8_S[1]_CO[7])
                                                      0.197     2.572 r  u_compute_core/u_energy64/energy_acc0_carry/CO[7]
                         net (fo=1, unplaced)         0.005     2.577    u_compute_core/u_energy64/energy_acc0_carry_n_0
                         CARRY8 (Prop_CARRY8_CI_CO[7])
                                                      0.022     2.599 r  u_compute_core/u_energy64/energy_acc0_carry__0/CO[7]
                         net (fo=1, unplaced)         0.005     2.604    u_compute_core/u_energy64/energy_acc0_carry__0_n_0
                         CARRY8 (Prop_CARRY8_CI_CO[7])
                                                      0.022     2.626 r  u_compute_core/u_energy64/energy_acc0_carry__1/CO[7]
                         net (fo=1, unplaced)         0.005     2.631    u_compute_core/u_energy64/energy_acc0_carry__1_n_0
                         CARRY8 (Prop_CARRY8_CI_O[4])
                                                      0.086     2.717 r  u_compute_core/u_energy64/energy_acc0_carry__2/O[4]
                         net (fo=1, unplaced)         0.025     2.742    u_compute_core/u_energy64/energy_next_ext[28]
                         FDRE                                         r  u_compute_core/u_energy64/m_axis_tdata_reg[44]/D
  -------------------------------------------------------------------    -------------------

                         (clock accelerator_clk rise edge)
                                                      6.667     6.667 r  
                                                      0.000     6.667 r  aclk (IN)
                         net (fo=3054, unset)         0.021     6.688    u_compute_core/u_energy64/aclk
                         FDRE                                         r  u_compute_core/u_energy64/m_axis_tdata_reg[44]/C
                         clock pessimism              0.000     6.688    
                         clock uncertainty           -0.035     6.653    
                         FDRE (Setup_FDRE_C_D)        0.025     6.678    u_compute_core/u_energy64/m_axis_tdata_reg[44]
  -------------------------------------------------------------------
                         required time                          6.678    
                         arrival time                          -2.742    
  -------------------------------------------------------------------
                         slack                                  3.936    

Slack (MET) :             3.939ns  (required time - arrival time)
  Source:                 u_compute_core/u_energy64/energy_acc1/DSP_A_B_DATA_INST/CLK
                            (rising edge-triggered cell DSP_A_B_DATA clocked by accelerator_clk  {rise@0.000ns fall@3.333ns period=6.667ns})
  Destination:            u_compute_core/u_energy64/m_axis_tdata_reg[43]/D
                            (rising edge-triggered cell FDRE clocked by accelerator_clk  {rise@0.000ns fall@3.333ns period=6.667ns})
  Path Group:             accelerator_clk
  Path Type:              Setup (Max at Slow Process Corner)
  Requirement:            6.667ns  (accelerator_clk rise@6.667ns - accelerator_clk rise@0.000ns)
  Data Path Delay:        2.679ns  (logic 2.130ns (79.507%)  route 0.549ns (20.493%))
  Logic Levels:           11  (CARRY8=4 DSP_ALU=1 DSP_M_DATA=1 DSP_MULTIPLIER=1 DSP_OUTPUT=1 DSP_PREADD_DATA=1 LUT6=2)
  Clock Path Skew:        -0.039ns (DCD - SCD + CPR)
    Destination Clock Delay (DCD):    0.021ns = ( 6.688 - 6.667 ) 
    Source Clock Delay      (SCD):    0.060ns
    Clock Pessimism Removal (CPR):    0.000ns
  Clock Uncertainty:      0.035ns  ((TSJ^2 + TIJ^2)^1/2 + DJ) / 2 + PE
    Total System Jitter     (TSJ):    0.071ns
    Total Input Jitter      (TIJ):    0.000ns
    Discrete Jitter          (DJ):    0.000ns
    Phase Error              (PE):    0.000ns

    Location             Delay type                Incr(ns)  Path(ns)    Netlist Resource(s)
  -------------------------------------------------------------------    -------------------
                         (clock accelerator_clk rise edge)
                                                      0.000     0.000 r  
                                                      0.000     0.000 r  aclk (IN)
                         net (fo=3054, unset)         0.060     0.060    u_compute_core/u_energy64/energy_acc1/CLK
                         DSP_A_B_DATA                                 r  u_compute_core/u_energy64/energy_acc1/DSP_A_B_DATA_INST/CLK
  -------------------------------------------------------------------    -------------------
                         DSP_A_B_DATA (Prop_DSP_A_B_DATA_CLK_B2_DATA[1])
                                                      0.212     0.272 r  u_compute_core/u_energy64/energy_acc1/DSP_A_B_DATA_INST/B2_DATA[1]
                         net (fo=1, unplaced)         0.000     0.272    u_compute_core/u_energy64/energy_acc1/DSP_A_B_DATA.B2_DATA<1>
                         DSP_PREADD_DATA (Prop_DSP_PREADD_DATA_B2_DATA[1]_B2B1[1])
                                                      0.073     0.345 r  u_compute_core/u_energy64/energy_acc1/DSP_PREADD_DATA_INST/B2B1[1]
                         net (fo=1, unplaced)         0.000     0.345    u_compute_core/u_energy64/energy_acc1/DSP_PREADD_DATA.B2B1<1>
                         DSP_MULTIPLIER (Prop_DSP_MULTIPLIER_B2B1[1]_V[0])
                                                      0.609     0.954 f  u_compute_core/u_energy64/energy_acc1/DSP_MULTIPLIER_INST/V[0]
                         net (fo=1, unplaced)         0.000     0.954    u_compute_core/u_energy64/energy_acc1/DSP_MULTIPLIER.V<0>
                         DSP_M_DATA (Prop_DSP_M_DATA_V[0]_V_DATA[0])
                                                      0.046     1.000 r  u_compute_core/u_energy64/energy_acc1/DSP_M_DATA_INST/V_DATA[0]
                         net (fo=1, unplaced)         0.000     1.000    u_compute_core/u_energy64/energy_acc1/DSP_M_DATA.V_DATA<0>
                         DSP_ALU (Prop_DSP_ALU_V_DATA[0]_ALU_OUT[0])
                                                      0.571     1.571 f  u_compute_core/u_energy64/energy_acc1/DSP_ALU_INST/ALU_OUT[0]
                         net (fo=1, unplaced)         0.000     1.571    u_compute_core/u_energy64/energy_acc1/DSP_ALU.ALU_OUT<0>
                         DSP_OUTPUT (Prop_DSP_OUTPUT_ALU_OUT[0]_P[0])
                                                      0.109     1.680 r  u_compute_core/u_energy64/energy_acc1/DSP_OUTPUT_INST/P[0]
                         net (fo=66, unplaced)        0.299     1.979    u_compute_core/u_energy64/energy_acc1_n_105
                         LUT6 (Prop_LUT6_I0_O)        0.150     2.129 r  u_compute_core/u_energy64/energy_acc0_carry_i_7/O
                         net (fo=2, unplaced)         0.186     2.315    u_compute_core/u_energy64/energy_acc0_carry_i_7_n_0
                         LUT6 (Prop_LUT6_I0_O)        0.037     2.352 r  u_compute_core/u_energy64/energy_acc0_carry_i_14/O
                         net (fo=1, unplaced)         0.023     2.375    u_compute_core/u_energy64/energy_acc0_carry_i_14_n_0
                         CARRY8 (Prop_CARRY8_S[1]_CO[7])
                                                      0.197     2.572 r  u_compute_core/u_energy64/energy_acc0_carry/CO[7]
                         net (fo=1, unplaced)         0.005     2.577    u_compute_core/u_energy64/energy_acc0_carry_n_0
                         CARRY8 (Prop_CARRY8_CI_CO[7])
                                                      0.022     2.599 r  u_compute_core/u_energy64/energy_acc0_carry__0/CO[7]
                         net (fo=1, unplaced)         0.005     2.604    u_compute_core/u_energy64/energy_acc0_carry__0_n_0
                         CARRY8 (Prop_CARRY8_CI_CO[7])
                                                      0.022     2.626 r  u_compute_core/u_energy64/energy_acc0_carry__1/CO[7]
                         net (fo=1, unplaced)         0.005     2.631    u_compute_core/u_energy64/energy_acc0_carry__1_n_0
                         CARRY8 (Prop_CARRY8_CI_O[3])
                                                      0.082     2.713 r  u_compute_core/u_energy64/energy_acc0_carry__2/O[3]
                         net (fo=1, unplaced)         0.026     2.739    u_compute_core/u_energy64/energy_next_ext[27]
                         FDRE                                         r  u_compute_core/u_energy64/m_axis_tdata_reg[43]/D
  -------------------------------------------------------------------    -------------------

                         (clock accelerator_clk rise edge)
                                                      6.667     6.667 r  
                                                      0.000     6.667 r  aclk (IN)
                         net (fo=3054, unset)         0.021     6.688    u_compute_core/u_energy64/aclk
                         FDRE                                         r  u_compute_core/u_energy64/m_axis_tdata_reg[43]/C
                         clock pessimism              0.000     6.688    
                         clock uncertainty           -0.035     6.653    
                         FDRE (Setup_FDRE_C_D)        0.025     6.678    u_compute_core/u_energy64/m_axis_tdata_reg[43]
  -------------------------------------------------------------------
                         required time                          6.678    
                         arrival time                          -2.739    
  -------------------------------------------------------------------
                         slack                                  3.939    

Slack (MET) :             3.939ns  (required time - arrival time)
  Source:                 u_compute_core/u_energy64/energy_acc1/DSP_A_B_DATA_INST/CLK
                            (rising edge-triggered cell DSP_A_B_DATA clocked by accelerator_clk  {rise@0.000ns fall@3.333ns period=6.667ns})
  Destination:            u_compute_core/u_energy64/m_axis_tdata_reg[48]/D
                            (rising edge-triggered cell FDRE clocked by accelerator_clk  {rise@0.000ns fall@3.333ns period=6.667ns})
  Path Group:             accelerator_clk
  Path Type:              Setup (Max at Slow Process Corner)
  Requirement:            6.667ns  (accelerator_clk rise@6.667ns - accelerator_clk rise@0.000ns)
  Data Path Delay:        2.679ns  (logic 2.126ns (79.358%)  route 0.553ns (20.642%))
  Logic Levels:           12  (CARRY8=5 DSP_ALU=1 DSP_M_DATA=1 DSP_MULTIPLIER=1 DSP_OUTPUT=1 DSP_PREADD_DATA=1 LUT6=2)
  Clock Path Skew:        -0.039ns (DCD - SCD + CPR)
    Destination Clock Delay (DCD):    0.021ns = ( 6.688 - 6.667 ) 
    Source Clock Delay      (SCD):    0.060ns
    Clock Pessimism Removal (CPR):    0.000ns
  Clock Uncertainty:      0.035ns  ((TSJ^2 + TIJ^2)^1/2 + DJ) / 2 + PE
    Total System Jitter     (TSJ):    0.071ns
    Total Input Jitter      (TIJ):    0.000ns
    Discrete Jitter          (DJ):    0.000ns
    Phase Error              (PE):    0.000ns

    Location             Delay type                Incr(ns)  Path(ns)    Netlist Resource(s)
  -------------------------------------------------------------------    -------------------
                         (clock accelerator_clk rise edge)
                                                      0.000     0.000 r  
                                                      0.000     0.000 r  aclk (IN)
                         net (fo=3054, unset)         0.060     0.060    u_compute_core/u_energy64/energy_acc1/CLK
                         DSP_A_B_DATA                                 r  u_compute_core/u_energy64/energy_acc1/DSP_A_B_DATA_INST/CLK
  -------------------------------------------------------------------    -------------------
                         DSP_A_B_DATA (Prop_DSP_A_B_DATA_CLK_B2_DATA[1])
                                                      0.212     0.272 r  u_compute_core/u_energy64/energy_acc1/DSP_A_B_DATA_INST/B2_DATA[1]
                         net (fo=1, unplaced)         0.000     0.272    u_compute_core/u_energy64/energy_acc1/DSP_A_B_DATA.B2_DATA<1>
                         DSP_PREADD_DATA (Prop_DSP_PREADD_DATA_B2_DATA[1]_B2B1[1])
                                                      0.073     0.345 r  u_compute_core/u_energy64/energy_acc1/DSP_PREADD_DATA_INST/B2B1[1]
                         net (fo=1, unplaced)         0.000     0.345    u_compute_core/u_energy64/energy_acc1/DSP_PREADD_DATA.B2B1<1>
                         DSP_MULTIPLIER (Prop_DSP_MULTIPLIER_B2B1[1]_V[0])
                                                      0.609     0.954 f  u_compute_core/u_energy64/energy_acc1/DSP_MULTIPLIER_INST/V[0]
                         net (fo=1, unplaced)         0.000     0.954    u_compute_core/u_energy64/energy_acc1/DSP_MULTIPLIER.V<0>
                         DSP_M_DATA (Prop_DSP_M_DATA_V[0]_V_DATA[0])
                                                      0.046     1.000 r  u_compute_core/u_energy64/energy_acc1/DSP_M_DATA_INST/V_DATA[0]
                         net (fo=1, unplaced)         0.000     1.000    u_compute_core/u_energy64/energy_acc1/DSP_M_DATA.V_DATA<0>
                         DSP_ALU (Prop_DSP_ALU_V_DATA[0]_ALU_OUT[0])
                                                      0.571     1.571 f  u_compute_core/u_energy64/energy_acc1/DSP_ALU_INST/ALU_OUT[0]
                         net (fo=1, unplaced)         0.000     1.571    u_compute_core/u_energy64/energy_acc1/DSP_ALU.ALU_OUT<0>
                         DSP_OUTPUT (Prop_DSP_OUTPUT_ALU_OUT[0]_P[0])
                                                      0.109     1.680 r  u_compute_core/u_energy64/energy_acc1/DSP_OUTPUT_INST/P[0]
                         net (fo=66, unplaced)        0.299     1.979    u_compute_core/u_energy64/energy_acc1_n_105
                         LUT6 (Prop_LUT6_I0_O)        0.150     2.129 r  u_compute_core/u_energy64/energy_acc0_carry_i_7/O
                         net (fo=2, unplaced)         0.186     2.315    u_compute_core/u_energy64/energy_acc0_carry_i_7_n_0
                         LUT6 (Prop_LUT6_I0_O)        0.037     2.352 r  u_compute_core/u_energy64/energy_acc0_carry_i_14/O
                         net (fo=1, unplaced)         0.023     2.375    u_compute_core/u_energy64/energy_acc0_carry_i_14_n_0
                         CARRY8 (Prop_CARRY8_S[1]_CO[7])
                                                      0.197     2.572 r  u_compute_core/u_energy64/energy_acc0_carry/CO[7]
                         net (fo=1, unplaced)         0.005     2.577    u_compute_core/u_energy64/energy_acc0_carry_n_0
                         CARRY8 (Prop_CARRY8_CI_CO[7])
                                                      0.022     2.599 r  u_compute_core/u_energy64/energy_acc0_carry__0/CO[7]
                         net (fo=1, unplaced)         0.005     2.604    u_compute_core/u_energy64/energy_acc0_carry__0_n_0
                         CARRY8 (Prop_CARRY8_CI_CO[7])
                                                      0.022     2.626 r  u_compute_core/u_energy64/energy_acc0_carry__1/CO[7]
                         net (fo=1, unplaced)         0.005     2.631    u_compute_core/u_energy64/energy_acc0_carry__1_n_0
                         CARRY8 (Prop_CARRY8_CI_CO[7])
                                                      0.022     2.653 r  u_compute_core/u_energy64/energy_acc0_carry__2/CO[7]
                         net (fo=1, unplaced)         0.005     2.658    u_compute_core/u_energy64/energy_acc0_carry__2_n_0
                         CARRY8 (Prop_CARRY8_CI_O[0])
                                                      0.056     2.714 r  u_compute_core/u_energy64/energy_acc0_carry__3/O[0]
                         net (fo=1, unplaced)         0.025     2.739    u_compute_core/u_energy64/energy_next_ext[32]
                         FDRE                                         r  u_compute_core/u_energy64/m_axis_tdata_reg[48]/D
  -------------------------------------------------------------------    -------------------

                         (clock accelerator_clk rise edge)
                                                      6.667     6.667 r  
                                                      0.000     6.667 r  aclk (IN)
                         net (fo=3054, unset)         0.021     6.688    u_compute_core/u_energy64/aclk
                         FDRE                                         r  u_compute_core/u_energy64/m_axis_tdata_reg[48]/C
                         clock pessimism              0.000     6.688    
                         clock uncertainty           -0.035     6.653    
                         FDRE (Setup_FDRE_C_D)        0.025     6.678    u_compute_core/u_energy64/m_axis_tdata_reg[48]
  -------------------------------------------------------------------
                         required time                          6.678    
                         arrival time                          -2.739    
  -------------------------------------------------------------------
                         slack                                  3.939    

Slack (MET) :             3.941ns  (required time - arrival time)
  Source:                 u_compute_core/u_fir32/sum_s5_reg[14]/C
                            (rising edge-triggered cell FDRE clocked by accelerator_clk  {rise@0.000ns fall@3.333ns period=6.667ns})
  Destination:            u_compute_core/u_energy64/energy_acc1/DSP_A_B_DATA_INST/A[26]
                            (rising edge-triggered cell DSP_A_B_DATA clocked by accelerator_clk  {rise@0.000ns fall@3.333ns period=6.667ns})
  Path Group:             accelerator_clk
  Path Type:              Setup (Max at Slow Process Corner)
  Requirement:            6.667ns  (accelerator_clk rise@6.667ns - accelerator_clk rise@0.000ns)
  Data Path Delay:        2.419ns  (logic 0.964ns (39.851%)  route 1.455ns (60.149%))
  Logic Levels:           10  (CARRY8=6 LUT1=2 LUT3=1 LUT6=1)
  Clock Path Skew:        0.013ns (DCD - SCD + CPR)
    Destination Clock Delay (DCD):    0.043ns = ( 6.710 - 6.667 ) 
    Source Clock Delay      (SCD):    0.030ns
    Clock Pessimism Removal (CPR):    0.000ns
  Clock Uncertainty:      0.035ns  ((TSJ^2 + TIJ^2)^1/2 + DJ) / 2 + PE
    Total System Jitter     (TSJ):    0.071ns
    Total Input Jitter      (TIJ):    0.000ns
    Discrete Jitter          (DJ):    0.000ns
    Phase Error              (PE):    0.000ns

    Location             Delay type                Incr(ns)  Path(ns)    Netlist Resource(s)
  -------------------------------------------------------------------    -------------------
                         (clock accelerator_clk rise edge)
                                                      0.000     0.000 r  
                                                      0.000     0.000 r  aclk (IN)
                         net (fo=3054, unset)         0.030     0.030    u_compute_core/u_fir32/aclk
                         FDRE                                         r  u_compute_core/u_fir32/sum_s5_reg[14]/C
  -------------------------------------------------------------------    -------------------
                         FDRE (Prop_FDRE_C_Q)         0.078     0.108 f  u_compute_core/u_fir32/sum_s5_reg[14]/Q
                         net (fo=4, unplaced)         0.149     0.257    u_compute_core/u_fir32/sum_s5[14]
                         LUT1 (Prop_LUT1_I0_O)        0.074     0.331 r  u_compute_core/u_fir32/energy_acc1_i_20/O
                         net (fo=1, unplaced)         0.238     0.569    u_compute_core/u_fir32/energy_acc1_i_20_n_0
                         CARRY8 (Prop_CARRY8_DI[5]_CO[7])
                                                      0.097     0.666 r  u_compute_core/u_fir32/energy_acc1_i_18/CO[7]
                         net (fo=1, unplaced)         0.005     0.671    u_compute_core/u_fir32/energy_acc1_i_18_n_0
                         CARRY8 (Prop_CARRY8_CI_O[4])
                                                      0.086     0.757 f  u_compute_core/u_fir32/i__carry_i_10/O[4]
                         net (fo=1, unplaced)         0.184     0.941    u_compute_core/u_fir32/rounded2[21]
                         LUT1 (Prop_LUT1_I0_O)        0.037     0.978 r  u_compute_core/u_fir32/i__carry_i_4__0/O
                         net (fo=1, unplaced)         0.029     1.007    u_compute_core/u_fir32/i__carry_i_4__0_n_0
                         CARRY8 (Prop_CARRY8_S[5]_CO[7])
                                                      0.166     1.173 r  u_compute_core/u_fir32/_inferred__8/i__carry/CO[7]
                         net (fo=1, unplaced)         0.005     1.178    u_compute_core/u_fir32/_inferred__8/i__carry_n_0
                         CARRY8 (Prop_CARRY8_CI_O[6])
                                                      0.103     1.281 f  u_compute_core/u_fir32/_inferred__8/i__carry__0/O[6]
                         net (fo=6, unplaced)         0.160     1.441    u_compute_core/u_fir32/rounded0[15]
                         LUT3 (Prop_LUT3_I1_O)        0.070     1.511 f  u_compute_core/u_fir32/i__carry_i_5__0/O
                         net (fo=1, unplaced)         0.260     1.771    u_compute_core/u_fir32/i__carry_i_5__0_n_0
                         CARRY8 (Prop_CARRY8_DI[0]_CO[7])
                                                      0.140     1.911 f  u_compute_core/u_fir32/quantize_q151_inferred__0/i__carry/CO[7]
                         net (fo=1, unplaced)         0.005     1.916    u_compute_core/u_fir32/quantize_q151_inferred__0/i__carry_n_0
                         CARRY8 (Prop_CARRY8_CI_CO[3])
                                                      0.060     1.976 f  u_compute_core/u_fir32/quantize_q151_inferred__0/i__carry__0/CO[3]
                         net (fo=32, unplaced)        0.197     2.173    u_compute_core/u_fir32/quantize_q1510_in
                         LUT6 (Prop_LUT6_I1_O)        0.053     2.226 r  u_compute_core/u_fir32/energy_acc1_i_2/O
                         net (fo=18, unplaced)        0.223     2.449    u_compute_core/u_energy64/energy_acc1/A[26]
                         DSP_A_B_DATA                                 r  u_compute_core/u_energy64/energy_acc1/DSP_A_B_DATA_INST/A[26]
  -------------------------------------------------------------------    -------------------

                         (clock accelerator_clk rise edge)
                                                      6.667     6.667 r  
                                                      0.000     6.667 r  aclk (IN)
                         net (fo=3054, unset)         0.043     6.710    u_compute_core/u_energy64/energy_acc1/CLK
                         DSP_A_B_DATA                                 r  u_compute_core/u_energy64/energy_acc1/DSP_A_B_DATA_INST/CLK
                         clock pessimism              0.000     6.710    
                         clock uncertainty           -0.035     6.675    
                         DSP_A_B_DATA (Setup_DSP_A_B_DATA_CLK_A[26])
                                                     -0.285     6.390    u_compute_core/u_energy64/energy_acc1/DSP_A_B_DATA_INST
  -------------------------------------------------------------------
                         required time                          6.390    
                         arrival time                          -2.449    
  -------------------------------------------------------------------
                         slack                                  3.941    

Slack (MET) :             3.945ns  (required time - arrival time)
  Source:                 u_compute_core/u_energy64/energy_acc1/DSP_A_B_DATA_INST/CLK
                            (rising edge-triggered cell DSP_A_B_DATA clocked by accelerator_clk  {rise@0.000ns fall@3.333ns period=6.667ns})
  Destination:            u_compute_core/u_energy64/m_axis_tdata_reg[38]/D
                            (rising edge-triggered cell FDRE clocked by accelerator_clk  {rise@0.000ns fall@3.333ns period=6.667ns})
  Path Group:             accelerator_clk
  Path Type:              Setup (Max at Slow Process Corner)
  Requirement:            6.667ns  (accelerator_clk rise@6.667ns - accelerator_clk rise@0.000ns)
  Data Path Delay:        2.673ns  (logic 2.129ns (79.648%)  route 0.544ns (20.352%))
  Logic Levels:           10  (CARRY8=3 DSP_ALU=1 DSP_M_DATA=1 DSP_MULTIPLIER=1 DSP_OUTPUT=1 DSP_PREADD_DATA=1 LUT6=2)
  Clock Path Skew:        -0.039ns (DCD - SCD + CPR)
    Destination Clock Delay (DCD):    0.021ns = ( 6.688 - 6.667 ) 
    Source Clock Delay      (SCD):    0.060ns
    Clock Pessimism Removal (CPR):    0.000ns
  Clock Uncertainty:      0.035ns  ((TSJ^2 + TIJ^2)^1/2 + DJ) / 2 + PE
    Total System Jitter     (TSJ):    0.071ns
    Total Input Jitter      (TIJ):    0.000ns
    Discrete Jitter          (DJ):    0.000ns
    Phase Error              (PE):    0.000ns

    Location             Delay type                Incr(ns)  Path(ns)    Netlist Resource(s)
  -------------------------------------------------------------------    -------------------
                         (clock accelerator_clk rise edge)
                                                      0.000     0.000 r  
                                                      0.000     0.000 r  aclk (IN)
                         net (fo=3054, unset)         0.060     0.060    u_compute_core/u_energy64/energy_acc1/CLK
                         DSP_A_B_DATA                                 r  u_compute_core/u_energy64/energy_acc1/DSP_A_B_DATA_INST/CLK
  -------------------------------------------------------------------    -------------------
                         DSP_A_B_DATA (Prop_DSP_A_B_DATA_CLK_B2_DATA[1])
                                                      0.212     0.272 r  u_compute_core/u_energy64/energy_acc1/DSP_A_B_DATA_INST/B2_DATA[1]
                         net (fo=1, unplaced)         0.000     0.272    u_compute_core/u_energy64/energy_acc1/DSP_A_B_DATA.B2_DATA<1>
                         DSP_PREADD_DATA (Prop_DSP_PREADD_DATA_B2_DATA[1]_B2B1[1])
                                                      0.073     0.345 r  u_compute_core/u_energy64/energy_acc1/DSP_PREADD_DATA_INST/B2B1[1]
                         net (fo=1, unplaced)         0.000     0.345    u_compute_core/u_energy64/energy_acc1/DSP_PREADD_DATA.B2B1<1>
                         DSP_MULTIPLIER (Prop_DSP_MULTIPLIER_B2B1[1]_V[0])
                                                      0.609     0.954 f  u_compute_core/u_energy64/energy_acc1/DSP_MULTIPLIER_INST/V[0]
                         net (fo=1, unplaced)         0.000     0.954    u_compute_core/u_energy64/energy_acc1/DSP_MULTIPLIER.V<0>
                         DSP_M_DATA (Prop_DSP_M_DATA_V[0]_V_DATA[0])
                                                      0.046     1.000 r  u_compute_core/u_energy64/energy_acc1/DSP_M_DATA_INST/V_DATA[0]
                         net (fo=1, unplaced)         0.000     1.000    u_compute_core/u_energy64/energy_acc1/DSP_M_DATA.V_DATA<0>
                         DSP_ALU (Prop_DSP_ALU_V_DATA[0]_ALU_OUT[0])
                                                      0.571     1.571 f  u_compute_core/u_energy64/energy_acc1/DSP_ALU_INST/ALU_OUT[0]
                         net (fo=1, unplaced)         0.000     1.571    u_compute_core/u_energy64/energy_acc1/DSP_ALU.ALU_OUT<0>
                         DSP_OUTPUT (Prop_DSP_OUTPUT_ALU_OUT[0]_P[0])
                                                      0.109     1.680 r  u_compute_core/u_energy64/energy_acc1/DSP_OUTPUT_INST/P[0]
                         net (fo=66, unplaced)        0.299     1.979    u_compute_core/u_energy64/energy_acc1_n_105
                         LUT6 (Prop_LUT6_I0_O)        0.150     2.129 r  u_compute_core/u_energy64/energy_acc0_carry_i_7/O
                         net (fo=2, unplaced)         0.186     2.315    u_compute_core/u_energy64/energy_acc0_carry_i_7_n_0
                         LUT6 (Prop_LUT6_I0_O)        0.037     2.352 r  u_compute_core/u_energy64/energy_acc0_carry_i_14/O
                         net (fo=1, unplaced)         0.023     2.375    u_compute_core/u_energy64/energy_acc0_carry_i_14_n_0
                         CARRY8 (Prop_CARRY8_S[1]_CO[7])
                                                      0.197     2.572 r  u_compute_core/u_energy64/energy_acc0_carry/CO[7]
                         net (fo=1, unplaced)         0.005     2.577    u_compute_core/u_energy64/energy_acc0_carry_n_0
                         CARRY8 (Prop_CARRY8_CI_CO[7])
                                                      0.022     2.599 r  u_compute_core/u_energy64/energy_acc0_carry__0/CO[7]
                         net (fo=1, unplaced)         0.005     2.604    u_compute_core/u_energy64/energy_acc0_carry__0_n_0
                         CARRY8 (Prop_CARRY8_CI_O[6])
                                                      0.103     2.707 r  u_compute_core/u_energy64/energy_acc0_carry__1/O[6]
                         net (fo=1, unplaced)         0.026     2.733    u_compute_core/u_energy64/energy_next_ext[22]
                         FDRE                                         r  u_compute_core/u_energy64/m_axis_tdata_reg[38]/D
  -------------------------------------------------------------------    -------------------

                         (clock accelerator_clk rise edge)
                                                      6.667     6.667 r  
                                                      0.000     6.667 r  aclk (IN)
                         net (fo=3054, unset)         0.021     6.688    u_compute_core/u_energy64/aclk
                         FDRE                                         r  u_compute_core/u_energy64/m_axis_tdata_reg[38]/C
                         clock pessimism              0.000     6.688    
                         clock uncertainty           -0.035     6.653    
                         FDRE (Setup_FDRE_C_D)        0.025     6.678    u_compute_core/u_energy64/m_axis_tdata_reg[38]
  -------------------------------------------------------------------
                         required time                          6.678    
                         arrival time                          -2.733    
  -------------------------------------------------------------------
                         slack                                  3.945    

Slack (MET) :             3.946ns  (required time - arrival time)
  Source:                 u_compute_core/u_energy64/energy_acc1/DSP_A_B_DATA_INST/CLK
                            (rising edge-triggered cell DSP_A_B_DATA clocked by accelerator_clk  {rise@0.000ns fall@3.333ns period=6.667ns})
  Destination:            u_compute_core/u_energy64/m_axis_tdata_reg[41]/D
                            (rising edge-triggered cell FDRE clocked by accelerator_clk  {rise@0.000ns fall@3.333ns period=6.667ns})
  Path Group:             accelerator_clk
  Path Type:              Setup (Max at Slow Process Corner)
  Requirement:            6.667ns  (accelerator_clk rise@6.667ns - accelerator_clk rise@0.000ns)
  Data Path Delay:        2.672ns  (logic 2.124ns (79.491%)  route 0.548ns (20.509%))
  Logic Levels:           11  (CARRY8=4 DSP_ALU=1 DSP_M_DATA=1 DSP_MULTIPLIER=1 DSP_OUTPUT=1 DSP_PREADD_DATA=1 LUT6=2)
  Clock Path Skew:        -0.039ns (DCD - SCD + CPR)
    Destination Clock Delay (DCD):    0.021ns = ( 6.688 - 6.667 ) 
    Source Clock Delay      (SCD):    0.060ns
    Clock Pessimism Removal (CPR):    0.000ns
  Clock Uncertainty:      0.035ns  ((TSJ^2 + TIJ^2)^1/2 + DJ) / 2 + PE
    Total System Jitter     (TSJ):    0.071ns
    Total Input Jitter      (TIJ):    0.000ns
    Discrete Jitter          (DJ):    0.000ns
    Phase Error              (PE):    0.000ns

    Location             Delay type                Incr(ns)  Path(ns)    Netlist Resource(s)
  -------------------------------------------------------------------    -------------------
                         (clock accelerator_clk rise edge)
                                                      0.000     0.000 r  
                                                      0.000     0.000 r  aclk (IN)
                         net (fo=3054, unset)         0.060     0.060    u_compute_core/u_energy64/energy_acc1/CLK
                         DSP_A_B_DATA                                 r  u_compute_core/u_energy64/energy_acc1/DSP_A_B_DATA_INST/CLK
  -------------------------------------------------------------------    -------------------
                         DSP_A_B_DATA (Prop_DSP_A_B_DATA_CLK_B2_DATA[1])
                                                      0.212     0.272 r  u_compute_core/u_energy64/energy_acc1/DSP_A_B_DATA_INST/B2_DATA[1]
                         net (fo=1, unplaced)         0.000     0.272    u_compute_core/u_energy64/energy_acc1/DSP_A_B_DATA.B2_DATA<1>
                         DSP_PREADD_DATA (Prop_DSP_PREADD_DATA_B2_DATA[1]_B2B1[1])
                                                      0.073     0.345 r  u_compute_core/u_energy64/energy_acc1/DSP_PREADD_DATA_INST/B2B1[1]
                         net (fo=1, unplaced)         0.000     0.345    u_compute_core/u_energy64/energy_acc1/DSP_PREADD_DATA.B2B1<1>
                         DSP_MULTIPLIER (Prop_DSP_MULTIPLIER_B2B1[1]_V[0])
                                                      0.609     0.954 f  u_compute_core/u_energy64/energy_acc1/DSP_MULTIPLIER_INST/V[0]
                         net (fo=1, unplaced)         0.000     0.954    u_compute_core/u_energy64/energy_acc1/DSP_MULTIPLIER.V<0>
                         DSP_M_DATA (Prop_DSP_M_DATA_V[0]_V_DATA[0])
                                                      0.046     1.000 r  u_compute_core/u_energy64/energy_acc1/DSP_M_DATA_INST/V_DATA[0]
                         net (fo=1, unplaced)         0.000     1.000    u_compute_core/u_energy64/energy_acc1/DSP_M_DATA.V_DATA<0>
                         DSP_ALU (Prop_DSP_ALU_V_DATA[0]_ALU_OUT[0])
                                                      0.571     1.571 f  u_compute_core/u_energy64/energy_acc1/DSP_ALU_INST/ALU_OUT[0]
                         net (fo=1, unplaced)         0.000     1.571    u_compute_core/u_energy64/energy_acc1/DSP_ALU.ALU_OUT<0>
                         DSP_OUTPUT (Prop_DSP_OUTPUT_ALU_OUT[0]_P[0])
                                                      0.109     1.680 r  u_compute_core/u_energy64/energy_acc1/DSP_OUTPUT_INST/P[0]
                         net (fo=66, unplaced)        0.299     1.979    u_compute_core/u_energy64/energy_acc1_n_105
                         LUT6 (Prop_LUT6_I0_O)        0.150     2.129 r  u_compute_core/u_energy64/energy_acc0_carry_i_7/O
                         net (fo=2, unplaced)         0.186     2.315    u_compute_core/u_energy64/energy_acc0_carry_i_7_n_0
                         LUT6 (Prop_LUT6_I0_O)        0.037     2.352 r  u_compute_core/u_energy64/energy_acc0_carry_i_14/O
                         net (fo=1, unplaced)         0.023     2.375    u_compute_core/u_energy64/energy_acc0_carry_i_14_n_0
                         CARRY8 (Prop_CARRY8_S[1]_CO[7])
                                                      0.197     2.572 r  u_compute_core/u_energy64/energy_acc0_carry/CO[7]
                         net (fo=1, unplaced)         0.005     2.577    u_compute_core/u_energy64/energy_acc0_carry_n_0
                         CARRY8 (Prop_CARRY8_CI_CO[7])
                                                      0.022     2.599 r  u_compute_core/u_energy64/energy_acc0_carry__0/CO[7]
                         net (fo=1, unplaced)         0.005     2.604    u_compute_core/u_energy64/energy_acc0_carry__0_n_0
                         CARRY8 (Prop_CARRY8_CI_CO[7])
                                                      0.022     2.626 r  u_compute_core/u_energy64/energy_acc0_carry__1/CO[7]
                         net (fo=1, unplaced)         0.005     2.631    u_compute_core/u_energy64/energy_acc0_carry__1_n_0
                         CARRY8 (Prop_CARRY8_CI_O[1])
                                                      0.076     2.707 r  u_compute_core/u_energy64/energy_acc0_carry__2/O[1]
                         net (fo=1, unplaced)         0.025     2.732    u_compute_core/u_energy64/energy_next_ext[25]
                         FDRE                                         r  u_compute_core/u_energy64/m_axis_tdata_reg[41]/D
  -------------------------------------------------------------------    -------------------

                         (clock accelerator_clk rise edge)
                                                      6.667     6.667 r  
                                                      0.000     6.667 r  aclk (IN)
                         net (fo=3054, unset)         0.021     6.688    u_compute_core/u_energy64/aclk
                         FDRE                                         r  u_compute_core/u_energy64/m_axis_tdata_reg[41]/C
                         clock pessimism              0.000     6.688    
                         clock uncertainty           -0.035     6.653    
                         FDRE (Setup_FDRE_C_D)        0.025     6.678    u_compute_core/u_energy64/m_axis_tdata_reg[41]
  -------------------------------------------------------------------
                         required time                          6.678    
                         arrival time                          -2.732    
  -------------------------------------------------------------------
                         slack                                  3.946    

Slack (MET) :             3.948ns  (required time - arrival time)
  Source:                 u_compute_core/u_fir32/sum_s5_reg[14]/C
                            (rising edge-triggered cell FDRE clocked by accelerator_clk  {rise@0.000ns fall@3.333ns period=6.667ns})
  Destination:            u_compute_core/u_energy64/energy_acc1/DSP_A_B_DATA_INST/A[27]
                            (rising edge-triggered cell DSP_A_B_DATA clocked by accelerator_clk  {rise@0.000ns fall@3.333ns period=6.667ns})
  Path Group:             accelerator_clk
  Path Type:              Setup (Max at Slow Process Corner)
  Requirement:            6.667ns  (accelerator_clk rise@6.667ns - accelerator_clk rise@0.000ns)
  Data Path Delay:        2.415ns  (logic 0.964ns (39.917%)  route 1.451ns (60.083%))
  Logic Levels:           10  (CARRY8=6 LUT1=2 LUT3=1 LUT6=1)
  Clock Path Skew:        0.013ns (DCD - SCD + CPR)
    Destination Clock Delay (DCD):    0.043ns = ( 6.710 - 6.667 ) 
    Source Clock Delay      (SCD):    0.030ns
    Clock Pessimism Removal (CPR):    0.000ns
  Clock Uncertainty:      0.035ns  ((TSJ^2 + TIJ^2)^1/2 + DJ) / 2 + PE
    Total System Jitter     (TSJ):    0.071ns
    Total Input Jitter      (TIJ):    0.000ns
    Discrete Jitter          (DJ):    0.000ns
    Phase Error              (PE):    0.000ns

    Location             Delay type                Incr(ns)  Path(ns)    Netlist Resource(s)
  -------------------------------------------------------------------    -------------------
                         (clock accelerator_clk rise edge)
                                                      0.000     0.000 r  
                                                      0.000     0.000 r  aclk (IN)
                         net (fo=3054, unset)         0.030     0.030    u_compute_core/u_fir32/aclk
                         FDRE                                         r  u_compute_core/u_fir32/sum_s5_reg[14]/C
  -------------------------------------------------------------------    -------------------
                         FDRE (Prop_FDRE_C_Q)         0.078     0.108 f  u_compute_core/u_fir32/sum_s5_reg[14]/Q
                         net (fo=4, unplaced)         0.149     0.257    u_compute_core/u_fir32/sum_s5[14]
                         LUT1 (Prop_LUT1_I0_O)        0.074     0.331 r  u_compute_core/u_fir32/energy_acc1_i_20/O
                         net (fo=1, unplaced)         0.238     0.569    u_compute_core/u_fir32/energy_acc1_i_20_n_0
                         CARRY8 (Prop_CARRY8_DI[5]_CO[7])
                                                      0.097     0.666 r  u_compute_core/u_fir32/energy_acc1_i_18/CO[7]
                         net (fo=1, unplaced)         0.005     0.671    u_compute_core/u_fir32/energy_acc1_i_18_n_0
                         CARRY8 (Prop_CARRY8_CI_O[4])
                                                      0.086     0.757 f  u_compute_core/u_fir32/i__carry_i_10/O[4]
                         net (fo=1, unplaced)         0.184     0.941    u_compute_core/u_fir32/rounded2[21]
                         LUT1 (Prop_LUT1_I0_O)        0.037     0.978 r  u_compute_core/u_fir32/i__carry_i_4__0/O
                         net (fo=1, unplaced)         0.029     1.007    u_compute_core/u_fir32/i__carry_i_4__0_n_0
                         CARRY8 (Prop_CARRY8_S[5]_CO[7])
                                                      0.166     1.173 r  u_compute_core/u_fir32/_inferred__8/i__carry/CO[7]
                         net (fo=1, unplaced)         0.005     1.178    u_compute_core/u_fir32/_inferred__8/i__carry_n_0
                         CARRY8 (Prop_CARRY8_CI_O[6])
                                                      0.103     1.281 f  u_compute_core/u_fir32/_inferred__8/i__carry__0/O[6]
                         net (fo=6, unplaced)         0.160     1.441    u_compute_core/u_fir32/rounded0[15]
                         LUT3 (Prop_LUT3_I1_O)        0.070     1.511 f  u_compute_core/u_fir32/i__carry_i_5__0/O
                         net (fo=1, unplaced)         0.260     1.771    u_compute_core/u_fir32/i__carry_i_5__0_n_0
                         CARRY8 (Prop_CARRY8_DI[0]_CO[7])
                                                      0.140     1.911 f  u_compute_core/u_fir32/quantize_q151_inferred__0/i__carry/CO[7]
                         net (fo=1, unplaced)         0.005     1.916    u_compute_core/u_fir32/quantize_q151_inferred__0/i__carry_n_0
                         CARRY8 (Prop_CARRY8_CI_CO[3])
                                                      0.060     1.976 f  u_compute_core/u_fir32/quantize_q151_inferred__0/i__carry__0/CO[3]
                         net (fo=32, unplaced)        0.197     2.173    u_compute_core/u_fir32/quantize_q1510_in
                         LUT6 (Prop_LUT6_I1_O)        0.053     2.226 r  u_compute_core/u_fir32/energy_acc1_i_2/O
                         net (fo=18, unplaced)        0.219     2.445    u_compute_core/u_energy64/energy_acc1/A[27]
                         DSP_A_B_DATA                                 r  u_compute_core/u_energy64/energy_acc1/DSP_A_B_DATA_INST/A[27]
  -------------------------------------------------------------------    -------------------

                         (clock accelerator_clk rise edge)
                                                      6.667     6.667 r  
                                                      0.000     6.667 r  aclk (IN)
                         net (fo=3054, unset)         0.043     6.710    u_compute_core/u_energy64/energy_acc1/CLK
                         DSP_A_B_DATA                                 r  u_compute_core/u_energy64/energy_acc1/DSP_A_B_DATA_INST/CLK
                         clock pessimism              0.000     6.710    
                         clock uncertainty           -0.035     6.675    
                         DSP_A_B_DATA (Setup_DSP_A_B_DATA_CLK_A[27])
                                                     -0.282     6.393    u_compute_core/u_energy64/energy_acc1/DSP_A_B_DATA_INST
  -------------------------------------------------------------------
                         required time                          6.393    
                         arrival time                          -2.445    
  -------------------------------------------------------------------
                         slack                                  3.948    

Slack (MET) :             3.954ns  (required time - arrival time)
  Source:                 u_compute_core/u_energy64/energy_acc1/DSP_A_B_DATA_INST/CLK
                            (rising edge-triggered cell DSP_A_B_DATA clocked by accelerator_clk  {rise@0.000ns fall@3.333ns period=6.667ns})
  Destination:            u_compute_core/u_energy64/m_axis_tdata_reg[42]/D
                            (rising edge-triggered cell FDRE clocked by accelerator_clk  {rise@0.000ns fall@3.333ns period=6.667ns})
  Path Group:             accelerator_clk
  Path Type:              Setup (Max at Slow Process Corner)
  Requirement:            6.667ns  (accelerator_clk rise@6.667ns - accelerator_clk rise@0.000ns)
  Data Path Delay:        2.664ns  (logic 2.115ns (79.392%)  route 0.549ns (20.608%))
  Logic Levels:           11  (CARRY8=4 DSP_ALU=1 DSP_M_DATA=1 DSP_MULTIPLIER=1 DSP_OUTPUT=1 DSP_PREADD_DATA=1 LUT6=2)
  Clock Path Skew:        -0.039ns (DCD - SCD + CPR)
    Destination Clock Delay (DCD):    0.021ns = ( 6.688 - 6.667 ) 
    Source Clock Delay      (SCD):    0.060ns
    Clock Pessimism Removal (CPR):    0.000ns
  Clock Uncertainty:      0.035ns  ((TSJ^2 + TIJ^2)^1/2 + DJ) / 2 + PE
    Total System Jitter     (TSJ):    0.071ns
    Total Input Jitter      (TIJ):    0.000ns
    Discrete Jitter          (DJ):    0.000ns
    Phase Error              (PE):    0.000ns

    Location             Delay type                Incr(ns)  Path(ns)    Netlist Resource(s)
  -------------------------------------------------------------------    -------------------
                         (clock accelerator_clk rise edge)
                                                      0.000     0.000 r  
                                                      0.000     0.000 r  aclk (IN)
                         net (fo=3054, unset)         0.060     0.060    u_compute_core/u_energy64/energy_acc1/CLK
                         DSP_A_B_DATA                                 r  u_compute_core/u_energy64/energy_acc1/DSP_A_B_DATA_INST/CLK
  -------------------------------------------------------------------    -------------------
                         DSP_A_B_DATA (Prop_DSP_A_B_DATA_CLK_B2_DATA[1])
                                                      0.212     0.272 r  u_compute_core/u_energy64/energy_acc1/DSP_A_B_DATA_INST/B2_DATA[1]
                         net (fo=1, unplaced)         0.000     0.272    u_compute_core/u_energy64/energy_acc1/DSP_A_B_DATA.B2_DATA<1>
                         DSP_PREADD_DATA (Prop_DSP_PREADD_DATA_B2_DATA[1]_B2B1[1])
                                                      0.073     0.345 r  u_compute_core/u_energy64/energy_acc1/DSP_PREADD_DATA_INST/B2B1[1]
                         net (fo=1, unplaced)         0.000     0.345    u_compute_core/u_energy64/energy_acc1/DSP_PREADD_DATA.B2B1<1>
                         DSP_MULTIPLIER (Prop_DSP_MULTIPLIER_B2B1[1]_V[0])
                                                      0.609     0.954 f  u_compute_core/u_energy64/energy_acc1/DSP_MULTIPLIER_INST/V[0]
                         net (fo=1, unplaced)         0.000     0.954    u_compute_core/u_energy64/energy_acc1/DSP_MULTIPLIER.V<0>
                         DSP_M_DATA (Prop_DSP_M_DATA_V[0]_V_DATA[0])
                                                      0.046     1.000 r  u_compute_core/u_energy64/energy_acc1/DSP_M_DATA_INST/V_DATA[0]
                         net (fo=1, unplaced)         0.000     1.000    u_compute_core/u_energy64/energy_acc1/DSP_M_DATA.V_DATA<0>
                         DSP_ALU (Prop_DSP_ALU_V_DATA[0]_ALU_OUT[0])
                                                      0.571     1.571 f  u_compute_core/u_energy64/energy_acc1/DSP_ALU_INST/ALU_OUT[0]
                         net (fo=1, unplaced)         0.000     1.571    u_compute_core/u_energy64/energy_acc1/DSP_ALU.ALU_OUT<0>
                         DSP_OUTPUT (Prop_DSP_OUTPUT_ALU_OUT[0]_P[0])
                                                      0.109     1.680 r  u_compute_core/u_energy64/energy_acc1/DSP_OUTPUT_INST/P[0]
                         net (fo=66, unplaced)        0.299     1.979    u_compute_core/u_energy64/energy_acc1_n_105
                         LUT6 (Prop_LUT6_I0_O)        0.150     2.129 r  u_compute_core/u_energy64/energy_acc0_carry_i_7/O
                         net (fo=2, unplaced)         0.186     2.315    u_compute_core/u_energy64/energy_acc0_carry_i_7_n_0
                         LUT6 (Prop_LUT6_I0_O)        0.037     2.352 r  u_compute_core/u_energy64/energy_acc0_carry_i_14/O
                         net (fo=1, unplaced)         0.023     2.375    u_compute_core/u_energy64/energy_acc0_carry_i_14_n_0
                         CARRY8 (Prop_CARRY8_S[1]_CO[7])
                                                      0.197     2.572 r  u_compute_core/u_energy64/energy_acc0_carry/CO[7]
                         net (fo=1, unplaced)         0.005     2.577    u_compute_core/u_energy64/energy_acc0_carry_n_0
                         CARRY8 (Prop_CARRY8_CI_CO[7])
                                                      0.022     2.599 r  u_compute_core/u_energy64/energy_acc0_carry__0/CO[7]
                         net (fo=1, unplaced)         0.005     2.604    u_compute_core/u_energy64/energy_acc0_carry__0_n_0
                         CARRY8 (Prop_CARRY8_CI_CO[7])
                                                      0.022     2.626 r  u_compute_core/u_energy64/energy_acc0_carry__1/CO[7]
                         net (fo=1, unplaced)         0.005     2.631    u_compute_core/u_energy64/energy_acc0_carry__1_n_0
                         CARRY8 (Prop_CARRY8_CI_O[2])
                                                      0.067     2.698 r  u_compute_core/u_energy64/energy_acc0_carry__2/O[2]
                         net (fo=1, unplaced)         0.026     2.724    u_compute_core/u_energy64/energy_next_ext[26]
                         FDRE                                         r  u_compute_core/u_energy64/m_axis_tdata_reg[42]/D
  -------------------------------------------------------------------    -------------------

                         (clock accelerator_clk rise edge)
                                                      6.667     6.667 r  
                                                      0.000     6.667 r  aclk (IN)
                         net (fo=3054, unset)         0.021     6.688    u_compute_core/u_energy64/aclk
                         FDRE                                         r  u_compute_core/u_energy64/m_axis_tdata_reg[42]/C
                         clock pessimism              0.000     6.688    
                         clock uncertainty           -0.035     6.653    
                         FDRE (Setup_FDRE_C_D)        0.025     6.678    u_compute_core/u_energy64/m_axis_tdata_reg[42]
  -------------------------------------------------------------------
                         required time                          6.678    
                         arrival time                          -2.724    
  -------------------------------------------------------------------
                         slack                                  3.954    

Slack (MET) :             3.959ns  (required time - arrival time)
  Source:                 u_compute_core/u_energy64/energy_acc1/DSP_A_B_DATA_INST/CLK
                            (rising edge-triggered cell DSP_A_B_DATA clocked by accelerator_clk  {rise@0.000ns fall@3.333ns period=6.667ns})
  Destination:            u_compute_core/u_energy64/m_axis_tdata_reg[31]/D
                            (rising edge-triggered cell FDRE clocked by accelerator_clk  {rise@0.000ns fall@3.333ns period=6.667ns})
  Path Group:             accelerator_clk
  Path Type:              Setup (Max at Slow Process Corner)
  Requirement:            6.667ns  (accelerator_clk rise@6.667ns - accelerator_clk rise@0.000ns)
  Data Path Delay:        2.659ns  (logic 2.120ns (79.729%)  route 0.539ns (20.271%))
  Logic Levels:           9  (CARRY8=2 DSP_ALU=1 DSP_M_DATA=1 DSP_MULTIPLIER=1 DSP_OUTPUT=1 DSP_PREADD_DATA=1 LUT6=2)
  Clock Path Skew:        -0.039ns (DCD - SCD + CPR)
    Destination Clock Delay (DCD):    0.021ns = ( 6.688 - 6.667 ) 
    Source Clock Delay      (SCD):    0.060ns
    Clock Pessimism Removal (CPR):    0.000ns
  Clock Uncertainty:      0.035ns  ((TSJ^2 + TIJ^2)^1/2 + DJ) / 2 + PE
    Total System Jitter     (TSJ):    0.071ns
    Total Input Jitter      (TIJ):    0.000ns
    Discrete Jitter          (DJ):    0.000ns
    Phase Error              (PE):    0.000ns

    Location             Delay type                Incr(ns)  Path(ns)    Netlist Resource(s)
  -------------------------------------------------------------------    -------------------
                         (clock accelerator_clk rise edge)
                                                      0.000     0.000 r  
                                                      0.000     0.000 r  aclk (IN)
                         net (fo=3054, unset)         0.060     0.060    u_compute_core/u_energy64/energy_acc1/CLK
                         DSP_A_B_DATA                                 r  u_compute_core/u_energy64/energy_acc1/DSP_A_B_DATA_INST/CLK
  -------------------------------------------------------------------    -------------------
                         DSP_A_B_DATA (Prop_DSP_A_B_DATA_CLK_B2_DATA[1])
                                                      0.212     0.272 r  u_compute_core/u_energy64/energy_acc1/DSP_A_B_DATA_INST/B2_DATA[1]
                         net (fo=1, unplaced)         0.000     0.272    u_compute_core/u_energy64/energy_acc1/DSP_A_B_DATA.B2_DATA<1>
                         DSP_PREADD_DATA (Prop_DSP_PREADD_DATA_B2_DATA[1]_B2B1[1])
                                                      0.073     0.345 r  u_compute_core/u_energy64/energy_acc1/DSP_PREADD_DATA_INST/B2B1[1]
                         net (fo=1, unplaced)         0.000     0.345    u_compute_core/u_energy64/energy_acc1/DSP_PREADD_DATA.B2B1<1>
                         DSP_MULTIPLIER (Prop_DSP_MULTIPLIER_B2B1[1]_V[0])
                                                      0.609     0.954 f  u_compute_core/u_energy64/energy_acc1/DSP_MULTIPLIER_INST/V[0]
                         net (fo=1, unplaced)         0.000     0.954    u_compute_core/u_energy64/energy_acc1/DSP_MULTIPLIER.V<0>
                         DSP_M_DATA (Prop_DSP_M_DATA_V[0]_V_DATA[0])
                                                      0.046     1.000 r  u_compute_core/u_energy64/energy_acc1/DSP_M_DATA_INST/V_DATA[0]
                         net (fo=1, unplaced)         0.000     1.000    u_compute_core/u_energy64/energy_acc1/DSP_M_DATA.V_DATA<0>
                         DSP_ALU (Prop_DSP_ALU_V_DATA[0]_ALU_OUT[0])
                                                      0.571     1.571 f  u_compute_core/u_energy64/energy_acc1/DSP_ALU_INST/ALU_OUT[0]
                         net (fo=1, unplaced)         0.000     1.571    u_compute_core/u_energy64/energy_acc1/DSP_ALU.ALU_OUT<0>
                         DSP_OUTPUT (Prop_DSP_OUTPUT_ALU_OUT[0]_P[0])
                                                      0.109     1.680 r  u_compute_core/u_energy64/energy_acc1/DSP_OUTPUT_INST/P[0]
                         net (fo=66, unplaced)        0.299     1.979    u_compute_core/u_energy64/energy_acc1_n_105
                         LUT6 (Prop_LUT6_I0_O)        0.150     2.129 r  u_compute_core/u_energy64/energy_acc0_carry_i_7/O
                         net (fo=2, unplaced)         0.186     2.315    u_compute_core/u_energy64/energy_acc0_carry_i_7_n_0
                         LUT6 (Prop_LUT6_I0_O)        0.037     2.352 r  u_compute_core/u_energy64/energy_acc0_carry_i_14/O
                         net (fo=1, unplaced)         0.023     2.375    u_compute_core/u_energy64/energy_acc0_carry_i_14_n_0
                         CARRY8 (Prop_CARRY8_S[1]_CO[7])
                                                      0.197     2.572 r  u_compute_core/u_energy64/energy_acc0_carry/CO[7]
                         net (fo=1, unplaced)         0.005     2.577    u_compute_core/u_energy64/energy_acc0_carry_n_0
                         CARRY8 (Prop_CARRY8_CI_O[7])
                                                      0.116     2.693 r  u_compute_core/u_energy64/energy_acc0_carry__0/O[7]
                         net (fo=1, unplaced)         0.026     2.719    u_compute_core/u_energy64/energy_next_ext[15]
                         FDRE                                         r  u_compute_core/u_energy64/m_axis_tdata_reg[31]/D
  -------------------------------------------------------------------    -------------------

                         (clock accelerator_clk rise edge)
                                                      6.667     6.667 r  
                                                      0.000     6.667 r  aclk (IN)
                         net (fo=3054, unset)         0.021     6.688    u_compute_core/u_energy64/aclk
                         FDRE                                         r  u_compute_core/u_energy64/m_axis_tdata_reg[31]/C
                         clock pessimism              0.000     6.688    
                         clock uncertainty           -0.035     6.653    
                         FDRE (Setup_FDRE_C_D)        0.025     6.678    u_compute_core/u_energy64/m_axis_tdata_reg[31]
  -------------------------------------------------------------------
                         required time                          6.678    
                         arrival time                          -2.719    
  -------------------------------------------------------------------
                         slack                                  3.959    

Slack (MET) :             3.960ns  (required time - arrival time)
  Source:                 u_compute_core/u_fir32/sum_s5_reg[14]/C
                            (rising edge-triggered cell FDRE clocked by accelerator_clk  {rise@0.000ns fall@3.333ns period=6.667ns})
  Destination:            u_compute_core/u_energy64/energy_acc1/DSP_A_B_DATA_INST/A[28]
                            (rising edge-triggered cell DSP_A_B_DATA clocked by accelerator_clk  {rise@0.000ns fall@3.333ns period=6.667ns})
  Path Group:             accelerator_clk
  Path Type:              Setup (Max at Slow Process Corner)
  Requirement:            6.667ns  (accelerator_clk rise@6.667ns - accelerator_clk rise@0.000ns)
  Data Path Delay:        2.393ns  (logic 0.964ns (40.284%)  route 1.429ns (59.716%))
  Logic Levels:           10  (CARRY8=6 LUT1=2 LUT3=1 LUT6=1)
  Clock Path Skew:        0.013ns (DCD - SCD + CPR)
    Destination Clock Delay (DCD):    0.043ns = ( 6.710 - 6.667 ) 
    Source Clock Delay      (SCD):    0.030ns
    Clock Pessimism Removal (CPR):    0.000ns
  Clock Uncertainty:      0.035ns  ((TSJ^2 + TIJ^2)^1/2 + DJ) / 2 + PE
    Total System Jitter     (TSJ):    0.071ns
    Total Input Jitter      (TIJ):    0.000ns
    Discrete Jitter          (DJ):    0.000ns
    Phase Error              (PE):    0.000ns

    Location             Delay type                Incr(ns)  Path(ns)    Netlist Resource(s)
  -------------------------------------------------------------------    -------------------
                         (clock accelerator_clk rise edge)
                                                      0.000     0.000 r  
                                                      0.000     0.000 r  aclk (IN)
                         net (fo=3054, unset)         0.030     0.030    u_compute_core/u_fir32/aclk
                         FDRE                                         r  u_compute_core/u_fir32/sum_s5_reg[14]/C
  -------------------------------------------------------------------    -------------------
                         FDRE (Prop_FDRE_C_Q)         0.078     0.108 f  u_compute_core/u_fir32/sum_s5_reg[14]/Q
                         net (fo=4, unplaced)         0.149     0.257    u_compute_core/u_fir32/sum_s5[14]
                         LUT1 (Prop_LUT1_I0_O)        0.074     0.331 r  u_compute_core/u_fir32/energy_acc1_i_20/O
                         net (fo=1, unplaced)         0.238     0.569    u_compute_core/u_fir32/energy_acc1_i_20_n_0
                         CARRY8 (Prop_CARRY8_DI[5]_CO[7])
                                                      0.097     0.666 r  u_compute_core/u_fir32/energy_acc1_i_18/CO[7]
                         net (fo=1, unplaced)         0.005     0.671    u_compute_core/u_fir32/energy_acc1_i_18_n_0
                         CARRY8 (Prop_CARRY8_CI_O[4])
                                                      0.086     0.757 f  u_compute_core/u_fir32/i__carry_i_10/O[4]
                         net (fo=1, unplaced)         0.184     0.941    u_compute_core/u_fir32/rounded2[21]
                         LUT1 (Prop_LUT1_I0_O)        0.037     0.978 r  u_compute_core/u_fir32/i__carry_i_4__0/O
                         net (fo=1, unplaced)         0.029     1.007    u_compute_core/u_fir32/i__carry_i_4__0_n_0
                         CARRY8 (Prop_CARRY8_S[5]_CO[7])
                                                      0.166     1.173 r  u_compute_core/u_fir32/_inferred__8/i__carry/CO[7]
                         net (fo=1, unplaced)         0.005     1.178    u_compute_core/u_fir32/_inferred__8/i__carry_n_0
                         CARRY8 (Prop_CARRY8_CI_O[6])
                                                      0.103     1.281 f  u_compute_core/u_fir32/_inferred__8/i__carry__0/O[6]
                         net (fo=6, unplaced)         0.160     1.441    u_compute_core/u_fir32/rounded0[15]
                         LUT3 (Prop_LUT3_I1_O)        0.070     1.511 f  u_compute_core/u_fir32/i__carry_i_5__0/O
                         net (fo=1, unplaced)         0.260     1.771    u_compute_core/u_fir32/i__carry_i_5__0_n_0
                         CARRY8 (Prop_CARRY8_DI[0]_CO[7])
                                                      0.140     1.911 f  u_compute_core/u_fir32/quantize_q151_inferred__0/i__carry/CO[7]
                         net (fo=1, unplaced)         0.005     1.916    u_compute_core/u_fir32/quantize_q151_inferred__0/i__carry_n_0
                         CARRY8 (Prop_CARRY8_CI_CO[3])
                                                      0.060     1.976 f  u_compute_core/u_fir32/quantize_q151_inferred__0/i__carry__0/CO[3]
                         net (fo=32, unplaced)        0.197     2.173    u_compute_core/u_fir32/quantize_q1510_in
                         LUT6 (Prop_LUT6_I1_O)        0.053     2.226 r  u_compute_core/u_fir32/energy_acc1_i_2/O
                         net (fo=18, unplaced)        0.197     2.423    u_compute_core/u_energy64/energy_acc1/A[28]
                         DSP_A_B_DATA                                 r  u_compute_core/u_energy64/energy_acc1/DSP_A_B_DATA_INST/A[28]
  -------------------------------------------------------------------    -------------------

                         (clock accelerator_clk rise edge)
                                                      6.667     6.667 r  
                                                      0.000     6.667 r  aclk (IN)
                         net (fo=3054, unset)         0.043     6.710    u_compute_core/u_energy64/energy_acc1/CLK
                         DSP_A_B_DATA                                 r  u_compute_core/u_energy64/energy_acc1/DSP_A_B_DATA_INST/CLK
                         clock pessimism              0.000     6.710    
                         clock uncertainty           -0.035     6.675    
                         DSP_A_B_DATA (Setup_DSP_A_B_DATA_CLK_A[28])
                                                     -0.292     6.383    u_compute_core/u_energy64/energy_acc1/DSP_A_B_DATA_INST
  -------------------------------------------------------------------
                         required time                          6.383    
                         arrival time                          -2.423    
  -------------------------------------------------------------------
                         slack                                  3.960    

Slack (MET) :             3.960ns  (required time - arrival time)
  Source:                 u_compute_core/u_energy64/energy_acc1/DSP_A_B_DATA_INST/CLK
                            (rising edge-triggered cell DSP_A_B_DATA clocked by accelerator_clk  {rise@0.000ns fall@3.333ns period=6.667ns})
  Destination:            u_compute_core/u_energy64/m_axis_tdata_reg[29]/D
                            (rising edge-triggered cell FDRE clocked by accelerator_clk  {rise@0.000ns fall@3.333ns period=6.667ns})
  Path Group:             accelerator_clk
  Path Type:              Setup (Max at Slow Process Corner)
  Requirement:            6.667ns  (accelerator_clk rise@6.667ns - accelerator_clk rise@0.000ns)
  Data Path Delay:        2.658ns  (logic 2.120ns (79.759%)  route 0.538ns (20.241%))
  Logic Levels:           9  (CARRY8=2 DSP_ALU=1 DSP_M_DATA=1 DSP_MULTIPLIER=1 DSP_OUTPUT=1 DSP_PREADD_DATA=1 LUT6=2)
  Clock Path Skew:        -0.039ns (DCD - SCD + CPR)
    Destination Clock Delay (DCD):    0.021ns = ( 6.688 - 6.667 ) 
    Source Clock Delay      (SCD):    0.060ns
    Clock Pessimism Removal (CPR):    0.000ns
  Clock Uncertainty:      0.035ns  ((TSJ^2 + TIJ^2)^1/2 + DJ) / 2 + PE
    Total System Jitter     (TSJ):    0.071ns
    Total Input Jitter      (TIJ):    0.000ns
    Discrete Jitter          (DJ):    0.000ns
    Phase Error              (PE):    0.000ns

    Location             Delay type                Incr(ns)  Path(ns)    Netlist Resource(s)
  -------------------------------------------------------------------    -------------------
                         (clock accelerator_clk rise edge)
                                                      0.000     0.000 r  
                                                      0.000     0.000 r  aclk (IN)
                         net (fo=3054, unset)         0.060     0.060    u_compute_core/u_energy64/energy_acc1/CLK
                         DSP_A_B_DATA                                 r  u_compute_core/u_energy64/energy_acc1/DSP_A_B_DATA_INST/CLK
  -------------------------------------------------------------------    -------------------
                         DSP_A_B_DATA (Prop_DSP_A_B_DATA_CLK_B2_DATA[1])
                                                      0.212     0.272 r  u_compute_core/u_energy64/energy_acc1/DSP_A_B_DATA_INST/B2_DATA[1]
                         net (fo=1, unplaced)         0.000     0.272    u_compute_core/u_energy64/energy_acc1/DSP_A_B_DATA.B2_DATA<1>
                         DSP_PREADD_DATA (Prop_DSP_PREADD_DATA_B2_DATA[1]_B2B1[1])
                                                      0.073     0.345 r  u_compute_core/u_energy64/energy_acc1/DSP_PREADD_DATA_INST/B2B1[1]
                         net (fo=1, unplaced)         0.000     0.345    u_compute_core/u_energy64/energy_acc1/DSP_PREADD_DATA.B2B1<1>
                         DSP_MULTIPLIER (Prop_DSP_MULTIPLIER_B2B1[1]_V[0])
                                                      0.609     0.954 f  u_compute_core/u_energy64/energy_acc1/DSP_MULTIPLIER_INST/V[0]
                         net (fo=1, unplaced)         0.000     0.954    u_compute_core/u_energy64/energy_acc1/DSP_MULTIPLIER.V<0>
                         DSP_M_DATA (Prop_DSP_M_DATA_V[0]_V_DATA[0])
                                                      0.046     1.000 r  u_compute_core/u_energy64/energy_acc1/DSP_M_DATA_INST/V_DATA[0]
                         net (fo=1, unplaced)         0.000     1.000    u_compute_core/u_energy64/energy_acc1/DSP_M_DATA.V_DATA<0>
                         DSP_ALU (Prop_DSP_ALU_V_DATA[0]_ALU_OUT[0])
                                                      0.571     1.571 f  u_compute_core/u_energy64/energy_acc1/DSP_ALU_INST/ALU_OUT[0]
                         net (fo=1, unplaced)         0.000     1.571    u_compute_core/u_energy64/energy_acc1/DSP_ALU.ALU_OUT<0>
                         DSP_OUTPUT (Prop_DSP_OUTPUT_ALU_OUT[0]_P[0])
                                                      0.109     1.680 r  u_compute_core/u_energy64/energy_acc1/DSP_OUTPUT_INST/P[0]
                         net (fo=66, unplaced)        0.299     1.979    u_compute_core/u_energy64/energy_acc1_n_105
                         LUT6 (Prop_LUT6_I0_O)        0.150     2.129 r  u_compute_core/u_energy64/energy_acc0_carry_i_7/O
                         net (fo=2, unplaced)         0.186     2.315    u_compute_core/u_energy64/energy_acc0_carry_i_7_n_0
                         LUT6 (Prop_LUT6_I0_O)        0.037     2.352 r  u_compute_core/u_energy64/energy_acc0_carry_i_14/O
                         net (fo=1, unplaced)         0.023     2.375    u_compute_core/u_energy64/energy_acc0_carry_i_14_n_0
                         CARRY8 (Prop_CARRY8_S[1]_CO[7])
                                                      0.197     2.572 r  u_compute_core/u_energy64/energy_acc0_carry/CO[7]
                         net (fo=1, unplaced)         0.005     2.577    u_compute_core/u_energy64/energy_acc0_carry_n_0
                         CARRY8 (Prop_CARRY8_CI_O[5])
                                                      0.116     2.693 r  u_compute_core/u_energy64/energy_acc0_carry__0/O[5]
                         net (fo=1, unplaced)         0.025     2.718    u_compute_core/u_energy64/energy_next_ext[13]
                         FDRE                                         r  u_compute_core/u_energy64/m_axis_tdata_reg[29]/D
  -------------------------------------------------------------------    -------------------

                         (clock accelerator_clk rise edge)
                                                      6.667     6.667 r  
                                                      0.000     6.667 r  aclk (IN)
                         net (fo=3054, unset)         0.021     6.688    u_compute_core/u_energy64/aclk
                         FDRE                                         r  u_compute_core/u_energy64/m_axis_tdata_reg[29]/C
                         clock pessimism              0.000     6.688    
                         clock uncertainty           -0.035     6.653    
                         FDRE (Setup_FDRE_C_D)        0.025     6.678    u_compute_core/u_energy64/m_axis_tdata_reg[29]
  -------------------------------------------------------------------
                         required time                          6.678    
                         arrival time                          -2.718    
  -------------------------------------------------------------------
                         slack                                  3.960    

Slack (MET) :             3.961ns  (required time - arrival time)
  Source:                 u_compute_core/u_fir32/sum_s5_reg[14]/C
                            (rising edge-triggered cell FDRE clocked by accelerator_clk  {rise@0.000ns fall@3.333ns period=6.667ns})
  Destination:            u_compute_core/u_energy64/energy_acc1/DSP_A_B_DATA_INST/A[15]
                            (rising edge-triggered cell DSP_A_B_DATA clocked by accelerator_clk  {rise@0.000ns fall@3.333ns period=6.667ns})
  Path Group:             accelerator_clk
  Path Type:              Setup (Max at Slow Process Corner)
  Requirement:            6.667ns  (accelerator_clk rise@6.667ns - accelerator_clk rise@0.000ns)
  Data Path Delay:        2.413ns  (logic 0.964ns (39.950%)  route 1.449ns (60.050%))
  Logic Levels:           10  (CARRY8=6 LUT1=2 LUT3=1 LUT6=1)
  Clock Path Skew:        0.013ns (DCD - SCD + CPR)
    Destination Clock Delay (DCD):    0.043ns = ( 6.710 - 6.667 ) 
    Source Clock Delay      (SCD):    0.030ns
    Clock Pessimism Removal (CPR):    0.000ns
  Clock Uncertainty:      0.035ns  ((TSJ^2 + TIJ^2)^1/2 + DJ) / 2 + PE
    Total System Jitter     (TSJ):    0.071ns
    Total Input Jitter      (TIJ):    0.000ns
    Discrete Jitter          (DJ):    0.000ns
    Phase Error              (PE):    0.000ns

    Location             Delay type                Incr(ns)  Path(ns)    Netlist Resource(s)
  -------------------------------------------------------------------    -------------------
                         (clock accelerator_clk rise edge)
                                                      0.000     0.000 r  
                                                      0.000     0.000 r  aclk (IN)
                         net (fo=3054, unset)         0.030     0.030    u_compute_core/u_fir32/aclk
                         FDRE                                         r  u_compute_core/u_fir32/sum_s5_reg[14]/C
  -------------------------------------------------------------------    -------------------
                         FDRE (Prop_FDRE_C_Q)         0.078     0.108 f  u_compute_core/u_fir32/sum_s5_reg[14]/Q
                         net (fo=4, unplaced)         0.149     0.257    u_compute_core/u_fir32/sum_s5[14]
                         LUT1 (Prop_LUT1_I0_O)        0.074     0.331 r  u_compute_core/u_fir32/energy_acc1_i_20/O
                         net (fo=1, unplaced)         0.238     0.569    u_compute_core/u_fir32/energy_acc1_i_20_n_0
                         CARRY8 (Prop_CARRY8_DI[5]_CO[7])
                                                      0.097     0.666 r  u_compute_core/u_fir32/energy_acc1_i_18/CO[7]
                         net (fo=1, unplaced)         0.005     0.671    u_compute_core/u_fir32/energy_acc1_i_18_n_0
                         CARRY8 (Prop_CARRY8_CI_O[4])
                                                      0.086     0.757 f  u_compute_core/u_fir32/i__carry_i_10/O[4]
                         net (fo=1, unplaced)         0.184     0.941    u_compute_core/u_fir32/rounded2[21]
                         LUT1 (Prop_LUT1_I0_O)        0.037     0.978 r  u_compute_core/u_fir32/i__carry_i_4__0/O
                         net (fo=1, unplaced)         0.029     1.007    u_compute_core/u_fir32/i__carry_i_4__0_n_0
                         CARRY8 (Prop_CARRY8_S[5]_CO[7])
                                                      0.166     1.173 r  u_compute_core/u_fir32/_inferred__8/i__carry/CO[7]
                         net (fo=1, unplaced)         0.005     1.178    u_compute_core/u_fir32/_inferred__8/i__carry_n_0
                         CARRY8 (Prop_CARRY8_CI_O[6])
                                                      0.103     1.281 f  u_compute_core/u_fir32/_inferred__8/i__carry__0/O[6]
                         net (fo=6, unplaced)         0.160     1.441    u_compute_core/u_fir32/rounded0[15]
                         LUT3 (Prop_LUT3_I1_O)        0.070     1.511 f  u_compute_core/u_fir32/i__carry_i_5__0/O
                         net (fo=1, unplaced)         0.260     1.771    u_compute_core/u_fir32/i__carry_i_5__0_n_0
                         CARRY8 (Prop_CARRY8_DI[0]_CO[7])
                                                      0.140     1.911 f  u_compute_core/u_fir32/quantize_q151_inferred__0/i__carry/CO[7]
                         net (fo=1, unplaced)         0.005     1.916    u_compute_core/u_fir32/quantize_q151_inferred__0/i__carry_n_0
                         CARRY8 (Prop_CARRY8_CI_CO[3])
                                                      0.060     1.976 f  u_compute_core/u_fir32/quantize_q151_inferred__0/i__carry__0/CO[3]
                         net (fo=32, unplaced)        0.197     2.173    u_compute_core/u_fir32/quantize_q1510_in
                         LUT6 (Prop_LUT6_I1_O)        0.053     2.226 r  u_compute_core/u_fir32/energy_acc1_i_2/O
                         net (fo=18, unplaced)        0.217     2.443    u_compute_core/u_energy64/energy_acc1/A[15]
                         DSP_A_B_DATA                                 r  u_compute_core/u_energy64/energy_acc1/DSP_A_B_DATA_INST/A[15]
  -------------------------------------------------------------------    -------------------

                         (clock accelerator_clk rise edge)
                                                      6.667     6.667 r  
                                                      0.000     6.667 r  aclk (IN)
                         net (fo=3054, unset)         0.043     6.710    u_compute_core/u_energy64/energy_acc1/CLK
                         DSP_A_B_DATA                                 r  u_compute_core/u_energy64/energy_acc1/DSP_A_B_DATA_INST/CLK
                         clock pessimism              0.000     6.710    
                         clock uncertainty           -0.035     6.675    
                         DSP_A_B_DATA (Setup_DSP_A_B_DATA_CLK_A[15])
                                                     -0.271     6.404    u_compute_core/u_energy64/energy_acc1/DSP_A_B_DATA_INST
  -------------------------------------------------------------------
                         required time                          6.404    
                         arrival time                          -2.443    
  -------------------------------------------------------------------
                         slack                                  3.961    





Min Delay Paths
--------------------------------------------------------------------------------------
Slack (MET) :             0.070ns  (arrival time - required time)
  Source:                 u_compute_core/u_fir32/sum_s3_reg[0][9]/C
                            (rising edge-triggered cell FDRE clocked by accelerator_clk  {rise@0.000ns fall@3.333ns period=6.667ns})
  Destination:            u_compute_core/u_fir32/sum_s4_reg[0][10]/D
                            (rising edge-triggered cell FDRE clocked by accelerator_clk  {rise@0.000ns fall@3.333ns period=6.667ns})
  Path Group:             accelerator_clk
  Path Type:              Hold (Min at Fast Process Corner)
  Requirement:            0.000ns  (accelerator_clk rise@0.000ns - accelerator_clk rise@0.000ns)
  Data Path Delay:        0.122ns  (logic 0.069ns (56.557%)  route 0.053ns (43.443%))
  Logic Levels:           1  (CARRY8=1)
  Clock Path Skew:        0.006ns (DCD - SCD - CPR)
    Destination Clock Delay (DCD):    0.019ns
    Source Clock Delay      (SCD):    0.013ns
    Clock Pessimism Removal (CPR):    -0.000ns

    Location             Delay type                Incr(ns)  Path(ns)    Netlist Resource(s)
  -------------------------------------------------------------------    -------------------
                         (clock accelerator_clk rise edge)
                                                      0.000     0.000 r  
                                                      0.000     0.000 r  aclk (IN)
                         net (fo=3054, unset)         0.013     0.013    u_compute_core/u_fir32/aclk
                         FDRE                                         r  u_compute_core/u_fir32/sum_s3_reg[0][9]/C
  -------------------------------------------------------------------    -------------------
                         FDRE (Prop_FDRE_C_Q)         0.038     0.051 r  u_compute_core/u_fir32/sum_s3_reg[0][9]/Q
                         net (fo=2, unplaced)         0.046     0.097    u_compute_core/u_fir32/sum_s3_reg[0][9]
                         CARRY8 (Prop_CARRY8_DI[1]_O[2])
                                                      0.031     0.128 r  u_compute_core/u_fir32/sum_s4_reg[0][15]_i_1/O[2]
                         net (fo=1, unplaced)         0.007     0.135    u_compute_core/u_fir32/sum_s4_reg[0][15]_i_1_n_13
                         FDRE                                         r  u_compute_core/u_fir32/sum_s4_reg[0][10]/D
  -------------------------------------------------------------------    -------------------

                         (clock accelerator_clk rise edge)
                                                      0.000     0.000 r  
                                                      0.000     0.000 r  aclk (IN)
                         net (fo=3054, unset)         0.019     0.019    u_compute_core/u_fir32/aclk
                         FDRE                                         r  u_compute_core/u_fir32/sum_s4_reg[0][10]/C
                         clock pessimism              0.000     0.019    
                         FDRE (Hold_FDRE_C_D)         0.046     0.065    u_compute_core/u_fir32/sum_s4_reg[0][10]
  -------------------------------------------------------------------
                         required time                         -0.065    
                         arrival time                           0.135    
  -------------------------------------------------------------------
                         slack                                  0.070    

Slack (MET) :             0.070ns  (arrival time - required time)
  Source:                 u_compute_core/u_fir32/sum_s3_reg[0][16]/C
                            (rising edge-triggered cell FDRE clocked by accelerator_clk  {rise@0.000ns fall@3.333ns period=6.667ns})
  Destination:            u_compute_core/u_fir32/sum_s4_reg[0][17]/D
                            (rising edge-triggered cell FDRE clocked by accelerator_clk  {rise@0.000ns fall@3.333ns period=6.667ns})
  Path Group:             accelerator_clk
  Path Type:              Hold (Min at Fast Process Corner)
  Requirement:            0.000ns  (accelerator_clk rise@0.000ns - accelerator_clk rise@0.000ns)
  Data Path Delay:        0.122ns  (logic 0.069ns (56.557%)  route 0.053ns (43.443%))
  Logic Levels:           1  (CARRY8=1)
  Clock Path Skew:        0.006ns (DCD - SCD - CPR)
    Destination Clock Delay (DCD):    0.019ns
    Source Clock Delay      (SCD):    0.013ns
    Clock Pessimism Removal (CPR):    -0.000ns

    Location             Delay type                Incr(ns)  Path(ns)    Netlist Resource(s)
  -------------------------------------------------------------------    -------------------
                         (clock accelerator_clk rise edge)
                                                      0.000     0.000 r  
                                                      0.000     0.000 r  aclk (IN)
                         net (fo=3054, unset)         0.013     0.013    u_compute_core/u_fir32/aclk
                         FDRE                                         r  u_compute_core/u_fir32/sum_s3_reg[0][16]/C
  -------------------------------------------------------------------    -------------------
                         FDRE (Prop_FDRE_C_Q)         0.038     0.051 r  u_compute_core/u_fir32/sum_s3_reg[0][16]/Q
                         net (fo=2, unplaced)         0.046     0.097    u_compute_core/u_fir32/sum_s3_reg[0][16]
                         CARRY8 (Prop_CARRY8_DI[0]_O[1])
                                                      0.031     0.128 r  u_compute_core/u_fir32/sum_s4_reg[0][23]_i_1/O[1]
                         net (fo=1, unplaced)         0.007     0.135    u_compute_core/u_fir32/sum_s4_reg[0][23]_i_1_n_14
                         FDRE                                         r  u_compute_core/u_fir32/sum_s4_reg[0][17]/D
  -------------------------------------------------------------------    -------------------

                         (clock accelerator_clk rise edge)
                                                      0.000     0.000 r  
                                                      0.000     0.000 r  aclk (IN)
                         net (fo=3054, unset)         0.019     0.019    u_compute_core/u_fir32/aclk
                         FDRE                                         r  u_compute_core/u_fir32/sum_s4_reg[0][17]/C
                         clock pessimism              0.000     0.019    
                         FDRE (Hold_FDRE_C_D)         0.046     0.065    u_compute_core/u_fir32/sum_s4_reg[0][17]
  -------------------------------------------------------------------
                         required time                         -0.065    
                         arrival time                           0.135    
  -------------------------------------------------------------------
                         slack                                  0.070    

Slack (MET) :             0.070ns  (arrival time - required time)
  Source:                 u_compute_core/u_fir32/sum_s3_reg[0][17]/C
                            (rising edge-triggered cell FDRE clocked by accelerator_clk  {rise@0.000ns fall@3.333ns period=6.667ns})
  Destination:            u_compute_core/u_fir32/sum_s4_reg[0][18]/D
                            (rising edge-triggered cell FDRE clocked by accelerator_clk  {rise@0.000ns fall@3.333ns period=6.667ns})
  Path Group:             accelerator_clk
  Path Type:              Hold (Min at Fast Process Corner)
  Requirement:            0.000ns  (accelerator_clk rise@0.000ns - accelerator_clk rise@0.000ns)
  Data Path Delay:        0.122ns  (logic 0.069ns (56.557%)  route 0.053ns (43.443%))
  Logic Levels:           1  (CARRY8=1)
  Clock Path Skew:        0.006ns (DCD - SCD - CPR)
    Destination Clock Delay (DCD):    0.019ns
    Source Clock Delay      (SCD):    0.013ns
    Clock Pessimism Removal (CPR):    -0.000ns

    Location             Delay type                Incr(ns)  Path(ns)    Netlist Resource(s)
  -------------------------------------------------------------------    -------------------
                         (clock accelerator_clk rise edge)
                                                      0.000     0.000 r  
                                                      0.000     0.000 r  aclk (IN)
                         net (fo=3054, unset)         0.013     0.013    u_compute_core/u_fir32/aclk
                         FDRE                                         r  u_compute_core/u_fir32/sum_s3_reg[0][17]/C
  -------------------------------------------------------------------    -------------------
                         FDRE (Prop_FDRE_C_Q)         0.038     0.051 r  u_compute_core/u_fir32/sum_s3_reg[0][17]/Q
                         net (fo=2, unplaced)         0.046     0.097    u_compute_core/u_fir32/sum_s3_reg[0][17]
                         CARRY8 (Prop_CARRY8_DI[1]_O[2])
                                                      0.031     0.128 r  u_compute_core/u_fir32/sum_s4_reg[0][23]_i_1/O[2]
                         net (fo=1, unplaced)         0.007     0.135    u_compute_core/u_fir32/sum_s4_reg[0][23]_i_1_n_13
                         FDRE                                         r  u_compute_core/u_fir32/sum_s4_reg[0][18]/D
  -------------------------------------------------------------------    -------------------

                         (clock accelerator_clk rise edge)
                                                      0.000     0.000 r  
                                                      0.000     0.000 r  aclk (IN)
                         net (fo=3054, unset)         0.019     0.019    u_compute_core/u_fir32/aclk
                         FDRE                                         r  u_compute_core/u_fir32/sum_s4_reg[0][18]/C
                         clock pessimism              0.000     0.019    
                         FDRE (Hold_FDRE_C_D)         0.046     0.065    u_compute_core/u_fir32/sum_s4_reg[0][18]
  -------------------------------------------------------------------
                         required time                         -0.065    
                         arrival time                           0.135    
  -------------------------------------------------------------------
                         slack                                  0.070    

Slack (MET) :             0.070ns  (arrival time - required time)
  Source:                 u_compute_core/u_fir32/sum_s3_reg[0][0]/C
                            (rising edge-triggered cell FDRE clocked by accelerator_clk  {rise@0.000ns fall@3.333ns period=6.667ns})
  Destination:            u_compute_core/u_fir32/sum_s4_reg[0][1]/D
                            (rising edge-triggered cell FDRE clocked by accelerator_clk  {rise@0.000ns fall@3.333ns period=6.667ns})
  Path Group:             accelerator_clk
  Path Type:              Hold (Min at Fast Process Corner)
  Requirement:            0.000ns  (accelerator_clk rise@0.000ns - accelerator_clk rise@0.000ns)
  Data Path Delay:        0.122ns  (logic 0.069ns (56.557%)  route 0.053ns (43.443%))
  Logic Levels:           1  (CARRY8=1)
  Clock Path Skew:        0.006ns (DCD - SCD - CPR)
    Destination Clock Delay (DCD):    0.019ns
    Source Clock Delay      (SCD):    0.013ns
    Clock Pessimism Removal (CPR):    -0.000ns

    Location             Delay type                Incr(ns)  Path(ns)    Netlist Resource(s)
  -------------------------------------------------------------------    -------------------
                         (clock accelerator_clk rise edge)
                                                      0.000     0.000 r  
                                                      0.000     0.000 r  aclk (IN)
                         net (fo=3054, unset)         0.013     0.013    u_compute_core/u_fir32/aclk
                         FDRE                                         r  u_compute_core/u_fir32/sum_s3_reg[0][0]/C
  -------------------------------------------------------------------    -------------------
                         FDRE (Prop_FDRE_C_Q)         0.038     0.051 r  u_compute_core/u_fir32/sum_s3_reg[0][0]/Q
                         net (fo=2, unplaced)         0.046     0.097    u_compute_core/u_fir32/sum_s3_reg[0][0]
                         CARRY8 (Prop_CARRY8_DI[0]_O[1])
                                                      0.031     0.128 r  u_compute_core/u_fir32/sum_s4_reg[0][7]_i_1/O[1]
                         net (fo=1, unplaced)         0.007     0.135    u_compute_core/u_fir32/sum_s4_reg[0][7]_i_1_n_14
                         FDRE                                         r  u_compute_core/u_fir32/sum_s4_reg[0][1]/D
  -------------------------------------------------------------------    -------------------

                         (clock accelerator_clk rise edge)
                                                      0.000     0.000 r  
                                                      0.000     0.000 r  aclk (IN)
                         net (fo=3054, unset)         0.019     0.019    u_compute_core/u_fir32/aclk
                         FDRE                                         r  u_compute_core/u_fir32/sum_s4_reg[0][1]/C
                         clock pessimism              0.000     0.019    
                         FDRE (Hold_FDRE_C_D)         0.046     0.065    u_compute_core/u_fir32/sum_s4_reg[0][1]
  -------------------------------------------------------------------
                         required time                         -0.065    
                         arrival time                           0.135    
  -------------------------------------------------------------------
                         slack                                  0.070    

Slack (MET) :             0.070ns  (arrival time - required time)
  Source:                 u_compute_core/u_fir32/sum_s3_reg[0][24]/C
                            (rising edge-triggered cell FDRE clocked by accelerator_clk  {rise@0.000ns fall@3.333ns period=6.667ns})
  Destination:            u_compute_core/u_fir32/sum_s4_reg[0][25]/D
                            (rising edge-triggered cell FDRE clocked by accelerator_clk  {rise@0.000ns fall@3.333ns period=6.667ns})
  Path Group:             accelerator_clk
  Path Type:              Hold (Min at Fast Process Corner)
  Requirement:            0.000ns  (accelerator_clk rise@0.000ns - accelerator_clk rise@0.000ns)
  Data Path Delay:        0.122ns  (logic 0.069ns (56.557%)  route 0.053ns (43.443%))
  Logic Levels:           1  (CARRY8=1)
  Clock Path Skew:        0.006ns (DCD - SCD - CPR)
    Destination Clock Delay (DCD):    0.019ns
    Source Clock Delay      (SCD):    0.013ns
    Clock Pessimism Removal (CPR):    -0.000ns

    Location             Delay type                Incr(ns)  Path(ns)    Netlist Resource(s)
  -------------------------------------------------------------------    -------------------
                         (clock accelerator_clk rise edge)
                                                      0.000     0.000 r  
                                                      0.000     0.000 r  aclk (IN)
                         net (fo=3054, unset)         0.013     0.013    u_compute_core/u_fir32/aclk
                         FDRE                                         r  u_compute_core/u_fir32/sum_s3_reg[0][24]/C
  -------------------------------------------------------------------    -------------------
                         FDRE (Prop_FDRE_C_Q)         0.038     0.051 r  u_compute_core/u_fir32/sum_s3_reg[0][24]/Q
                         net (fo=2, unplaced)         0.046     0.097    u_compute_core/u_fir32/sum_s3_reg[0][24]
                         CARRY8 (Prop_CARRY8_DI[0]_O[1])
                                                      0.031     0.128 r  u_compute_core/u_fir32/sum_s4_reg[0][31]_i_1/O[1]
                         net (fo=1, unplaced)         0.007     0.135    u_compute_core/u_fir32/sum_s4_reg[0][31]_i_1_n_14
                         FDRE                                         r  u_compute_core/u_fir32/sum_s4_reg[0][25]/D
  -------------------------------------------------------------------    -------------------

                         (clock accelerator_clk rise edge)
                                                      0.000     0.000 r  
                                                      0.000     0.000 r  aclk (IN)
                         net (fo=3054, unset)         0.019     0.019    u_compute_core/u_fir32/aclk
                         FDRE                                         r  u_compute_core/u_fir32/sum_s4_reg[0][25]/C
                         clock pessimism              0.000     0.019    
                         FDRE (Hold_FDRE_C_D)         0.046     0.065    u_compute_core/u_fir32/sum_s4_reg[0][25]
  -------------------------------------------------------------------
                         required time                         -0.065    
                         arrival time                           0.135    
  -------------------------------------------------------------------
                         slack                                  0.070    

Slack (MET) :             0.070ns  (arrival time - required time)
  Source:                 u_compute_core/u_fir32/sum_s3_reg[0][25]/C
                            (rising edge-triggered cell FDRE clocked by accelerator_clk  {rise@0.000ns fall@3.333ns period=6.667ns})
  Destination:            u_compute_core/u_fir32/sum_s4_reg[0][26]/D
                            (rising edge-triggered cell FDRE clocked by accelerator_clk  {rise@0.000ns fall@3.333ns period=6.667ns})
  Path Group:             accelerator_clk
  Path Type:              Hold (Min at Fast Process Corner)
  Requirement:            0.000ns  (accelerator_clk rise@0.000ns - accelerator_clk rise@0.000ns)
  Data Path Delay:        0.122ns  (logic 0.069ns (56.557%)  route 0.053ns (43.443%))
  Logic Levels:           1  (CARRY8=1)
  Clock Path Skew:        0.006ns (DCD - SCD - CPR)
    Destination Clock Delay (DCD):    0.019ns
    Source Clock Delay      (SCD):    0.013ns
    Clock Pessimism Removal (CPR):    -0.000ns

    Location             Delay type                Incr(ns)  Path(ns)    Netlist Resource(s)
  -------------------------------------------------------------------    -------------------
                         (clock accelerator_clk rise edge)
                                                      0.000     0.000 r  
                                                      0.000     0.000 r  aclk (IN)
                         net (fo=3054, unset)         0.013     0.013    u_compute_core/u_fir32/aclk
                         FDRE                                         r  u_compute_core/u_fir32/sum_s3_reg[0][25]/C
  -------------------------------------------------------------------    -------------------
                         FDRE (Prop_FDRE_C_Q)         0.038     0.051 r  u_compute_core/u_fir32/sum_s3_reg[0][25]/Q
                         net (fo=2, unplaced)         0.046     0.097    u_compute_core/u_fir32/sum_s3_reg[0][25]
                         CARRY8 (Prop_CARRY8_DI[1]_O[2])
                                                      0.031     0.128 r  u_compute_core/u_fir32/sum_s4_reg[0][31]_i_1/O[2]
                         net (fo=1, unplaced)         0.007     0.135    u_compute_core/u_fir32/sum_s4_reg[0][31]_i_1_n_13
                         FDRE                                         r  u_compute_core/u_fir32/sum_s4_reg[0][26]/D
  -------------------------------------------------------------------    -------------------

                         (clock accelerator_clk rise edge)
                                                      0.000     0.000 r  
                                                      0.000     0.000 r  aclk (IN)
                         net (fo=3054, unset)         0.019     0.019    u_compute_core/u_fir32/aclk
                         FDRE                                         r  u_compute_core/u_fir32/sum_s4_reg[0][26]/C
                         clock pessimism              0.000     0.019    
                         FDRE (Hold_FDRE_C_D)         0.046     0.065    u_compute_core/u_fir32/sum_s4_reg[0][26]
  -------------------------------------------------------------------
                         required time                         -0.065    
                         arrival time                           0.135    
  -------------------------------------------------------------------
                         slack                                  0.070    

Slack (MET) :             0.070ns  (arrival time - required time)
  Source:                 u_compute_core/u_fir32/sum_s3_reg[0][1]/C
                            (rising edge-triggered cell FDRE clocked by accelerator_clk  {rise@0.000ns fall@3.333ns period=6.667ns})
  Destination:            u_compute_core/u_fir32/sum_s4_reg[0][2]/D
                            (rising edge-triggered cell FDRE clocked by accelerator_clk  {rise@0.000ns fall@3.333ns period=6.667ns})
  Path Group:             accelerator_clk
  Path Type:              Hold (Min at Fast Process Corner)
  Requirement:            0.000ns  (accelerator_clk rise@0.000ns - accelerator_clk rise@0.000ns)
  Data Path Delay:        0.122ns  (logic 0.069ns (56.557%)  route 0.053ns (43.443%))
  Logic Levels:           1  (CARRY8=1)
  Clock Path Skew:        0.006ns (DCD - SCD - CPR)
    Destination Clock Delay (DCD):    0.019ns
    Source Clock Delay      (SCD):    0.013ns
    Clock Pessimism Removal (CPR):    -0.000ns

    Location             Delay type                Incr(ns)  Path(ns)    Netlist Resource(s)
  -------------------------------------------------------------------    -------------------
                         (clock accelerator_clk rise edge)
                                                      0.000     0.000 r  
                                                      0.000     0.000 r  aclk (IN)
                         net (fo=3054, unset)         0.013     0.013    u_compute_core/u_fir32/aclk
                         FDRE                                         r  u_compute_core/u_fir32/sum_s3_reg[0][1]/C
  -------------------------------------------------------------------    -------------------
                         FDRE (Prop_FDRE_C_Q)         0.038     0.051 r  u_compute_core/u_fir32/sum_s3_reg[0][1]/Q
                         net (fo=2, unplaced)         0.046     0.097    u_compute_core/u_fir32/sum_s3_reg[0][1]
                         CARRY8 (Prop_CARRY8_DI[1]_O[2])
                                                      0.031     0.128 r  u_compute_core/u_fir32/sum_s4_reg[0][7]_i_1/O[2]
                         net (fo=1, unplaced)         0.007     0.135    u_compute_core/u_fir32/sum_s4_reg[0][7]_i_1_n_13
                         FDRE                                         r  u_compute_core/u_fir32/sum_s4_reg[0][2]/D
  -------------------------------------------------------------------    -------------------

                         (clock accelerator_clk rise edge)
                                                      0.000     0.000 r  
                                                      0.000     0.000 r  aclk (IN)
                         net (fo=3054, unset)         0.019     0.019    u_compute_core/u_fir32/aclk
                         FDRE                                         r  u_compute_core/u_fir32/sum_s4_reg[0][2]/C
                         clock pessimism              0.000     0.019    
                         FDRE (Hold_FDRE_C_D)         0.046     0.065    u_compute_core/u_fir32/sum_s4_reg[0][2]
  -------------------------------------------------------------------
                         required time                         -0.065    
                         arrival time                           0.135    
  -------------------------------------------------------------------
                         slack                                  0.070    

Slack (MET) :             0.070ns  (arrival time - required time)
  Source:                 u_compute_core/u_fir32/sum_s3_reg[0][32]/C
                            (rising edge-triggered cell FDRE clocked by accelerator_clk  {rise@0.000ns fall@3.333ns period=6.667ns})
  Destination:            u_compute_core/u_fir32/sum_s4_reg[0][33]/D
                            (rising edge-triggered cell FDRE clocked by accelerator_clk  {rise@0.000ns fall@3.333ns period=6.667ns})
  Path Group:             accelerator_clk
  Path Type:              Hold (Min at Fast Process Corner)
  Requirement:            0.000ns  (accelerator_clk rise@0.000ns - accelerator_clk rise@0.000ns)
  Data Path Delay:        0.122ns  (logic 0.069ns (56.557%)  route 0.053ns (43.443%))
  Logic Levels:           1  (CARRY8=1)
  Clock Path Skew:        0.006ns (DCD - SCD - CPR)
    Destination Clock Delay (DCD):    0.019ns
    Source Clock Delay      (SCD):    0.013ns
    Clock Pessimism Removal (CPR):    -0.000ns

    Location             Delay type                Incr(ns)  Path(ns)    Netlist Resource(s)
  -------------------------------------------------------------------    -------------------
                         (clock accelerator_clk rise edge)
                                                      0.000     0.000 r  
                                                      0.000     0.000 r  aclk (IN)
                         net (fo=3054, unset)         0.013     0.013    u_compute_core/u_fir32/aclk
                         FDRE                                         r  u_compute_core/u_fir32/sum_s3_reg[0][32]/C
  -------------------------------------------------------------------    -------------------
                         FDRE (Prop_FDRE_C_Q)         0.038     0.051 r  u_compute_core/u_fir32/sum_s3_reg[0][32]/Q
                         net (fo=2, unplaced)         0.046     0.097    u_compute_core/u_fir32/sum_s3_reg[0][32]
                         CARRY8 (Prop_CARRY8_DI[0]_O[1])
                                                      0.031     0.128 r  u_compute_core/u_fir32/sum_s4_reg[0][35]_i_1/O[1]
                         net (fo=1, unplaced)         0.007     0.135    u_compute_core/u_fir32/sum_s4_reg[0][35]_i_1_n_14
                         FDRE                                         r  u_compute_core/u_fir32/sum_s4_reg[0][33]/D
  -------------------------------------------------------------------    -------------------

                         (clock accelerator_clk rise edge)
                                                      0.000     0.000 r  
                                                      0.000     0.000 r  aclk (IN)
                         net (fo=3054, unset)         0.019     0.019    u_compute_core/u_fir32/aclk
                         FDRE                                         r  u_compute_core/u_fir32/sum_s4_reg[0][33]/C
                         clock pessimism              0.000     0.019    
                         FDRE (Hold_FDRE_C_D)         0.046     0.065    u_compute_core/u_fir32/sum_s4_reg[0][33]
  -------------------------------------------------------------------
                         required time                         -0.065    
                         arrival time                           0.135    
  -------------------------------------------------------------------
                         slack                                  0.070    

Slack (MET) :             0.070ns  (arrival time - required time)
  Source:                 u_compute_core/u_fir32/sum_s3_reg[0][33]/C
                            (rising edge-triggered cell FDRE clocked by accelerator_clk  {rise@0.000ns fall@3.333ns period=6.667ns})
  Destination:            u_compute_core/u_fir32/sum_s4_reg[0][34]/D
                            (rising edge-triggered cell FDRE clocked by accelerator_clk  {rise@0.000ns fall@3.333ns period=6.667ns})
  Path Group:             accelerator_clk
  Path Type:              Hold (Min at Fast Process Corner)
  Requirement:            0.000ns  (accelerator_clk rise@0.000ns - accelerator_clk rise@0.000ns)
  Data Path Delay:        0.122ns  (logic 0.069ns (56.557%)  route 0.053ns (43.443%))
  Logic Levels:           1  (CARRY8=1)
  Clock Path Skew:        0.006ns (DCD - SCD - CPR)
    Destination Clock Delay (DCD):    0.019ns
    Source Clock Delay      (SCD):    0.013ns
    Clock Pessimism Removal (CPR):    -0.000ns

    Location             Delay type                Incr(ns)  Path(ns)    Netlist Resource(s)
  -------------------------------------------------------------------    -------------------
                         (clock accelerator_clk rise edge)
                                                      0.000     0.000 r  
                                                      0.000     0.000 r  aclk (IN)
                         net (fo=3054, unset)         0.013     0.013    u_compute_core/u_fir32/aclk
                         FDRE                                         r  u_compute_core/u_fir32/sum_s3_reg[0][33]/C
  -------------------------------------------------------------------    -------------------
                         FDRE (Prop_FDRE_C_Q)         0.038     0.051 r  u_compute_core/u_fir32/sum_s3_reg[0][33]/Q
                         net (fo=2, unplaced)         0.046     0.097    u_compute_core/u_fir32/sum_s3_reg[0][33]
                         CARRY8 (Prop_CARRY8_DI[1]_O[2])
                                                      0.031     0.128 r  u_compute_core/u_fir32/sum_s4_reg[0][35]_i_1/O[2]
                         net (fo=1, unplaced)         0.007     0.135    u_compute_core/u_fir32/sum_s4_reg[0][35]_i_1_n_13
                         FDRE                                         r  u_compute_core/u_fir32/sum_s4_reg[0][34]/D
  -------------------------------------------------------------------    -------------------

                         (clock accelerator_clk rise edge)
                                                      0.000     0.000 r  
                                                      0.000     0.000 r  aclk (IN)
                         net (fo=3054, unset)         0.019     0.019    u_compute_core/u_fir32/aclk
                         FDRE                                         r  u_compute_core/u_fir32/sum_s4_reg[0][34]/C
                         clock pessimism              0.000     0.019    
                         FDRE (Hold_FDRE_C_D)         0.046     0.065    u_compute_core/u_fir32/sum_s4_reg[0][34]
  -------------------------------------------------------------------
                         required time                         -0.065    
                         arrival time                           0.135    
  -------------------------------------------------------------------
                         slack                                  0.070    

Slack (MET) :             0.070ns  (arrival time - required time)
  Source:                 u_compute_core/u_fir32/sum_s3_reg[0][8]/C
                            (rising edge-triggered cell FDRE clocked by accelerator_clk  {rise@0.000ns fall@3.333ns period=6.667ns})
  Destination:            u_compute_core/u_fir32/sum_s4_reg[0][9]/D
                            (rising edge-triggered cell FDRE clocked by accelerator_clk  {rise@0.000ns fall@3.333ns period=6.667ns})
  Path Group:             accelerator_clk
  Path Type:              Hold (Min at Fast Process Corner)
  Requirement:            0.000ns  (accelerator_clk rise@0.000ns - accelerator_clk rise@0.000ns)
  Data Path Delay:        0.122ns  (logic 0.069ns (56.557%)  route 0.053ns (43.443%))
  Logic Levels:           1  (CARRY8=1)
  Clock Path Skew:        0.006ns (DCD - SCD - CPR)
    Destination Clock Delay (DCD):    0.019ns
    Source Clock Delay      (SCD):    0.013ns
    Clock Pessimism Removal (CPR):    -0.000ns

    Location             Delay type                Incr(ns)  Path(ns)    Netlist Resource(s)
  -------------------------------------------------------------------    -------------------
                         (clock accelerator_clk rise edge)
                                                      0.000     0.000 r  
                                                      0.000     0.000 r  aclk (IN)
                         net (fo=3054, unset)         0.013     0.013    u_compute_core/u_fir32/aclk
                         FDRE                                         r  u_compute_core/u_fir32/sum_s3_reg[0][8]/C
  -------------------------------------------------------------------    -------------------
                         FDRE (Prop_FDRE_C_Q)         0.038     0.051 r  u_compute_core/u_fir32/sum_s3_reg[0][8]/Q
                         net (fo=2, unplaced)         0.046     0.097    u_compute_core/u_fir32/sum_s3_reg[0][8]
                         CARRY8 (Prop_CARRY8_DI[0]_O[1])
                                                      0.031     0.128 r  u_compute_core/u_fir32/sum_s4_reg[0][15]_i_1/O[1]
                         net (fo=1, unplaced)         0.007     0.135    u_compute_core/u_fir32/sum_s4_reg[0][15]_i_1_n_14
                         FDRE                                         r  u_compute_core/u_fir32/sum_s4_reg[0][9]/D
  -------------------------------------------------------------------    -------------------

                         (clock accelerator_clk rise edge)
                                                      0.000     0.000 r  
                                                      0.000     0.000 r  aclk (IN)
                         net (fo=3054, unset)         0.019     0.019    u_compute_core/u_fir32/aclk
                         FDRE                                         r  u_compute_core/u_fir32/sum_s4_reg[0][9]/C
                         clock pessimism              0.000     0.019    
                         FDRE (Hold_FDRE_C_D)         0.046     0.065    u_compute_core/u_fir32/sum_s4_reg[0][9]
  -------------------------------------------------------------------
                         required time                         -0.065    
                         arrival time                           0.135    
  -------------------------------------------------------------------
                         slack                                  0.070    

Slack (MET) :             0.070ns  (arrival time - required time)
  Source:                 u_compute_core/u_fir32/sum_s3_reg[2][9]/C
                            (rising edge-triggered cell FDRE clocked by accelerator_clk  {rise@0.000ns fall@3.333ns period=6.667ns})
  Destination:            u_compute_core/u_fir32/sum_s4_reg[1][10]/D
                            (rising edge-triggered cell FDRE clocked by accelerator_clk  {rise@0.000ns fall@3.333ns period=6.667ns})
  Path Group:             accelerator_clk
  Path Type:              Hold (Min at Fast Process Corner)
  Requirement:            0.000ns  (accelerator_clk rise@0.000ns - accelerator_clk rise@0.000ns)
  Data Path Delay:        0.122ns  (logic 0.069ns (56.557%)  route 0.053ns (43.443%))
  Logic Levels:           1  (CARRY8=1)
  Clock Path Skew:        0.006ns (DCD - SCD - CPR)
    Destination Clock Delay (DCD):    0.019ns
    Source Clock Delay      (SCD):    0.013ns
    Clock Pessimism Removal (CPR):    -0.000ns

    Location             Delay type                Incr(ns)  Path(ns)    Netlist Resource(s)
  -------------------------------------------------------------------    -------------------
                         (clock accelerator_clk rise edge)
                                                      0.000     0.000 r  
                                                      0.000     0.000 r  aclk (IN)
                         net (fo=3054, unset)         0.013     0.013    u_compute_core/u_fir32/aclk
                         FDRE                                         r  u_compute_core/u_fir32/sum_s3_reg[2][9]/C
  -------------------------------------------------------------------    -------------------
                         FDRE (Prop_FDRE_C_Q)         0.038     0.051 r  u_compute_core/u_fir32/sum_s3_reg[2][9]/Q
                         net (fo=2, unplaced)         0.046     0.097    u_compute_core/u_fir32/sum_s3_reg[2][9]
                         CARRY8 (Prop_CARRY8_DI[1]_O[2])
                                                      0.031     0.128 r  u_compute_core/u_fir32/sum_s4_reg[1][15]_i_1/O[2]
                         net (fo=1, unplaced)         0.007     0.135    u_compute_core/u_fir32/sum_s4_reg[1][15]_i_1_n_13
                         FDRE                                         r  u_compute_core/u_fir32/sum_s4_reg[1][10]/D
  -------------------------------------------------------------------    -------------------

                         (clock accelerator_clk rise edge)
                                                      0.000     0.000 r  
                                                      0.000     0.000 r  aclk (IN)
                         net (fo=3054, unset)         0.019     0.019    u_compute_core/u_fir32/aclk
                         FDRE                                         r  u_compute_core/u_fir32/sum_s4_reg[1][10]/C
                         clock pessimism              0.000     0.019    
                         FDRE (Hold_FDRE_C_D)         0.046     0.065    u_compute_core/u_fir32/sum_s4_reg[1][10]
  -------------------------------------------------------------------
                         required time                         -0.065    
                         arrival time                           0.135    
  -------------------------------------------------------------------
                         slack                                  0.070    

Slack (MET) :             0.070ns  (arrival time - required time)
  Source:                 u_compute_core/u_fir32/sum_s3_reg[2][16]/C
                            (rising edge-triggered cell FDRE clocked by accelerator_clk  {rise@0.000ns fall@3.333ns period=6.667ns})
  Destination:            u_compute_core/u_fir32/sum_s4_reg[1][17]/D
                            (rising edge-triggered cell FDRE clocked by accelerator_clk  {rise@0.000ns fall@3.333ns period=6.667ns})
  Path Group:             accelerator_clk
  Path Type:              Hold (Min at Fast Process Corner)
  Requirement:            0.000ns  (accelerator_clk rise@0.000ns - accelerator_clk rise@0.000ns)
  Data Path Delay:        0.122ns  (logic 0.069ns (56.557%)  route 0.053ns (43.443%))
  Logic Levels:           1  (CARRY8=1)
  Clock Path Skew:        0.006ns (DCD - SCD - CPR)
    Destination Clock Delay (DCD):    0.019ns
    Source Clock Delay      (SCD):    0.013ns
    Clock Pessimism Removal (CPR):    -0.000ns

    Location             Delay type                Incr(ns)  Path(ns)    Netlist Resource(s)
  -------------------------------------------------------------------    -------------------
                         (clock accelerator_clk rise edge)
                                                      0.000     0.000 r  
                                                      0.000     0.000 r  aclk (IN)
                         net (fo=3054, unset)         0.013     0.013    u_compute_core/u_fir32/aclk
                         FDRE                                         r  u_compute_core/u_fir32/sum_s3_reg[2][16]/C
  -------------------------------------------------------------------    -------------------
                         FDRE (Prop_FDRE_C_Q)         0.038     0.051 r  u_compute_core/u_fir32/sum_s3_reg[2][16]/Q
                         net (fo=2, unplaced)         0.046     0.097    u_compute_core/u_fir32/sum_s3_reg[2][16]
                         CARRY8 (Prop_CARRY8_DI[0]_O[1])
                                                      0.031     0.128 r  u_compute_core/u_fir32/sum_s4_reg[1][23]_i_1/O[1]
                         net (fo=1, unplaced)         0.007     0.135    u_compute_core/u_fir32/sum_s4_reg[1][23]_i_1_n_14
                         FDRE                                         r  u_compute_core/u_fir32/sum_s4_reg[1][17]/D
  -------------------------------------------------------------------    -------------------

                         (clock accelerator_clk rise edge)
                                                      0.000     0.000 r  
                                                      0.000     0.000 r  aclk (IN)
                         net (fo=3054, unset)         0.019     0.019    u_compute_core/u_fir32/aclk
                         FDRE                                         r  u_compute_core/u_fir32/sum_s4_reg[1][17]/C
                         clock pessimism              0.000     0.019    
                         FDRE (Hold_FDRE_C_D)         0.046     0.065    u_compute_core/u_fir32/sum_s4_reg[1][17]
  -------------------------------------------------------------------
                         required time                         -0.065    
                         arrival time                           0.135    
  -------------------------------------------------------------------
                         slack                                  0.070    

Slack (MET) :             0.070ns  (arrival time - required time)
  Source:                 u_compute_core/u_fir32/sum_s3_reg[2][17]/C
                            (rising edge-triggered cell FDRE clocked by accelerator_clk  {rise@0.000ns fall@3.333ns period=6.667ns})
  Destination:            u_compute_core/u_fir32/sum_s4_reg[1][18]/D
                            (rising edge-triggered cell FDRE clocked by accelerator_clk  {rise@0.000ns fall@3.333ns period=6.667ns})
  Path Group:             accelerator_clk
  Path Type:              Hold (Min at Fast Process Corner)
  Requirement:            0.000ns  (accelerator_clk rise@0.000ns - accelerator_clk rise@0.000ns)
  Data Path Delay:        0.122ns  (logic 0.069ns (56.557%)  route 0.053ns (43.443%))
  Logic Levels:           1  (CARRY8=1)
  Clock Path Skew:        0.006ns (DCD - SCD - CPR)
    Destination Clock Delay (DCD):    0.019ns
    Source Clock Delay      (SCD):    0.013ns
    Clock Pessimism Removal (CPR):    -0.000ns

    Location             Delay type                Incr(ns)  Path(ns)    Netlist Resource(s)
  -------------------------------------------------------------------    -------------------
                         (clock accelerator_clk rise edge)
                                                      0.000     0.000 r  
                                                      0.000     0.000 r  aclk (IN)
                         net (fo=3054, unset)         0.013     0.013    u_compute_core/u_fir32/aclk
                         FDRE                                         r  u_compute_core/u_fir32/sum_s3_reg[2][17]/C
  -------------------------------------------------------------------    -------------------
                         FDRE (Prop_FDRE_C_Q)         0.038     0.051 r  u_compute_core/u_fir32/sum_s3_reg[2][17]/Q
                         net (fo=2, unplaced)         0.046     0.097    u_compute_core/u_fir32/sum_s3_reg[2][17]
                         CARRY8 (Prop_CARRY8_DI[1]_O[2])
                                                      0.031     0.128 r  u_compute_core/u_fir32/sum_s4_reg[1][23]_i_1/O[2]
                         net (fo=1, unplaced)         0.007     0.135    u_compute_core/u_fir32/sum_s4_reg[1][23]_i_1_n_13
                         FDRE                                         r  u_compute_core/u_fir32/sum_s4_reg[1][18]/D
  -------------------------------------------------------------------    -------------------

                         (clock accelerator_clk rise edge)
                                                      0.000     0.000 r  
                                                      0.000     0.000 r  aclk (IN)
                         net (fo=3054, unset)         0.019     0.019    u_compute_core/u_fir32/aclk
                         FDRE                                         r  u_compute_core/u_fir32/sum_s4_reg[1][18]/C
                         clock pessimism              0.000     0.019    
                         FDRE (Hold_FDRE_C_D)         0.046     0.065    u_compute_core/u_fir32/sum_s4_reg[1][18]
  -------------------------------------------------------------------
                         required time                         -0.065    
                         arrival time                           0.135    
  -------------------------------------------------------------------
                         slack                                  0.070    

Slack (MET) :             0.070ns  (arrival time - required time)
  Source:                 u_compute_core/u_fir32/sum_s3_reg[2][0]/C
                            (rising edge-triggered cell FDRE clocked by accelerator_clk  {rise@0.000ns fall@3.333ns period=6.667ns})
  Destination:            u_compute_core/u_fir32/sum_s4_reg[1][1]/D
                            (rising edge-triggered cell FDRE clocked by accelerator_clk  {rise@0.000ns fall@3.333ns period=6.667ns})
  Path Group:             accelerator_clk
  Path Type:              Hold (Min at Fast Process Corner)
  Requirement:            0.000ns  (accelerator_clk rise@0.000ns - accelerator_clk rise@0.000ns)
  Data Path Delay:        0.122ns  (logic 0.069ns (56.557%)  route 0.053ns (43.443%))
  Logic Levels:           1  (CARRY8=1)
  Clock Path Skew:        0.006ns (DCD - SCD - CPR)
    Destination Clock Delay (DCD):    0.019ns
    Source Clock Delay      (SCD):    0.013ns
    Clock Pessimism Removal (CPR):    -0.000ns

    Location             Delay type                Incr(ns)  Path(ns)    Netlist Resource(s)
  -------------------------------------------------------------------    -------------------
                         (clock accelerator_clk rise edge)
                                                      0.000     0.000 r  
                                                      0.000     0.000 r  aclk (IN)
                         net (fo=3054, unset)         0.013     0.013    u_compute_core/u_fir32/aclk
                         FDRE                                         r  u_compute_core/u_fir32/sum_s3_reg[2][0]/C
  -------------------------------------------------------------------    -------------------
                         FDRE (Prop_FDRE_C_Q)         0.038     0.051 r  u_compute_core/u_fir32/sum_s3_reg[2][0]/Q
                         net (fo=2, unplaced)         0.046     0.097    u_compute_core/u_fir32/sum_s3_reg[2][0]
                         CARRY8 (Prop_CARRY8_DI[0]_O[1])
                                                      0.031     0.128 r  u_compute_core/u_fir32/sum_s4_reg[1][7]_i_1/O[1]
                         net (fo=1, unplaced)         0.007     0.135    u_compute_core/u_fir32/sum_s4_reg[1][7]_i_1_n_14
                         FDRE                                         r  u_compute_core/u_fir32/sum_s4_reg[1][1]/D
  -------------------------------------------------------------------    -------------------

                         (clock accelerator_clk rise edge)
                                                      0.000     0.000 r  
                                                      0.000     0.000 r  aclk (IN)
                         net (fo=3054, unset)         0.019     0.019    u_compute_core/u_fir32/aclk
                         FDRE                                         r  u_compute_core/u_fir32/sum_s4_reg[1][1]/C
                         clock pessimism              0.000     0.019    
                         FDRE (Hold_FDRE_C_D)         0.046     0.065    u_compute_core/u_fir32/sum_s4_reg[1][1]
  -------------------------------------------------------------------
                         required time                         -0.065    
                         arrival time                           0.135    
  -------------------------------------------------------------------
                         slack                                  0.070    

Slack (MET) :             0.070ns  (arrival time - required time)
  Source:                 u_compute_core/u_fir32/sum_s3_reg[2][24]/C
                            (rising edge-triggered cell FDRE clocked by accelerator_clk  {rise@0.000ns fall@3.333ns period=6.667ns})
  Destination:            u_compute_core/u_fir32/sum_s4_reg[1][25]/D
                            (rising edge-triggered cell FDRE clocked by accelerator_clk  {rise@0.000ns fall@3.333ns period=6.667ns})
  Path Group:             accelerator_clk
  Path Type:              Hold (Min at Fast Process Corner)
  Requirement:            0.000ns  (accelerator_clk rise@0.000ns - accelerator_clk rise@0.000ns)
  Data Path Delay:        0.122ns  (logic 0.069ns (56.557%)  route 0.053ns (43.443%))
  Logic Levels:           1  (CARRY8=1)
  Clock Path Skew:        0.006ns (DCD - SCD - CPR)
    Destination Clock Delay (DCD):    0.019ns
    Source Clock Delay      (SCD):    0.013ns
    Clock Pessimism Removal (CPR):    -0.000ns

    Location             Delay type                Incr(ns)  Path(ns)    Netlist Resource(s)
  -------------------------------------------------------------------    -------------------
                         (clock accelerator_clk rise edge)
                                                      0.000     0.000 r  
                                                      0.000     0.000 r  aclk (IN)
                         net (fo=3054, unset)         0.013     0.013    u_compute_core/u_fir32/aclk
                         FDRE                                         r  u_compute_core/u_fir32/sum_s3_reg[2][24]/C
  -------------------------------------------------------------------    -------------------
                         FDRE (Prop_FDRE_C_Q)         0.038     0.051 r  u_compute_core/u_fir32/sum_s3_reg[2][24]/Q
                         net (fo=2, unplaced)         0.046     0.097    u_compute_core/u_fir32/sum_s3_reg[2][24]
                         CARRY8 (Prop_CARRY8_DI[0]_O[1])
                                                      0.031     0.128 r  u_compute_core/u_fir32/sum_s4_reg[1][31]_i_1/O[1]
                         net (fo=1, unplaced)         0.007     0.135    u_compute_core/u_fir32/sum_s4_reg[1][31]_i_1_n_14
                         FDRE                                         r  u_compute_core/u_fir32/sum_s4_reg[1][25]/D
  -------------------------------------------------------------------    -------------------

                         (clock accelerator_clk rise edge)
                                                      0.000     0.000 r  
                                                      0.000     0.000 r  aclk (IN)
                         net (fo=3054, unset)         0.019     0.019    u_compute_core/u_fir32/aclk
                         FDRE                                         r  u_compute_core/u_fir32/sum_s4_reg[1][25]/C
                         clock pessimism              0.000     0.019    
                         FDRE (Hold_FDRE_C_D)         0.046     0.065    u_compute_core/u_fir32/sum_s4_reg[1][25]
  -------------------------------------------------------------------
                         required time                         -0.065    
                         arrival time                           0.135    
  -------------------------------------------------------------------
                         slack                                  0.070    

Slack (MET) :             0.070ns  (arrival time - required time)
  Source:                 u_compute_core/u_fir32/sum_s3_reg[2][25]/C
                            (rising edge-triggered cell FDRE clocked by accelerator_clk  {rise@0.000ns fall@3.333ns period=6.667ns})
  Destination:            u_compute_core/u_fir32/sum_s4_reg[1][26]/D
                            (rising edge-triggered cell FDRE clocked by accelerator_clk  {rise@0.000ns fall@3.333ns period=6.667ns})
  Path Group:             accelerator_clk
  Path Type:              Hold (Min at Fast Process Corner)
  Requirement:            0.000ns  (accelerator_clk rise@0.000ns - accelerator_clk rise@0.000ns)
  Data Path Delay:        0.122ns  (logic 0.069ns (56.557%)  route 0.053ns (43.443%))
  Logic Levels:           1  (CARRY8=1)
  Clock Path Skew:        0.006ns (DCD - SCD - CPR)
    Destination Clock Delay (DCD):    0.019ns
    Source Clock Delay      (SCD):    0.013ns
    Clock Pessimism Removal (CPR):    -0.000ns

    Location             Delay type                Incr(ns)  Path(ns)    Netlist Resource(s)
  -------------------------------------------------------------------    -------------------
                         (clock accelerator_clk rise edge)
                                                      0.000     0.000 r  
                                                      0.000     0.000 r  aclk (IN)
                         net (fo=3054, unset)         0.013     0.013    u_compute_core/u_fir32/aclk
                         FDRE                                         r  u_compute_core/u_fir32/sum_s3_reg[2][25]/C
  -------------------------------------------------------------------    -------------------
                         FDRE (Prop_FDRE_C_Q)         0.038     0.051 r  u_compute_core/u_fir32/sum_s3_reg[2][25]/Q
                         net (fo=2, unplaced)         0.046     0.097    u_compute_core/u_fir32/sum_s3_reg[2][25]
                         CARRY8 (Prop_CARRY8_DI[1]_O[2])
                                                      0.031     0.128 r  u_compute_core/u_fir32/sum_s4_reg[1][31]_i_1/O[2]
                         net (fo=1, unplaced)         0.007     0.135    u_compute_core/u_fir32/sum_s4_reg[1][31]_i_1_n_13
                         FDRE                                         r  u_compute_core/u_fir32/sum_s4_reg[1][26]/D
  -------------------------------------------------------------------    -------------------

                         (clock accelerator_clk rise edge)
                                                      0.000     0.000 r  
                                                      0.000     0.000 r  aclk (IN)
                         net (fo=3054, unset)         0.019     0.019    u_compute_core/u_fir32/aclk
                         FDRE                                         r  u_compute_core/u_fir32/sum_s4_reg[1][26]/C
                         clock pessimism              0.000     0.019    
                         FDRE (Hold_FDRE_C_D)         0.046     0.065    u_compute_core/u_fir32/sum_s4_reg[1][26]
  -------------------------------------------------------------------
                         required time                         -0.065    
                         arrival time                           0.135    
  -------------------------------------------------------------------
                         slack                                  0.070    

Slack (MET) :             0.070ns  (arrival time - required time)
  Source:                 u_compute_core/u_fir32/sum_s3_reg[2][1]/C
                            (rising edge-triggered cell FDRE clocked by accelerator_clk  {rise@0.000ns fall@3.333ns period=6.667ns})
  Destination:            u_compute_core/u_fir32/sum_s4_reg[1][2]/D
                            (rising edge-triggered cell FDRE clocked by accelerator_clk  {rise@0.000ns fall@3.333ns period=6.667ns})
  Path Group:             accelerator_clk
  Path Type:              Hold (Min at Fast Process Corner)
  Requirement:            0.000ns  (accelerator_clk rise@0.000ns - accelerator_clk rise@0.000ns)
  Data Path Delay:        0.122ns  (logic 0.069ns (56.557%)  route 0.053ns (43.443%))
  Logic Levels:           1  (CARRY8=1)
  Clock Path Skew:        0.006ns (DCD - SCD - CPR)
    Destination Clock Delay (DCD):    0.019ns
    Source Clock Delay      (SCD):    0.013ns
    Clock Pessimism Removal (CPR):    -0.000ns

    Location             Delay type                Incr(ns)  Path(ns)    Netlist Resource(s)
  -------------------------------------------------------------------    -------------------
                         (clock accelerator_clk rise edge)
                                                      0.000     0.000 r  
                                                      0.000     0.000 r  aclk (IN)
                         net (fo=3054, unset)         0.013     0.013    u_compute_core/u_fir32/aclk
                         FDRE                                         r  u_compute_core/u_fir32/sum_s3_reg[2][1]/C
  -------------------------------------------------------------------    -------------------
                         FDRE (Prop_FDRE_C_Q)         0.038     0.051 r  u_compute_core/u_fir32/sum_s3_reg[2][1]/Q
                         net (fo=2, unplaced)         0.046     0.097    u_compute_core/u_fir32/sum_s3_reg[2][1]
                         CARRY8 (Prop_CARRY8_DI[1]_O[2])
                                                      0.031     0.128 r  u_compute_core/u_fir32/sum_s4_reg[1][7]_i_1/O[2]
                         net (fo=1, unplaced)         0.007     0.135    u_compute_core/u_fir32/sum_s4_reg[1][7]_i_1_n_13
                         FDRE                                         r  u_compute_core/u_fir32/sum_s4_reg[1][2]/D
  -------------------------------------------------------------------    -------------------

                         (clock accelerator_clk rise edge)
                                                      0.000     0.000 r  
                                                      0.000     0.000 r  aclk (IN)
                         net (fo=3054, unset)         0.019     0.019    u_compute_core/u_fir32/aclk
                         FDRE                                         r  u_compute_core/u_fir32/sum_s4_reg[1][2]/C
                         clock pessimism              0.000     0.019    
                         FDRE (Hold_FDRE_C_D)         0.046     0.065    u_compute_core/u_fir32/sum_s4_reg[1][2]
  -------------------------------------------------------------------
                         required time                         -0.065    
                         arrival time                           0.135    
  -------------------------------------------------------------------
                         slack                                  0.070    

Slack (MET) :             0.070ns  (arrival time - required time)
  Source:                 u_compute_core/u_fir32/sum_s3_reg[2][32]/C
                            (rising edge-triggered cell FDRE clocked by accelerator_clk  {rise@0.000ns fall@3.333ns period=6.667ns})
  Destination:            u_compute_core/u_fir32/sum_s4_reg[1][33]/D
                            (rising edge-triggered cell FDRE clocked by accelerator_clk  {rise@0.000ns fall@3.333ns period=6.667ns})
  Path Group:             accelerator_clk
  Path Type:              Hold (Min at Fast Process Corner)
  Requirement:            0.000ns  (accelerator_clk rise@0.000ns - accelerator_clk rise@0.000ns)
  Data Path Delay:        0.122ns  (logic 0.069ns (56.557%)  route 0.053ns (43.443%))
  Logic Levels:           1  (CARRY8=1)
  Clock Path Skew:        0.006ns (DCD - SCD - CPR)
    Destination Clock Delay (DCD):    0.019ns
    Source Clock Delay      (SCD):    0.013ns
    Clock Pessimism Removal (CPR):    -0.000ns

    Location             Delay type                Incr(ns)  Path(ns)    Netlist Resource(s)
  -------------------------------------------------------------------    -------------------
                         (clock accelerator_clk rise edge)
                                                      0.000     0.000 r  
                                                      0.000     0.000 r  aclk (IN)
                         net (fo=3054, unset)         0.013     0.013    u_compute_core/u_fir32/aclk
                         FDRE                                         r  u_compute_core/u_fir32/sum_s3_reg[2][32]/C
  -------------------------------------------------------------------    -------------------
                         FDRE (Prop_FDRE_C_Q)         0.038     0.051 r  u_compute_core/u_fir32/sum_s3_reg[2][32]/Q
                         net (fo=2, unplaced)         0.046     0.097    u_compute_core/u_fir32/sum_s3_reg[2][32]
                         CARRY8 (Prop_CARRY8_DI[0]_O[1])
                                                      0.031     0.128 r  u_compute_core/u_fir32/sum_s4_reg[1][35]_i_2/O[1]
                         net (fo=1, unplaced)         0.007     0.135    u_compute_core/u_fir32/sum_s4_reg[1][35]_i_2_n_14
                         FDRE                                         r  u_compute_core/u_fir32/sum_s4_reg[1][33]/D
  -------------------------------------------------------------------    -------------------

                         (clock accelerator_clk rise edge)
                                                      0.000     0.000 r  
                                                      0.000     0.000 r  aclk (IN)
                         net (fo=3054, unset)         0.019     0.019    u_compute_core/u_fir32/aclk
                         FDRE                                         r  u_compute_core/u_fir32/sum_s4_reg[1][33]/C
                         clock pessimism              0.000     0.019    
                         FDRE (Hold_FDRE_C_D)         0.046     0.065    u_compute_core/u_fir32/sum_s4_reg[1][33]
  -------------------------------------------------------------------
                         required time                         -0.065    
                         arrival time                           0.135    
  -------------------------------------------------------------------
                         slack                                  0.070    

Slack (MET) :             0.070ns  (arrival time - required time)
  Source:                 u_compute_core/u_fir32/sum_s3_reg[2][33]/C
                            (rising edge-triggered cell FDRE clocked by accelerator_clk  {rise@0.000ns fall@3.333ns period=6.667ns})
  Destination:            u_compute_core/u_fir32/sum_s4_reg[1][34]/D
                            (rising edge-triggered cell FDRE clocked by accelerator_clk  {rise@0.000ns fall@3.333ns period=6.667ns})
  Path Group:             accelerator_clk
  Path Type:              Hold (Min at Fast Process Corner)
  Requirement:            0.000ns  (accelerator_clk rise@0.000ns - accelerator_clk rise@0.000ns)
  Data Path Delay:        0.122ns  (logic 0.069ns (56.557%)  route 0.053ns (43.443%))
  Logic Levels:           1  (CARRY8=1)
  Clock Path Skew:        0.006ns (DCD - SCD - CPR)
    Destination Clock Delay (DCD):    0.019ns
    Source Clock Delay      (SCD):    0.013ns
    Clock Pessimism Removal (CPR):    -0.000ns

    Location             Delay type                Incr(ns)  Path(ns)    Netlist Resource(s)
  -------------------------------------------------------------------    -------------------
                         (clock accelerator_clk rise edge)
                                                      0.000     0.000 r  
                                                      0.000     0.000 r  aclk (IN)
                         net (fo=3054, unset)         0.013     0.013    u_compute_core/u_fir32/aclk
                         FDRE                                         r  u_compute_core/u_fir32/sum_s3_reg[2][33]/C
  -------------------------------------------------------------------    -------------------
                         FDRE (Prop_FDRE_C_Q)         0.038     0.051 r  u_compute_core/u_fir32/sum_s3_reg[2][33]/Q
                         net (fo=2, unplaced)         0.046     0.097    u_compute_core/u_fir32/sum_s3_reg[2][33]
                         CARRY8 (Prop_CARRY8_DI[1]_O[2])
                                                      0.031     0.128 r  u_compute_core/u_fir32/sum_s4_reg[1][35]_i_2/O[2]
                         net (fo=1, unplaced)         0.007     0.135    u_compute_core/u_fir32/sum_s4_reg[1][35]_i_2_n_13
                         FDRE                                         r  u_compute_core/u_fir32/sum_s4_reg[1][34]/D
  -------------------------------------------------------------------    -------------------

                         (clock accelerator_clk rise edge)
                                                      0.000     0.000 r  
                                                      0.000     0.000 r  aclk (IN)
                         net (fo=3054, unset)         0.019     0.019    u_compute_core/u_fir32/aclk
                         FDRE                                         r  u_compute_core/u_fir32/sum_s4_reg[1][34]/C
                         clock pessimism              0.000     0.019    
                         FDRE (Hold_FDRE_C_D)         0.046     0.065    u_compute_core/u_fir32/sum_s4_reg[1][34]
  -------------------------------------------------------------------
                         required time                         -0.065    
                         arrival time                           0.135    
  -------------------------------------------------------------------
                         slack                                  0.070    

Slack (MET) :             0.070ns  (arrival time - required time)
  Source:                 u_compute_core/u_fir32/sum_s3_reg[2][8]/C
                            (rising edge-triggered cell FDRE clocked by accelerator_clk  {rise@0.000ns fall@3.333ns period=6.667ns})
  Destination:            u_compute_core/u_fir32/sum_s4_reg[1][9]/D
                            (rising edge-triggered cell FDRE clocked by accelerator_clk  {rise@0.000ns fall@3.333ns period=6.667ns})
  Path Group:             accelerator_clk
  Path Type:              Hold (Min at Fast Process Corner)
  Requirement:            0.000ns  (accelerator_clk rise@0.000ns - accelerator_clk rise@0.000ns)
  Data Path Delay:        0.122ns  (logic 0.069ns (56.557%)  route 0.053ns (43.443%))
  Logic Levels:           1  (CARRY8=1)
  Clock Path Skew:        0.006ns (DCD - SCD - CPR)
    Destination Clock Delay (DCD):    0.019ns
    Source Clock Delay      (SCD):    0.013ns
    Clock Pessimism Removal (CPR):    -0.000ns

    Location             Delay type                Incr(ns)  Path(ns)    Netlist Resource(s)
  -------------------------------------------------------------------    -------------------
                         (clock accelerator_clk rise edge)
                                                      0.000     0.000 r  
                                                      0.000     0.000 r  aclk (IN)
                         net (fo=3054, unset)         0.013     0.013    u_compute_core/u_fir32/aclk
                         FDRE                                         r  u_compute_core/u_fir32/sum_s3_reg[2][8]/C
  -------------------------------------------------------------------    -------------------
                         FDRE (Prop_FDRE_C_Q)         0.038     0.051 r  u_compute_core/u_fir32/sum_s3_reg[2][8]/Q
                         net (fo=2, unplaced)         0.046     0.097    u_compute_core/u_fir32/sum_s3_reg[2][8]
                         CARRY8 (Prop_CARRY8_DI[0]_O[1])
                                                      0.031     0.128 r  u_compute_core/u_fir32/sum_s4_reg[1][15]_i_1/O[1]
                         net (fo=1, unplaced)         0.007     0.135    u_compute_core/u_fir32/sum_s4_reg[1][15]_i_1_n_14
                         FDRE                                         r  u_compute_core/u_fir32/sum_s4_reg[1][9]/D
  -------------------------------------------------------------------    -------------------

                         (clock accelerator_clk rise edge)
                                                      0.000     0.000 r  
                                                      0.000     0.000 r  aclk (IN)
                         net (fo=3054, unset)         0.019     0.019    u_compute_core/u_fir32/aclk
                         FDRE                                         r  u_compute_core/u_fir32/sum_s4_reg[1][9]/C
                         clock pessimism              0.000     0.019    
                         FDRE (Hold_FDRE_C_D)         0.046     0.065    u_compute_core/u_fir32/sum_s4_reg[1][9]
  -------------------------------------------------------------------
                         required time                         -0.065    
                         arrival time                           0.135    
  -------------------------------------------------------------------
                         slack                                  0.070    

Slack (MET) :             0.070ns  (arrival time - required time)
  Source:                 u_compute_core/u_fir32/sum_s4_reg[0][9]/C
                            (rising edge-triggered cell FDRE clocked by accelerator_clk  {rise@0.000ns fall@3.333ns period=6.667ns})
  Destination:            u_compute_core/u_fir32/sum_s5_reg[10]/D
                            (rising edge-triggered cell FDRE clocked by accelerator_clk  {rise@0.000ns fall@3.333ns period=6.667ns})
  Path Group:             accelerator_clk
  Path Type:              Hold (Min at Fast Process Corner)
  Requirement:            0.000ns  (accelerator_clk rise@0.000ns - accelerator_clk rise@0.000ns)
  Data Path Delay:        0.122ns  (logic 0.069ns (56.557%)  route 0.053ns (43.443%))
  Logic Levels:           1  (CARRY8=1)
  Clock Path Skew:        0.006ns (DCD - SCD - CPR)
    Destination Clock Delay (DCD):    0.019ns
    Source Clock Delay      (SCD):    0.013ns
    Clock Pessimism Removal (CPR):    -0.000ns

    Location             Delay type                Incr(ns)  Path(ns)    Netlist Resource(s)
  -------------------------------------------------------------------    -------------------
                         (clock accelerator_clk rise edge)
                                                      0.000     0.000 r  
                                                      0.000     0.000 r  aclk (IN)
                         net (fo=3054, unset)         0.013     0.013    u_compute_core/u_fir32/aclk
                         FDRE                                         r  u_compute_core/u_fir32/sum_s4_reg[0][9]/C
  -------------------------------------------------------------------    -------------------
                         FDRE (Prop_FDRE_C_Q)         0.038     0.051 r  u_compute_core/u_fir32/sum_s4_reg[0][9]/Q
                         net (fo=2, unplaced)         0.046     0.097    u_compute_core/u_fir32/sum_s4_reg[0][9]
                         CARRY8 (Prop_CARRY8_DI[1]_O[2])
                                                      0.031     0.128 r  u_compute_core/u_fir32/sum_s5_reg[15]_i_1/O[2]
                         net (fo=1, unplaced)         0.007     0.135    u_compute_core/u_fir32/sum_s5_reg[15]_i_1_n_13
                         FDRE                                         r  u_compute_core/u_fir32/sum_s5_reg[10]/D
  -------------------------------------------------------------------    -------------------

                         (clock accelerator_clk rise edge)
                                                      0.000     0.000 r  
                                                      0.000     0.000 r  aclk (IN)
                         net (fo=3054, unset)         0.019     0.019    u_compute_core/u_fir32/aclk
                         FDRE                                         r  u_compute_core/u_fir32/sum_s5_reg[10]/C
                         clock pessimism              0.000     0.019    
                         FDRE (Hold_FDRE_C_D)         0.046     0.065    u_compute_core/u_fir32/sum_s5_reg[10]
  -------------------------------------------------------------------
                         required time                         -0.065    
                         arrival time                           0.135    
  -------------------------------------------------------------------
                         slack                                  0.070    

Slack (MET) :             0.070ns  (arrival time - required time)
  Source:                 u_compute_core/u_fir32/sum_s4_reg[0][16]/C
                            (rising edge-triggered cell FDRE clocked by accelerator_clk  {rise@0.000ns fall@3.333ns period=6.667ns})
  Destination:            u_compute_core/u_fir32/sum_s5_reg[17]/D
                            (rising edge-triggered cell FDRE clocked by accelerator_clk  {rise@0.000ns fall@3.333ns period=6.667ns})
  Path Group:             accelerator_clk
  Path Type:              Hold (Min at Fast Process Corner)
  Requirement:            0.000ns  (accelerator_clk rise@0.000ns - accelerator_clk rise@0.000ns)
  Data Path Delay:        0.122ns  (logic 0.069ns (56.557%)  route 0.053ns (43.443%))
  Logic Levels:           1  (CARRY8=1)
  Clock Path Skew:        0.006ns (DCD - SCD - CPR)
    Destination Clock Delay (DCD):    0.019ns
    Source Clock Delay      (SCD):    0.013ns
    Clock Pessimism Removal (CPR):    -0.000ns

    Location             Delay type                Incr(ns)  Path(ns)    Netlist Resource(s)
  -------------------------------------------------------------------    -------------------
                         (clock accelerator_clk rise edge)
                                                      0.000     0.000 r  
                                                      0.000     0.000 r  aclk (IN)
                         net (fo=3054, unset)         0.013     0.013    u_compute_core/u_fir32/aclk
                         FDRE                                         r  u_compute_core/u_fir32/sum_s4_reg[0][16]/C
  -------------------------------------------------------------------    -------------------
                         FDRE (Prop_FDRE_C_Q)         0.038     0.051 r  u_compute_core/u_fir32/sum_s4_reg[0][16]/Q
                         net (fo=2, unplaced)         0.046     0.097    u_compute_core/u_fir32/sum_s4_reg[0][16]
                         CARRY8 (Prop_CARRY8_DI[0]_O[1])
                                                      0.031     0.128 r  u_compute_core/u_fir32/sum_s5_reg[23]_i_1/O[1]
                         net (fo=1, unplaced)         0.007     0.135    u_compute_core/u_fir32/sum_s5_reg[23]_i_1_n_14
                         FDRE                                         r  u_compute_core/u_fir32/sum_s5_reg[17]/D
  -------------------------------------------------------------------    -------------------

                         (clock accelerator_clk rise edge)
                                                      0.000     0.000 r  
                                                      0.000     0.000 r  aclk (IN)
                         net (fo=3054, unset)         0.019     0.019    u_compute_core/u_fir32/aclk
                         FDRE                                         r  u_compute_core/u_fir32/sum_s5_reg[17]/C
                         clock pessimism              0.000     0.019    
                         FDRE (Hold_FDRE_C_D)         0.046     0.065    u_compute_core/u_fir32/sum_s5_reg[17]
  -------------------------------------------------------------------
                         required time                         -0.065    
                         arrival time                           0.135    
  -------------------------------------------------------------------
                         slack                                  0.070    

Slack (MET) :             0.070ns  (arrival time - required time)
  Source:                 u_compute_core/u_fir32/sum_s4_reg[0][17]/C
                            (rising edge-triggered cell FDRE clocked by accelerator_clk  {rise@0.000ns fall@3.333ns period=6.667ns})
  Destination:            u_compute_core/u_fir32/sum_s5_reg[18]/D
                            (rising edge-triggered cell FDRE clocked by accelerator_clk  {rise@0.000ns fall@3.333ns period=6.667ns})
  Path Group:             accelerator_clk
  Path Type:              Hold (Min at Fast Process Corner)
  Requirement:            0.000ns  (accelerator_clk rise@0.000ns - accelerator_clk rise@0.000ns)
  Data Path Delay:        0.122ns  (logic 0.069ns (56.557%)  route 0.053ns (43.443%))
  Logic Levels:           1  (CARRY8=1)
  Clock Path Skew:        0.006ns (DCD - SCD - CPR)
    Destination Clock Delay (DCD):    0.019ns
    Source Clock Delay      (SCD):    0.013ns
    Clock Pessimism Removal (CPR):    -0.000ns

    Location             Delay type                Incr(ns)  Path(ns)    Netlist Resource(s)
  -------------------------------------------------------------------    -------------------
                         (clock accelerator_clk rise edge)
                                                      0.000     0.000 r  
                                                      0.000     0.000 r  aclk (IN)
                         net (fo=3054, unset)         0.013     0.013    u_compute_core/u_fir32/aclk
                         FDRE                                         r  u_compute_core/u_fir32/sum_s4_reg[0][17]/C
  -------------------------------------------------------------------    -------------------
                         FDRE (Prop_FDRE_C_Q)         0.038     0.051 r  u_compute_core/u_fir32/sum_s4_reg[0][17]/Q
                         net (fo=2, unplaced)         0.046     0.097    u_compute_core/u_fir32/sum_s4_reg[0][17]
                         CARRY8 (Prop_CARRY8_DI[1]_O[2])
                                                      0.031     0.128 r  u_compute_core/u_fir32/sum_s5_reg[23]_i_1/O[2]
                         net (fo=1, unplaced)         0.007     0.135    u_compute_core/u_fir32/sum_s5_reg[23]_i_1_n_13
                         FDRE                                         r  u_compute_core/u_fir32/sum_s5_reg[18]/D
  -------------------------------------------------------------------    -------------------

                         (clock accelerator_clk rise edge)
                                                      0.000     0.000 r  
                                                      0.000     0.000 r  aclk (IN)
                         net (fo=3054, unset)         0.019     0.019    u_compute_core/u_fir32/aclk
                         FDRE                                         r  u_compute_core/u_fir32/sum_s5_reg[18]/C
                         clock pessimism              0.000     0.019    
                         FDRE (Hold_FDRE_C_D)         0.046     0.065    u_compute_core/u_fir32/sum_s5_reg[18]
  -------------------------------------------------------------------
                         required time                         -0.065    
                         arrival time                           0.135    
  -------------------------------------------------------------------
                         slack                                  0.070    

Slack (MET) :             0.070ns  (arrival time - required time)
  Source:                 u_compute_core/u_fir32/sum_s4_reg[0][0]/C
                            (rising edge-triggered cell FDRE clocked by accelerator_clk  {rise@0.000ns fall@3.333ns period=6.667ns})
  Destination:            u_compute_core/u_fir32/sum_s5_reg[1]/D
                            (rising edge-triggered cell FDRE clocked by accelerator_clk  {rise@0.000ns fall@3.333ns period=6.667ns})
  Path Group:             accelerator_clk
  Path Type:              Hold (Min at Fast Process Corner)
  Requirement:            0.000ns  (accelerator_clk rise@0.000ns - accelerator_clk rise@0.000ns)
  Data Path Delay:        0.122ns  (logic 0.069ns (56.557%)  route 0.053ns (43.443%))
  Logic Levels:           1  (CARRY8=1)
  Clock Path Skew:        0.006ns (DCD - SCD - CPR)
    Destination Clock Delay (DCD):    0.019ns
    Source Clock Delay      (SCD):    0.013ns
    Clock Pessimism Removal (CPR):    -0.000ns

    Location             Delay type                Incr(ns)  Path(ns)    Netlist Resource(s)
  -------------------------------------------------------------------    -------------------
                         (clock accelerator_clk rise edge)
                                                      0.000     0.000 r  
                                                      0.000     0.000 r  aclk (IN)
                         net (fo=3054, unset)         0.013     0.013    u_compute_core/u_fir32/aclk
                         FDRE                                         r  u_compute_core/u_fir32/sum_s4_reg[0][0]/C
  -------------------------------------------------------------------    -------------------
                         FDRE (Prop_FDRE_C_Q)         0.038     0.051 r  u_compute_core/u_fir32/sum_s4_reg[0][0]/Q
                         net (fo=2, unplaced)         0.046     0.097    u_compute_core/u_fir32/sum_s4_reg[0][0]
                         CARRY8 (Prop_CARRY8_DI[0]_O[1])
                                                      0.031     0.128 r  u_compute_core/u_fir32/sum_s5_reg[7]_i_1/O[1]
                         net (fo=1, unplaced)         0.007     0.135    u_compute_core/u_fir32/sum_s5_reg[7]_i_1_n_14
                         FDRE                                         r  u_compute_core/u_fir32/sum_s5_reg[1]/D
  -------------------------------------------------------------------    -------------------

                         (clock accelerator_clk rise edge)
                                                      0.000     0.000 r  
                                                      0.000     0.000 r  aclk (IN)
                         net (fo=3054, unset)         0.019     0.019    u_compute_core/u_fir32/aclk
                         FDRE                                         r  u_compute_core/u_fir32/sum_s5_reg[1]/C
                         clock pessimism              0.000     0.019    
                         FDRE (Hold_FDRE_C_D)         0.046     0.065    u_compute_core/u_fir32/sum_s5_reg[1]
  -------------------------------------------------------------------
                         required time                         -0.065    
                         arrival time                           0.135    
  -------------------------------------------------------------------
                         slack                                  0.070    

Slack (MET) :             0.070ns  (arrival time - required time)
  Source:                 u_compute_core/u_fir32/sum_s4_reg[0][24]/C
                            (rising edge-triggered cell FDRE clocked by accelerator_clk  {rise@0.000ns fall@3.333ns period=6.667ns})
  Destination:            u_compute_core/u_fir32/sum_s5_reg[25]/D
                            (rising edge-triggered cell FDRE clocked by accelerator_clk  {rise@0.000ns fall@3.333ns period=6.667ns})
  Path Group:             accelerator_clk
  Path Type:              Hold (Min at Fast Process Corner)
  Requirement:            0.000ns  (accelerator_clk rise@0.000ns - accelerator_clk rise@0.000ns)
  Data Path Delay:        0.122ns  (logic 0.069ns (56.557%)  route 0.053ns (43.443%))
  Logic Levels:           1  (CARRY8=1)
  Clock Path Skew:        0.006ns (DCD - SCD - CPR)
    Destination Clock Delay (DCD):    0.019ns
    Source Clock Delay      (SCD):    0.013ns
    Clock Pessimism Removal (CPR):    -0.000ns

    Location             Delay type                Incr(ns)  Path(ns)    Netlist Resource(s)
  -------------------------------------------------------------------    -------------------
                         (clock accelerator_clk rise edge)
                                                      0.000     0.000 r  
                                                      0.000     0.000 r  aclk (IN)
                         net (fo=3054, unset)         0.013     0.013    u_compute_core/u_fir32/aclk
                         FDRE                                         r  u_compute_core/u_fir32/sum_s4_reg[0][24]/C
  -------------------------------------------------------------------    -------------------
                         FDRE (Prop_FDRE_C_Q)         0.038     0.051 r  u_compute_core/u_fir32/sum_s4_reg[0][24]/Q
                         net (fo=2, unplaced)         0.046     0.097    u_compute_core/u_fir32/sum_s4_reg[0][24]
                         CARRY8 (Prop_CARRY8_DI[0]_O[1])
                                                      0.031     0.128 r  u_compute_core/u_fir32/sum_s5_reg[31]_i_1/O[1]
                         net (fo=1, unplaced)         0.007     0.135    u_compute_core/u_fir32/sum_s5_reg[31]_i_1_n_14
                         FDRE                                         r  u_compute_core/u_fir32/sum_s5_reg[25]/D
  -------------------------------------------------------------------    -------------------

                         (clock accelerator_clk rise edge)
                                                      0.000     0.000 r  
                                                      0.000     0.000 r  aclk (IN)
                         net (fo=3054, unset)         0.019     0.019    u_compute_core/u_fir32/aclk
                         FDRE                                         r  u_compute_core/u_fir32/sum_s5_reg[25]/C
                         clock pessimism              0.000     0.019    
                         FDRE (Hold_FDRE_C_D)         0.046     0.065    u_compute_core/u_fir32/sum_s5_reg[25]
  -------------------------------------------------------------------
                         required time                         -0.065    
                         arrival time                           0.135    
  -------------------------------------------------------------------
                         slack                                  0.070    

Slack (MET) :             0.070ns  (arrival time - required time)
  Source:                 u_compute_core/u_fir32/sum_s4_reg[0][25]/C
                            (rising edge-triggered cell FDRE clocked by accelerator_clk  {rise@0.000ns fall@3.333ns period=6.667ns})
  Destination:            u_compute_core/u_fir32/sum_s5_reg[26]/D
                            (rising edge-triggered cell FDRE clocked by accelerator_clk  {rise@0.000ns fall@3.333ns period=6.667ns})
  Path Group:             accelerator_clk
  Path Type:              Hold (Min at Fast Process Corner)
  Requirement:            0.000ns  (accelerator_clk rise@0.000ns - accelerator_clk rise@0.000ns)
  Data Path Delay:        0.122ns  (logic 0.069ns (56.557%)  route 0.053ns (43.443%))
  Logic Levels:           1  (CARRY8=1)
  Clock Path Skew:        0.006ns (DCD - SCD - CPR)
    Destination Clock Delay (DCD):    0.019ns
    Source Clock Delay      (SCD):    0.013ns
    Clock Pessimism Removal (CPR):    -0.000ns

    Location             Delay type                Incr(ns)  Path(ns)    Netlist Resource(s)
  -------------------------------------------------------------------    -------------------
                         (clock accelerator_clk rise edge)
                                                      0.000     0.000 r  
                                                      0.000     0.000 r  aclk (IN)
                         net (fo=3054, unset)         0.013     0.013    u_compute_core/u_fir32/aclk
                         FDRE                                         r  u_compute_core/u_fir32/sum_s4_reg[0][25]/C
  -------------------------------------------------------------------    -------------------
                         FDRE (Prop_FDRE_C_Q)         0.038     0.051 r  u_compute_core/u_fir32/sum_s4_reg[0][25]/Q
                         net (fo=2, unplaced)         0.046     0.097    u_compute_core/u_fir32/sum_s4_reg[0][25]
                         CARRY8 (Prop_CARRY8_DI[1]_O[2])
                                                      0.031     0.128 r  u_compute_core/u_fir32/sum_s5_reg[31]_i_1/O[2]
                         net (fo=1, unplaced)         0.007     0.135    u_compute_core/u_fir32/sum_s5_reg[31]_i_1_n_13
                         FDRE                                         r  u_compute_core/u_fir32/sum_s5_reg[26]/D
  -------------------------------------------------------------------    -------------------

                         (clock accelerator_clk rise edge)
                                                      0.000     0.000 r  
                                                      0.000     0.000 r  aclk (IN)
                         net (fo=3054, unset)         0.019     0.019    u_compute_core/u_fir32/aclk
                         FDRE                                         r  u_compute_core/u_fir32/sum_s5_reg[26]/C
                         clock pessimism              0.000     0.019    
                         FDRE (Hold_FDRE_C_D)         0.046     0.065    u_compute_core/u_fir32/sum_s5_reg[26]
  -------------------------------------------------------------------
                         required time                         -0.065    
                         arrival time                           0.135    
  -------------------------------------------------------------------
                         slack                                  0.070    

Slack (MET) :             0.070ns  (arrival time - required time)
  Source:                 u_compute_core/u_fir32/sum_s4_reg[0][1]/C
                            (rising edge-triggered cell FDRE clocked by accelerator_clk  {rise@0.000ns fall@3.333ns period=6.667ns})
  Destination:            u_compute_core/u_fir32/sum_s5_reg[2]/D
                            (rising edge-triggered cell FDRE clocked by accelerator_clk  {rise@0.000ns fall@3.333ns period=6.667ns})
  Path Group:             accelerator_clk
  Path Type:              Hold (Min at Fast Process Corner)
  Requirement:            0.000ns  (accelerator_clk rise@0.000ns - accelerator_clk rise@0.000ns)
  Data Path Delay:        0.122ns  (logic 0.069ns (56.557%)  route 0.053ns (43.443%))
  Logic Levels:           1  (CARRY8=1)
  Clock Path Skew:        0.006ns (DCD - SCD - CPR)
    Destination Clock Delay (DCD):    0.019ns
    Source Clock Delay      (SCD):    0.013ns
    Clock Pessimism Removal (CPR):    -0.000ns

    Location             Delay type                Incr(ns)  Path(ns)    Netlist Resource(s)
  -------------------------------------------------------------------    -------------------
                         (clock accelerator_clk rise edge)
                                                      0.000     0.000 r  
                                                      0.000     0.000 r  aclk (IN)
                         net (fo=3054, unset)         0.013     0.013    u_compute_core/u_fir32/aclk
                         FDRE                                         r  u_compute_core/u_fir32/sum_s4_reg[0][1]/C
  -------------------------------------------------------------------    -------------------
                         FDRE (Prop_FDRE_C_Q)         0.038     0.051 r  u_compute_core/u_fir32/sum_s4_reg[0][1]/Q
                         net (fo=2, unplaced)         0.046     0.097    u_compute_core/u_fir32/sum_s4_reg[0][1]
                         CARRY8 (Prop_CARRY8_DI[1]_O[2])
                                                      0.031     0.128 r  u_compute_core/u_fir32/sum_s5_reg[7]_i_1/O[2]
                         net (fo=1, unplaced)         0.007     0.135    u_compute_core/u_fir32/sum_s5_reg[7]_i_1_n_13
                         FDRE                                         r  u_compute_core/u_fir32/sum_s5_reg[2]/D
  -------------------------------------------------------------------    -------------------

                         (clock accelerator_clk rise edge)
                                                      0.000     0.000 r  
                                                      0.000     0.000 r  aclk (IN)
                         net (fo=3054, unset)         0.019     0.019    u_compute_core/u_fir32/aclk
                         FDRE                                         r  u_compute_core/u_fir32/sum_s5_reg[2]/C
                         clock pessimism              0.000     0.019    
                         FDRE (Hold_FDRE_C_D)         0.046     0.065    u_compute_core/u_fir32/sum_s5_reg[2]
  -------------------------------------------------------------------
                         required time                         -0.065    
                         arrival time                           0.135    
  -------------------------------------------------------------------
                         slack                                  0.070    

Slack (MET) :             0.070ns  (arrival time - required time)
  Source:                 u_compute_core/u_fir32/sum_s4_reg[0][32]/C
                            (rising edge-triggered cell FDRE clocked by accelerator_clk  {rise@0.000ns fall@3.333ns period=6.667ns})
  Destination:            u_compute_core/u_fir32/sum_s5_reg[33]/D
                            (rising edge-triggered cell FDRE clocked by accelerator_clk  {rise@0.000ns fall@3.333ns period=6.667ns})
  Path Group:             accelerator_clk
  Path Type:              Hold (Min at Fast Process Corner)
  Requirement:            0.000ns  (accelerator_clk rise@0.000ns - accelerator_clk rise@0.000ns)
  Data Path Delay:        0.122ns  (logic 0.069ns (56.557%)  route 0.053ns (43.443%))
  Logic Levels:           1  (CARRY8=1)
  Clock Path Skew:        0.006ns (DCD - SCD - CPR)
    Destination Clock Delay (DCD):    0.019ns
    Source Clock Delay      (SCD):    0.013ns
    Clock Pessimism Removal (CPR):    -0.000ns

    Location             Delay type                Incr(ns)  Path(ns)    Netlist Resource(s)
  -------------------------------------------------------------------    -------------------
                         (clock accelerator_clk rise edge)
                                                      0.000     0.000 r  
                                                      0.000     0.000 r  aclk (IN)
                         net (fo=3054, unset)         0.013     0.013    u_compute_core/u_fir32/aclk
                         FDRE                                         r  u_compute_core/u_fir32/sum_s4_reg[0][32]/C
  -------------------------------------------------------------------    -------------------
                         FDRE (Prop_FDRE_C_Q)         0.038     0.051 r  u_compute_core/u_fir32/sum_s4_reg[0][32]/Q
                         net (fo=2, unplaced)         0.046     0.097    u_compute_core/u_fir32/sum_s4_reg[0][32]
                         CARRY8 (Prop_CARRY8_DI[0]_O[1])
                                                      0.031     0.128 r  u_compute_core/u_fir32/sum_s5_reg[36]_i_2/O[1]
                         net (fo=1, unplaced)         0.007     0.135    u_compute_core/u_fir32/sum_s5_reg[36]_i_2_n_14
                         FDRE                                         r  u_compute_core/u_fir32/sum_s5_reg[33]/D
  -------------------------------------------------------------------    -------------------

                         (clock accelerator_clk rise edge)
                                                      0.000     0.000 r  
                                                      0.000     0.000 r  aclk (IN)
                         net (fo=3054, unset)         0.019     0.019    u_compute_core/u_fir32/aclk
                         FDRE                                         r  u_compute_core/u_fir32/sum_s5_reg[33]/C
                         clock pessimism              0.000     0.019    
                         FDRE (Hold_FDRE_C_D)         0.046     0.065    u_compute_core/u_fir32/sum_s5_reg[33]
  -------------------------------------------------------------------
                         required time                         -0.065    
                         arrival time                           0.135    
  -------------------------------------------------------------------
                         slack                                  0.070    

Slack (MET) :             0.070ns  (arrival time - required time)
  Source:                 u_compute_core/u_fir32/sum_s4_reg[0][33]/C
                            (rising edge-triggered cell FDRE clocked by accelerator_clk  {rise@0.000ns fall@3.333ns period=6.667ns})
  Destination:            u_compute_core/u_fir32/sum_s5_reg[34]/D
                            (rising edge-triggered cell FDRE clocked by accelerator_clk  {rise@0.000ns fall@3.333ns period=6.667ns})
  Path Group:             accelerator_clk
  Path Type:              Hold (Min at Fast Process Corner)
  Requirement:            0.000ns  (accelerator_clk rise@0.000ns - accelerator_clk rise@0.000ns)
  Data Path Delay:        0.122ns  (logic 0.069ns (56.557%)  route 0.053ns (43.443%))
  Logic Levels:           1  (CARRY8=1)
  Clock Path Skew:        0.006ns (DCD - SCD - CPR)
    Destination Clock Delay (DCD):    0.019ns
    Source Clock Delay      (SCD):    0.013ns
    Clock Pessimism Removal (CPR):    -0.000ns

    Location             Delay type                Incr(ns)  Path(ns)    Netlist Resource(s)
  -------------------------------------------------------------------    -------------------
                         (clock accelerator_clk rise edge)
                                                      0.000     0.000 r  
                                                      0.000     0.000 r  aclk (IN)
                         net (fo=3054, unset)         0.013     0.013    u_compute_core/u_fir32/aclk
                         FDRE                                         r  u_compute_core/u_fir32/sum_s4_reg[0][33]/C
  -------------------------------------------------------------------    -------------------
                         FDRE (Prop_FDRE_C_Q)         0.038     0.051 r  u_compute_core/u_fir32/sum_s4_reg[0][33]/Q
                         net (fo=2, unplaced)         0.046     0.097    u_compute_core/u_fir32/sum_s4_reg[0][33]
                         CARRY8 (Prop_CARRY8_DI[1]_O[2])
                                                      0.031     0.128 r  u_compute_core/u_fir32/sum_s5_reg[36]_i_2/O[2]
                         net (fo=1, unplaced)         0.007     0.135    u_compute_core/u_fir32/sum_s5_reg[36]_i_2_n_13
                         FDRE                                         r  u_compute_core/u_fir32/sum_s5_reg[34]/D
  -------------------------------------------------------------------    -------------------

                         (clock accelerator_clk rise edge)
                                                      0.000     0.000 r  
                                                      0.000     0.000 r  aclk (IN)
                         net (fo=3054, unset)         0.019     0.019    u_compute_core/u_fir32/aclk
                         FDRE                                         r  u_compute_core/u_fir32/sum_s5_reg[34]/C
                         clock pessimism              0.000     0.019    
                         FDRE (Hold_FDRE_C_D)         0.046     0.065    u_compute_core/u_fir32/sum_s5_reg[34]
  -------------------------------------------------------------------
                         required time                         -0.065    
                         arrival time                           0.135    
  -------------------------------------------------------------------
                         slack                                  0.070    

Slack (MET) :             0.070ns  (arrival time - required time)
  Source:                 u_compute_core/u_fir32/sum_s4_reg[0][8]/C
                            (rising edge-triggered cell FDRE clocked by accelerator_clk  {rise@0.000ns fall@3.333ns period=6.667ns})
  Destination:            u_compute_core/u_fir32/sum_s5_reg[9]/D
                            (rising edge-triggered cell FDRE clocked by accelerator_clk  {rise@0.000ns fall@3.333ns period=6.667ns})
  Path Group:             accelerator_clk
  Path Type:              Hold (Min at Fast Process Corner)
  Requirement:            0.000ns  (accelerator_clk rise@0.000ns - accelerator_clk rise@0.000ns)
  Data Path Delay:        0.122ns  (logic 0.069ns (56.557%)  route 0.053ns (43.443%))
  Logic Levels:           1  (CARRY8=1)
  Clock Path Skew:        0.006ns (DCD - SCD - CPR)
    Destination Clock Delay (DCD):    0.019ns
    Source Clock Delay      (SCD):    0.013ns
    Clock Pessimism Removal (CPR):    -0.000ns

    Location             Delay type                Incr(ns)  Path(ns)    Netlist Resource(s)
  -------------------------------------------------------------------    -------------------
                         (clock accelerator_clk rise edge)
                                                      0.000     0.000 r  
                                                      0.000     0.000 r  aclk (IN)
                         net (fo=3054, unset)         0.013     0.013    u_compute_core/u_fir32/aclk
                         FDRE                                         r  u_compute_core/u_fir32/sum_s4_reg[0][8]/C
  -------------------------------------------------------------------    -------------------
                         FDRE (Prop_FDRE_C_Q)         0.038     0.051 r  u_compute_core/u_fir32/sum_s4_reg[0][8]/Q
                         net (fo=2, unplaced)         0.046     0.097    u_compute_core/u_fir32/sum_s4_reg[0][8]
                         CARRY8 (Prop_CARRY8_DI[0]_O[1])
                                                      0.031     0.128 r  u_compute_core/u_fir32/sum_s5_reg[15]_i_1/O[1]
                         net (fo=1, unplaced)         0.007     0.135    u_compute_core/u_fir32/sum_s5_reg[15]_i_1_n_14
                         FDRE                                         r  u_compute_core/u_fir32/sum_s5_reg[9]/D
  -------------------------------------------------------------------    -------------------

                         (clock accelerator_clk rise edge)
                                                      0.000     0.000 r  
                                                      0.000     0.000 r  aclk (IN)
                         net (fo=3054, unset)         0.019     0.019    u_compute_core/u_fir32/aclk
                         FDRE                                         r  u_compute_core/u_fir32/sum_s5_reg[9]/C
                         clock pessimism              0.000     0.019    
                         FDRE (Hold_FDRE_C_D)         0.046     0.065    u_compute_core/u_fir32/sum_s5_reg[9]
  -------------------------------------------------------------------
                         required time                         -0.065    
                         arrival time                           0.135    
  -------------------------------------------------------------------
                         slack                                  0.070    





Pulse Width Checks
--------------------------------------------------------------------------------------
Clock Name:         accelerator_clk
Waveform(ns):       { 0.000 3.333 }
Period(ns):         6.667
Sources:            { aclk }

Check Type        Corner  Lib Pin         Reference Pin  Required(ns)  Actual(ns)  Slack(ns)  Location  Pin
Min Period        n/a     DSP_OUTPUT/CLK  n/a            0.650         6.667       6.017                u_compute_core/u_fir32/prod_s0_reg[0]/DSP_OUTPUT_INST/CLK
Min Period        n/a     DSP_OUTPUT/CLK  n/a            0.650         6.667       6.017                u_compute_core/u_fir32/prod_s0_reg[10]/DSP_OUTPUT_INST/CLK
Min Period        n/a     DSP_OUTPUT/CLK  n/a            0.650         6.667       6.017                u_compute_core/u_fir32/prod_s0_reg[12]/DSP_OUTPUT_INST/CLK
Min Period        n/a     DSP_OUTPUT/CLK  n/a            0.650         6.667       6.017                u_compute_core/u_fir32/prod_s0_reg[14]/DSP_OUTPUT_INST/CLK
Min Period        n/a     DSP_OUTPUT/CLK  n/a            0.650         6.667       6.017                u_compute_core/u_fir32/prod_s0_reg[16]/DSP_OUTPUT_INST/CLK
Min Period        n/a     DSP_OUTPUT/CLK  n/a            0.650         6.667       6.017                u_compute_core/u_fir32/prod_s0_reg[18]/DSP_OUTPUT_INST/CLK
Min Period        n/a     DSP_OUTPUT/CLK  n/a            0.650         6.667       6.017                u_compute_core/u_fir32/prod_s0_reg[20]/DSP_OUTPUT_INST/CLK
Min Period        n/a     DSP_OUTPUT/CLK  n/a            0.650         6.667       6.017                u_compute_core/u_fir32/prod_s0_reg[22]/DSP_OUTPUT_INST/CLK
Min Period        n/a     DSP_OUTPUT/CLK  n/a            0.650         6.667       6.017                u_compute_core/u_fir32/prod_s0_reg[24]/DSP_OUTPUT_INST/CLK
Min Period        n/a     DSP_OUTPUT/CLK  n/a            0.650         6.667       6.017                u_compute_core/u_fir32/prod_s0_reg[26]/DSP_OUTPUT_INST/CLK
Min Period        n/a     DSP_OUTPUT/CLK  n/a            0.650         6.667       6.017                u_compute_core/u_fir32/prod_s0_reg[28]/DSP_OUTPUT_INST/CLK
Min Period        n/a     DSP_OUTPUT/CLK  n/a            0.650         6.667       6.017                u_compute_core/u_fir32/prod_s0_reg[2]/DSP_OUTPUT_INST/CLK
Min Period        n/a     DSP_OUTPUT/CLK  n/a            0.650         6.667       6.017                u_compute_core/u_fir32/prod_s0_reg[30]/DSP_OUTPUT_INST/CLK
Min Period        n/a     DSP_OUTPUT/CLK  n/a            0.650         6.667       6.017                u_compute_core/u_fir32/prod_s0_reg[4]/DSP_OUTPUT_INST/CLK
Min Period        n/a     DSP_OUTPUT/CLK  n/a            0.650         6.667       6.017                u_compute_core/u_fir32/prod_s0_reg[6]/DSP_OUTPUT_INST/CLK
Min Period        n/a     DSP_OUTPUT/CLK  n/a            0.650         6.667       6.017                u_compute_core/u_fir32/prod_s0_reg[8]/DSP_OUTPUT_INST/CLK
Min Period        n/a     DSP_OUTPUT/CLK  n/a            0.650         6.667       6.017                u_compute_core/u_fir32/sum_s1_reg[0]/DSP_OUTPUT_INST/CLK
Min Period        n/a     DSP_OUTPUT/CLK  n/a            0.650         6.667       6.017                u_compute_core/u_fir32/sum_s1_reg[10]/DSP_OUTPUT_INST/CLK
Min Period        n/a     DSP_OUTPUT/CLK  n/a            0.650         6.667       6.017                u_compute_core/u_fir32/sum_s1_reg[11]/DSP_OUTPUT_INST/CLK
Min Period        n/a     DSP_OUTPUT/CLK  n/a            0.650         6.667       6.017                u_compute_core/u_fir32/sum_s1_reg[12]/DSP_OUTPUT_INST/CLK
Min Period        n/a     DSP_OUTPUT/CLK  n/a            0.650         6.667       6.017                u_compute_core/u_fir32/sum_s1_reg[13]/DSP_OUTPUT_INST/CLK
Min Period        n/a     DSP_OUTPUT/CLK  n/a            0.650         6.667       6.017                u_compute_core/u_fir32/sum_s1_reg[14]/DSP_OUTPUT_INST/CLK
Min Period        n/a     DSP_OUTPUT/CLK  n/a            0.650         6.667       6.017                u_compute_core/u_fir32/sum_s1_reg[15]/DSP_OUTPUT_INST/CLK
Min Period        n/a     DSP_OUTPUT/CLK  n/a            0.650         6.667       6.017                u_compute_core/u_fir32/sum_s1_reg[1]/DSP_OUTPUT_INST/CLK
Min Period        n/a     DSP_OUTPUT/CLK  n/a            0.650         6.667       6.017                u_compute_core/u_fir32/sum_s1_reg[2]/DSP_OUTPUT_INST/CLK
Min Period        n/a     DSP_OUTPUT/CLK  n/a            0.650         6.667       6.017                u_compute_core/u_fir32/sum_s1_reg[3]/DSP_OUTPUT_INST/CLK
Min Period        n/a     DSP_OUTPUT/CLK  n/a            0.650         6.667       6.017                u_compute_core/u_fir32/sum_s1_reg[4]/DSP_OUTPUT_INST/CLK
Min Period        n/a     DSP_OUTPUT/CLK  n/a            0.650         6.667       6.017                u_compute_core/u_fir32/sum_s1_reg[5]/DSP_OUTPUT_INST/CLK
Min Period        n/a     DSP_OUTPUT/CLK  n/a            0.650         6.667       6.017                u_compute_core/u_fir32/sum_s1_reg[6]/DSP_OUTPUT_INST/CLK
Min Period        n/a     DSP_OUTPUT/CLK  n/a            0.650         6.667       6.017                u_compute_core/u_fir32/sum_s1_reg[7]/DSP_OUTPUT_INST/CLK
Low Pulse Width   Slow    FDRE/C          n/a            0.275         3.333       3.058                u_compute_core/u_energy64/history_ptr_reg[0]/C
Low Pulse Width   Fast    FDRE/C          n/a            0.275         3.333       3.058                u_compute_core/u_energy64/history_ptr_reg[0]/C
Low Pulse Width   Slow    FDRE/C          n/a            0.275         3.333       3.058                u_compute_core/u_energy64/history_ptr_reg[0]_rep/C
Low Pulse Width   Fast    FDRE/C          n/a            0.275         3.333       3.058                u_compute_core/u_energy64/history_ptr_reg[0]_rep/C
Low Pulse Width   Slow    FDRE/C          n/a            0.275         3.333       3.058                u_compute_core/u_energy64/history_ptr_reg[0]_rep__0/C
Low Pulse Width   Fast    FDRE/C          n/a            0.275         3.333       3.058                u_compute_core/u_energy64/history_ptr_reg[0]_rep__0/C
Low Pulse Width   Slow    FDRE/C          n/a            0.275         3.333       3.058                u_compute_core/u_energy64/history_ptr_reg[0]_rep__1/C
Low Pulse Width   Fast    FDRE/C          n/a            0.275         3.333       3.058                u_compute_core/u_energy64/history_ptr_reg[0]_rep__1/C
Low Pulse Width   Slow    FDRE/C          n/a            0.275         3.333       3.058                u_compute_core/u_energy64/history_ptr_reg[0]_rep__2/C
Low Pulse Width   Fast    FDRE/C          n/a            0.275         3.333       3.058                u_compute_core/u_energy64/history_ptr_reg[0]_rep__2/C
Low Pulse Width   Slow    FDRE/C          n/a            0.275         3.333       3.058                u_compute_core/u_energy64/history_ptr_reg[0]_rep__3/C
Low Pulse Width   Fast    FDRE/C          n/a            0.275         3.333       3.058                u_compute_core/u_energy64/history_ptr_reg[0]_rep__3/C
Low Pulse Width   Slow    FDRE/C          n/a            0.275         3.333       3.058                u_compute_core/u_energy64/history_ptr_reg[1]/C
Low Pulse Width   Fast    FDRE/C          n/a            0.275         3.333       3.058                u_compute_core/u_energy64/history_ptr_reg[1]/C
Low Pulse Width   Slow    FDRE/C          n/a            0.275         3.333       3.058                u_compute_core/u_energy64/history_ptr_reg[1]_rep/C
Low Pulse Width   Fast    FDRE/C          n/a            0.275         3.333       3.058                u_compute_core/u_energy64/history_ptr_reg[1]_rep/C
Low Pulse Width   Slow    FDRE/C          n/a            0.275         3.333       3.058                u_compute_core/u_energy64/history_ptr_reg[1]_rep__0/C
Low Pulse Width   Fast    FDRE/C          n/a            0.275         3.333       3.058                u_compute_core/u_energy64/history_ptr_reg[1]_rep__0/C
Low Pulse Width   Slow    FDRE/C          n/a            0.275         3.333       3.058                u_compute_core/u_energy64/history_ptr_reg[1]_rep__1/C
Low Pulse Width   Fast    FDRE/C          n/a            0.275         3.333       3.058                u_compute_core/u_energy64/history_ptr_reg[1]_rep__1/C
Low Pulse Width   Slow    FDRE/C          n/a            0.275         3.333       3.058                u_compute_core/u_energy64/history_ptr_reg[1]_rep__2/C
Low Pulse Width   Fast    FDRE/C          n/a            0.275         3.333       3.058                u_compute_core/u_energy64/history_ptr_reg[1]_rep__2/C
Low Pulse Width   Slow    FDRE/C          n/a            0.275         3.333       3.058                u_compute_core/u_energy64/history_ptr_reg[2]/C
Low Pulse Width   Fast    FDRE/C          n/a            0.275         3.333       3.058                u_compute_core/u_energy64/history_ptr_reg[2]/C
Low Pulse Width   Slow    FDRE/C          n/a            0.275         3.333       3.058                u_compute_core/u_energy64/history_ptr_reg[2]_rep/C
Low Pulse Width   Fast    FDRE/C          n/a            0.275         3.333       3.058                u_compute_core/u_energy64/history_ptr_reg[2]_rep/C
Low Pulse Width   Slow    FDRE/C          n/a            0.275         3.333       3.058                u_compute_core/u_energy64/history_ptr_reg[2]_rep__0/C
Low Pulse Width   Fast    FDRE/C          n/a            0.275         3.333       3.058                u_compute_core/u_energy64/history_ptr_reg[2]_rep__0/C
Low Pulse Width   Slow    FDRE/C          n/a            0.275         3.333       3.058                u_compute_core/u_energy64/history_ptr_reg[2]_rep__1/C
Low Pulse Width   Fast    FDRE/C          n/a            0.275         3.333       3.058                u_compute_core/u_energy64/history_ptr_reg[2]_rep__1/C
High Pulse Width  Slow    FDRE/C          n/a            0.275         3.333       3.058                u_compute_core/u_energy64/history_ptr_reg[0]/C
High Pulse Width  Fast    FDRE/C          n/a            0.275         3.333       3.058                u_compute_core/u_energy64/history_ptr_reg[0]/C
High Pulse Width  Slow    FDRE/C          n/a            0.275         3.333       3.058                u_compute_core/u_energy64/history_ptr_reg[0]_rep/C
High Pulse Width  Fast    FDRE/C          n/a            0.275         3.333       3.058                u_compute_core/u_energy64/history_ptr_reg[0]_rep/C
High Pulse Width  Slow    FDRE/C          n/a            0.275         3.333       3.058                u_compute_core/u_energy64/history_ptr_reg[0]_rep__0/C
High Pulse Width  Fast    FDRE/C          n/a            0.275         3.333       3.058                u_compute_core/u_energy64/history_ptr_reg[0]_rep__0/C
High Pulse Width  Slow    FDRE/C          n/a            0.275         3.333       3.058                u_compute_core/u_energy64/history_ptr_reg[0]_rep__1/C
High Pulse Width  Fast    FDRE/C          n/a            0.275         3.333       3.058                u_compute_core/u_energy64/history_ptr_reg[0]_rep__1/C
High Pulse Width  Slow    FDRE/C          n/a            0.275         3.333       3.058                u_compute_core/u_energy64/history_ptr_reg[0]_rep__2/C
High Pulse Width  Fast    FDRE/C          n/a            0.275         3.333       3.058                u_compute_core/u_energy64/history_ptr_reg[0]_rep__2/C
High Pulse Width  Slow    FDRE/C          n/a            0.275         3.333       3.058                u_compute_core/u_energy64/history_ptr_reg[0]_rep__3/C
High Pulse Width  Fast    FDRE/C          n/a            0.275         3.333       3.058                u_compute_core/u_energy64/history_ptr_reg[0]_rep__3/C
High Pulse Width  Slow    FDRE/C          n/a            0.275         3.333       3.058                u_compute_core/u_energy64/history_ptr_reg[1]/C
High Pulse Width  Fast    FDRE/C          n/a            0.275         3.333       3.058                u_compute_core/u_energy64/history_ptr_reg[1]/C
High Pulse Width  Slow    FDRE/C          n/a            0.275         3.333       3.058                u_compute_core/u_energy64/history_ptr_reg[1]_rep/C
High Pulse Width  Fast    FDRE/C          n/a            0.275         3.333       3.058                u_compute_core/u_energy64/history_ptr_reg[1]_rep/C
High Pulse Width  Slow    FDRE/C          n/a            0.275         3.333       3.058                u_compute_core/u_energy64/history_ptr_reg[1]_rep__0/C
High Pulse Width  Fast    FDRE/C          n/a            0.275         3.333       3.058                u_compute_core/u_energy64/history_ptr_reg[1]_rep__0/C
High Pulse Width  Slow    FDRE/C          n/a            0.275         3.333       3.058                u_compute_core/u_energy64/history_ptr_reg[1]_rep__1/C
High Pulse Width  Fast    FDRE/C          n/a            0.275         3.333       3.058                u_compute_core/u_energy64/history_ptr_reg[1]_rep__1/C
High Pulse Width  Slow    FDRE/C          n/a            0.275         3.333       3.058                u_compute_core/u_energy64/history_ptr_reg[1]_rep__2/C
High Pulse Width  Fast    FDRE/C          n/a            0.275         3.333       3.058                u_compute_core/u_energy64/history_ptr_reg[1]_rep__2/C
High Pulse Width  Slow    FDRE/C          n/a            0.275         3.333       3.058                u_compute_core/u_energy64/history_ptr_reg[2]/C
High Pulse Width  Fast    FDRE/C          n/a            0.275         3.333       3.058                u_compute_core/u_energy64/history_ptr_reg[2]/C
High Pulse Width  Slow    FDRE/C          n/a            0.275         3.333       3.058                u_compute_core/u_energy64/history_ptr_reg[2]_rep/C
High Pulse Width  Fast    FDRE/C          n/a            0.275         3.333       3.058                u_compute_core/u_energy64/history_ptr_reg[2]_rep/C
High Pulse Width  Slow    FDRE/C          n/a            0.275         3.333       3.058                u_compute_core/u_energy64/history_ptr_reg[2]_rep__0/C
High Pulse Width  Fast    FDRE/C          n/a            0.275         3.333       3.058                u_compute_core/u_energy64/history_ptr_reg[2]_rep__0/C
High Pulse Width  Slow    FDRE/C          n/a            0.275         3.333       3.058                u_compute_core/u_energy64/history_ptr_reg[2]_rep__1/C
High Pulse Width  Fast    FDRE/C          n/a            0.275         3.333       3.058                u_compute_core/u_energy64/history_ptr_reg[2]_rep__1/C



--------------------------------------------------------------------------------------
Path Group:  (none)
From Clock:  
  To Clock:  

Max Delay             1 Endpoint
Min Delay             1 Endpoint
--------------------------------------------------------------------------------------


Max Delay Paths
--------------------------------------------------------------------------------------
Slack:                    inf
  Source:                 aresetn
                            (input port)
  Destination:            s_axis_tready
                            (output port)
  Path Group:             (none)
  Path Type:              Max at Slow Process Corner
  Data Path Delay:        0.112ns  (logic 0.112ns (100.000%)  route 0.000ns (0.000%))
  Logic Levels:           1  (LUT5=1)

    Location             Delay type                Incr(ns)  Path(ns)    Netlist Resource(s)
  -------------------------------------------------------------------    -------------------
                                                      0.000     0.000 r  aresetn (IN)
                         net (fo=24, unset)           0.000     0.000    u_compute_core/u_fir32/aresetn
                         LUT5 (Prop_LUT5_I2_O)        0.112     0.112 r  u_compute_core/u_fir32/s_axis_tready_INST_0/O
                         net (fo=0)                   0.000     0.112    s_axis_tready
                                                                      r  s_axis_tready (OUT)
  -------------------------------------------------------------------    -------------------





Min Delay Paths
--------------------------------------------------------------------------------------
Slack:                    inf
  Source:                 m_axis_tready
                            (input port)
  Destination:            s_axis_tready
                            (output port)
  Path Group:             (none)
  Path Type:              Min at Fast Process Corner
  Data Path Delay:        0.021ns  (logic 0.021ns (100.000%)  route 0.000ns (0.000%))
  Logic Levels:           1  (LUT5=1)

    Location             Delay type                Incr(ns)  Path(ns)    Netlist Resource(s)
  -------------------------------------------------------------------    -------------------
                                                      0.000     0.000 r  m_axis_tready (IN)
                         net (fo=17, unset)           0.000     0.000    u_compute_core/u_fir32/m_axis_tready
                         LUT5 (Prop_LUT5_I4_O)        0.021     0.021 r  u_compute_core/u_fir32/s_axis_tready_INST_0/O
                         net (fo=0)                   0.000     0.021    s_axis_tready
                                                                      r  s_axis_tready (OUT)
  -------------------------------------------------------------------    -------------------





--------------------------------------------------------------------------------------
Path Group:  (none)
From Clock:  accelerator_clk
  To Clock:  

Max Delay            57 Endpoints
Min Delay            57 Endpoints
--------------------------------------------------------------------------------------


Max Delay Paths
--------------------------------------------------------------------------------------
Slack:                    inf
  Source:                 u_compute_core/u_fir32/valid_s6_reg/C
                            (rising edge-triggered cell FDRE clocked by accelerator_clk  {rise@0.000ns fall@3.333ns period=6.667ns})
  Destination:            s_axis_tready
                            (output port)
  Path Group:             (none)
  Path Type:              Max at Slow Process Corner
  Data Path Delay:        0.382ns  (logic 0.240ns (62.827%)  route 0.142ns (37.173%))
  Logic Levels:           1  (LUT5=1)
  Clock Uncertainty:      0.025ns  ((TSJ^2 + TIJ^2)^1/2 + DJ) / 2 + PE
    Total System Jitter     (TSJ):    0.050ns
    Total Input Jitter      (TIJ):    0.000ns
    Discrete Jitter          (DJ):    0.000ns
    Phase Error              (PE):    0.000ns

    Location             Delay type                Incr(ns)  Path(ns)    Netlist Resource(s)
  -------------------------------------------------------------------    -------------------
                         (clock accelerator_clk rise edge)
                                                      0.000     0.000 r  
                                                      0.000     0.000 r  aclk (IN)
                         net (fo=3054, unset)         0.030     0.030    u_compute_core/u_fir32/aclk
                         FDRE                                         r  u_compute_core/u_fir32/valid_s6_reg/C
  -------------------------------------------------------------------    -------------------
                         FDRE (Prop_FDRE_C_Q)         0.077     0.107 f  u_compute_core/u_fir32/valid_s6_reg/Q
                         net (fo=16, unplaced)        0.142     0.249    u_compute_core/u_fir32/fir_tvalid
                         LUT5 (Prop_LUT5_I0_O)        0.163     0.412 r  u_compute_core/u_fir32/s_axis_tready_INST_0/O
                         net (fo=0)                   0.000     0.412    s_axis_tready
                                                                      r  s_axis_tready (OUT)
  -------------------------------------------------------------------    -------------------

Slack:                    inf
  Source:                 u_event/m_axis_tdata_reg[0]/C
                            (rising edge-triggered cell FDRE clocked by accelerator_clk  {rise@0.000ns fall@3.333ns period=6.667ns})
  Destination:            m_axis_tdata[0]
                            (output port)
  Path Group:             (none)
  Path Type:              Max at Slow Process Corner
  Data Path Delay:        0.077ns  (logic 0.077ns (100.000%)  route 0.000ns (0.000%))
  Logic Levels:           0  
  Clock Uncertainty:      0.025ns  ((TSJ^2 + TIJ^2)^1/2 + DJ) / 2 + PE
    Total System Jitter     (TSJ):    0.050ns
    Total Input Jitter      (TIJ):    0.000ns
    Discrete Jitter          (DJ):    0.000ns
    Phase Error              (PE):    0.000ns

    Location             Delay type                Incr(ns)  Path(ns)    Netlist Resource(s)
  -------------------------------------------------------------------    -------------------
                         (clock accelerator_clk rise edge)
                                                      0.000     0.000 r  
                                                      0.000     0.000 r  aclk (IN)
                         net (fo=3054, unset)         0.030     0.030    u_event/aclk
                         FDRE                                         r  u_event/m_axis_tdata_reg[0]/C
  -------------------------------------------------------------------    -------------------
                         FDRE (Prop_FDRE_C_Q)         0.077     0.107 r  u_event/m_axis_tdata_reg[0]/Q
                         net (fo=0)                   0.000     0.107    m_axis_tdata[0]
                                                                      r  m_axis_tdata[0] (OUT)
  -------------------------------------------------------------------    -------------------

Slack:                    inf
  Source:                 u_event/m_axis_tdata_reg[10]/C
                            (rising edge-triggered cell FDRE clocked by accelerator_clk  {rise@0.000ns fall@3.333ns period=6.667ns})
  Destination:            m_axis_tdata[10]
                            (output port)
  Path Group:             (none)
  Path Type:              Max at Slow Process Corner
  Data Path Delay:        0.077ns  (logic 0.077ns (100.000%)  route 0.000ns (0.000%))
  Logic Levels:           0  
  Clock Uncertainty:      0.025ns  ((TSJ^2 + TIJ^2)^1/2 + DJ) / 2 + PE
    Total System Jitter     (TSJ):    0.050ns
    Total Input Jitter      (TIJ):    0.000ns
    Discrete Jitter          (DJ):    0.000ns
    Phase Error              (PE):    0.000ns

    Location             Delay type                Incr(ns)  Path(ns)    Netlist Resource(s)
  -------------------------------------------------------------------    -------------------
                         (clock accelerator_clk rise edge)
                                                      0.000     0.000 r  
                                                      0.000     0.000 r  aclk (IN)
                         net (fo=3054, unset)         0.030     0.030    u_event/aclk
                         FDRE                                         r  u_event/m_axis_tdata_reg[10]/C
  -------------------------------------------------------------------    -------------------
                         FDRE (Prop_FDRE_C_Q)         0.077     0.107 r  u_event/m_axis_tdata_reg[10]/Q
                         net (fo=0)                   0.000     0.107    m_axis_tdata[10]
                                                                      r  m_axis_tdata[10] (OUT)
  -------------------------------------------------------------------    -------------------

Slack:                    inf
  Source:                 u_event/m_axis_tdata_reg[11]/C
                            (rising edge-triggered cell FDRE clocked by accelerator_clk  {rise@0.000ns fall@3.333ns period=6.667ns})
  Destination:            m_axis_tdata[11]
                            (output port)
  Path Group:             (none)
  Path Type:              Max at Slow Process Corner
  Data Path Delay:        0.077ns  (logic 0.077ns (100.000%)  route 0.000ns (0.000%))
  Logic Levels:           0  
  Clock Uncertainty:      0.025ns  ((TSJ^2 + TIJ^2)^1/2 + DJ) / 2 + PE
    Total System Jitter     (TSJ):    0.050ns
    Total Input Jitter      (TIJ):    0.000ns
    Discrete Jitter          (DJ):    0.000ns
    Phase Error              (PE):    0.000ns

    Location             Delay type                Incr(ns)  Path(ns)    Netlist Resource(s)
  -------------------------------------------------------------------    -------------------
                         (clock accelerator_clk rise edge)
                                                      0.000     0.000 r  
                                                      0.000     0.000 r  aclk (IN)
                         net (fo=3054, unset)         0.030     0.030    u_event/aclk
                         FDRE                                         r  u_event/m_axis_tdata_reg[11]/C
  -------------------------------------------------------------------    -------------------
                         FDRE (Prop_FDRE_C_Q)         0.077     0.107 r  u_event/m_axis_tdata_reg[11]/Q
                         net (fo=0)                   0.000     0.107    m_axis_tdata[11]
                                                                      r  m_axis_tdata[11] (OUT)
  -------------------------------------------------------------------    -------------------

Slack:                    inf
  Source:                 u_event/m_axis_tdata_reg[12]/C
                            (rising edge-triggered cell FDRE clocked by accelerator_clk  {rise@0.000ns fall@3.333ns period=6.667ns})
  Destination:            m_axis_tdata[12]
                            (output port)
  Path Group:             (none)
  Path Type:              Max at Slow Process Corner
  Data Path Delay:        0.077ns  (logic 0.077ns (100.000%)  route 0.000ns (0.000%))
  Logic Levels:           0  
  Clock Uncertainty:      0.025ns  ((TSJ^2 + TIJ^2)^1/2 + DJ) / 2 + PE
    Total System Jitter     (TSJ):    0.050ns
    Total Input Jitter      (TIJ):    0.000ns
    Discrete Jitter          (DJ):    0.000ns
    Phase Error              (PE):    0.000ns

    Location             Delay type                Incr(ns)  Path(ns)    Netlist Resource(s)
  -------------------------------------------------------------------    -------------------
                         (clock accelerator_clk rise edge)
                                                      0.000     0.000 r  
                                                      0.000     0.000 r  aclk (IN)
                         net (fo=3054, unset)         0.030     0.030    u_event/aclk
                         FDRE                                         r  u_event/m_axis_tdata_reg[12]/C
  -------------------------------------------------------------------    -------------------
                         FDRE (Prop_FDRE_C_Q)         0.077     0.107 r  u_event/m_axis_tdata_reg[12]/Q
                         net (fo=0)                   0.000     0.107    m_axis_tdata[12]
                                                                      r  m_axis_tdata[12] (OUT)
  -------------------------------------------------------------------    -------------------

Slack:                    inf
  Source:                 u_event/m_axis_tdata_reg[13]/C
                            (rising edge-triggered cell FDRE clocked by accelerator_clk  {rise@0.000ns fall@3.333ns period=6.667ns})
  Destination:            m_axis_tdata[13]
                            (output port)
  Path Group:             (none)
  Path Type:              Max at Slow Process Corner
  Data Path Delay:        0.077ns  (logic 0.077ns (100.000%)  route 0.000ns (0.000%))
  Logic Levels:           0  
  Clock Uncertainty:      0.025ns  ((TSJ^2 + TIJ^2)^1/2 + DJ) / 2 + PE
    Total System Jitter     (TSJ):    0.050ns
    Total Input Jitter      (TIJ):    0.000ns
    Discrete Jitter          (DJ):    0.000ns
    Phase Error              (PE):    0.000ns

    Location             Delay type                Incr(ns)  Path(ns)    Netlist Resource(s)
  -------------------------------------------------------------------    -------------------
                         (clock accelerator_clk rise edge)
                                                      0.000     0.000 r  
                                                      0.000     0.000 r  aclk (IN)
                         net (fo=3054, unset)         0.030     0.030    u_event/aclk
                         FDRE                                         r  u_event/m_axis_tdata_reg[13]/C
  -------------------------------------------------------------------    -------------------
                         FDRE (Prop_FDRE_C_Q)         0.077     0.107 r  u_event/m_axis_tdata_reg[13]/Q
                         net (fo=0)                   0.000     0.107    m_axis_tdata[13]
                                                                      r  m_axis_tdata[13] (OUT)
  -------------------------------------------------------------------    -------------------

Slack:                    inf
  Source:                 u_event/m_axis_tdata_reg[14]/C
                            (rising edge-triggered cell FDRE clocked by accelerator_clk  {rise@0.000ns fall@3.333ns period=6.667ns})
  Destination:            m_axis_tdata[14]
                            (output port)
  Path Group:             (none)
  Path Type:              Max at Slow Process Corner
  Data Path Delay:        0.077ns  (logic 0.077ns (100.000%)  route 0.000ns (0.000%))
  Logic Levels:           0  
  Clock Uncertainty:      0.025ns  ((TSJ^2 + TIJ^2)^1/2 + DJ) / 2 + PE
    Total System Jitter     (TSJ):    0.050ns
    Total Input Jitter      (TIJ):    0.000ns
    Discrete Jitter          (DJ):    0.000ns
    Phase Error              (PE):    0.000ns

    Location             Delay type                Incr(ns)  Path(ns)    Netlist Resource(s)
  -------------------------------------------------------------------    -------------------
                         (clock accelerator_clk rise edge)
                                                      0.000     0.000 r  
                                                      0.000     0.000 r  aclk (IN)
                         net (fo=3054, unset)         0.030     0.030    u_event/aclk
                         FDRE                                         r  u_event/m_axis_tdata_reg[14]/C
  -------------------------------------------------------------------    -------------------
                         FDRE (Prop_FDRE_C_Q)         0.077     0.107 r  u_event/m_axis_tdata_reg[14]/Q
                         net (fo=0)                   0.000     0.107    m_axis_tdata[14]
                                                                      r  m_axis_tdata[14] (OUT)
  -------------------------------------------------------------------    -------------------

Slack:                    inf
  Source:                 u_event/m_axis_tdata_reg[15]/C
                            (rising edge-triggered cell FDRE clocked by accelerator_clk  {rise@0.000ns fall@3.333ns period=6.667ns})
  Destination:            m_axis_tdata[15]
                            (output port)
  Path Group:             (none)
  Path Type:              Max at Slow Process Corner
  Data Path Delay:        0.077ns  (logic 0.077ns (100.000%)  route 0.000ns (0.000%))
  Logic Levels:           0  
  Clock Uncertainty:      0.025ns  ((TSJ^2 + TIJ^2)^1/2 + DJ) / 2 + PE
    Total System Jitter     (TSJ):    0.050ns
    Total Input Jitter      (TIJ):    0.000ns
    Discrete Jitter          (DJ):    0.000ns
    Phase Error              (PE):    0.000ns

    Location             Delay type                Incr(ns)  Path(ns)    Netlist Resource(s)
  -------------------------------------------------------------------    -------------------
                         (clock accelerator_clk rise edge)
                                                      0.000     0.000 r  
                                                      0.000     0.000 r  aclk (IN)
                         net (fo=3054, unset)         0.030     0.030    u_event/aclk
                         FDRE                                         r  u_event/m_axis_tdata_reg[15]/C
  -------------------------------------------------------------------    -------------------
                         FDRE (Prop_FDRE_C_Q)         0.077     0.107 r  u_event/m_axis_tdata_reg[15]/Q
                         net (fo=0)                   0.000     0.107    m_axis_tdata[15]
                                                                      r  m_axis_tdata[15] (OUT)
  -------------------------------------------------------------------    -------------------

Slack:                    inf
  Source:                 u_event/m_axis_tdata_reg[16]/C
                            (rising edge-triggered cell FDRE clocked by accelerator_clk  {rise@0.000ns fall@3.333ns period=6.667ns})
  Destination:            m_axis_tdata[16]
                            (output port)
  Path Group:             (none)
  Path Type:              Max at Slow Process Corner
  Data Path Delay:        0.077ns  (logic 0.077ns (100.000%)  route 0.000ns (0.000%))
  Logic Levels:           0  
  Clock Uncertainty:      0.025ns  ((TSJ^2 + TIJ^2)^1/2 + DJ) / 2 + PE
    Total System Jitter     (TSJ):    0.050ns
    Total Input Jitter      (TIJ):    0.000ns
    Discrete Jitter          (DJ):    0.000ns
    Phase Error              (PE):    0.000ns

    Location             Delay type                Incr(ns)  Path(ns)    Netlist Resource(s)
  -------------------------------------------------------------------    -------------------
                         (clock accelerator_clk rise edge)
                                                      0.000     0.000 r  
                                                      0.000     0.000 r  aclk (IN)
                         net (fo=3054, unset)         0.030     0.030    u_event/aclk
                         FDRE                                         r  u_event/m_axis_tdata_reg[16]/C
  -------------------------------------------------------------------    -------------------
                         FDRE (Prop_FDRE_C_Q)         0.077     0.107 r  u_event/m_axis_tdata_reg[16]/Q
                         net (fo=0)                   0.000     0.107    m_axis_tdata[16]
                                                                      r  m_axis_tdata[16] (OUT)
  -------------------------------------------------------------------    -------------------

Slack:                    inf
  Source:                 u_event/m_axis_tdata_reg[17]/C
                            (rising edge-triggered cell FDRE clocked by accelerator_clk  {rise@0.000ns fall@3.333ns period=6.667ns})
  Destination:            m_axis_tdata[17]
                            (output port)
  Path Group:             (none)
  Path Type:              Max at Slow Process Corner
  Data Path Delay:        0.077ns  (logic 0.077ns (100.000%)  route 0.000ns (0.000%))
  Logic Levels:           0  
  Clock Uncertainty:      0.025ns  ((TSJ^2 + TIJ^2)^1/2 + DJ) / 2 + PE
    Total System Jitter     (TSJ):    0.050ns
    Total Input Jitter      (TIJ):    0.000ns
    Discrete Jitter          (DJ):    0.000ns
    Phase Error              (PE):    0.000ns

    Location             Delay type                Incr(ns)  Path(ns)    Netlist Resource(s)
  -------------------------------------------------------------------    -------------------
                         (clock accelerator_clk rise edge)
                                                      0.000     0.000 r  
                                                      0.000     0.000 r  aclk (IN)
                         net (fo=3054, unset)         0.030     0.030    u_event/aclk
                         FDRE                                         r  u_event/m_axis_tdata_reg[17]/C
  -------------------------------------------------------------------    -------------------
                         FDRE (Prop_FDRE_C_Q)         0.077     0.107 r  u_event/m_axis_tdata_reg[17]/Q
                         net (fo=0)                   0.000     0.107    m_axis_tdata[17]
                                                                      r  m_axis_tdata[17] (OUT)
  -------------------------------------------------------------------    -------------------

Slack:                    inf
  Source:                 u_event/m_axis_tdata_reg[18]/C
                            (rising edge-triggered cell FDRE clocked by accelerator_clk  {rise@0.000ns fall@3.333ns period=6.667ns})
  Destination:            m_axis_tdata[18]
                            (output port)
  Path Group:             (none)
  Path Type:              Max at Slow Process Corner
  Data Path Delay:        0.077ns  (logic 0.077ns (100.000%)  route 0.000ns (0.000%))
  Logic Levels:           0  
  Clock Uncertainty:      0.025ns  ((TSJ^2 + TIJ^2)^1/2 + DJ) / 2 + PE
    Total System Jitter     (TSJ):    0.050ns
    Total Input Jitter      (TIJ):    0.000ns
    Discrete Jitter          (DJ):    0.000ns
    Phase Error              (PE):    0.000ns

    Location             Delay type                Incr(ns)  Path(ns)    Netlist Resource(s)
  -------------------------------------------------------------------    -------------------
                         (clock accelerator_clk rise edge)
                                                      0.000     0.000 r  
                                                      0.000     0.000 r  aclk (IN)
                         net (fo=3054, unset)         0.030     0.030    u_event/aclk
                         FDRE                                         r  u_event/m_axis_tdata_reg[18]/C
  -------------------------------------------------------------------    -------------------
                         FDRE (Prop_FDRE_C_Q)         0.077     0.107 r  u_event/m_axis_tdata_reg[18]/Q
                         net (fo=0)                   0.000     0.107    m_axis_tdata[18]
                                                                      r  m_axis_tdata[18] (OUT)
  -------------------------------------------------------------------    -------------------

Slack:                    inf
  Source:                 u_event/m_axis_tdata_reg[19]/C
                            (rising edge-triggered cell FDRE clocked by accelerator_clk  {rise@0.000ns fall@3.333ns period=6.667ns})
  Destination:            m_axis_tdata[19]
                            (output port)
  Path Group:             (none)
  Path Type:              Max at Slow Process Corner
  Data Path Delay:        0.077ns  (logic 0.077ns (100.000%)  route 0.000ns (0.000%))
  Logic Levels:           0  
  Clock Uncertainty:      0.025ns  ((TSJ^2 + TIJ^2)^1/2 + DJ) / 2 + PE
    Total System Jitter     (TSJ):    0.050ns
    Total Input Jitter      (TIJ):    0.000ns
    Discrete Jitter          (DJ):    0.000ns
    Phase Error              (PE):    0.000ns

    Location             Delay type                Incr(ns)  Path(ns)    Netlist Resource(s)
  -------------------------------------------------------------------    -------------------
                         (clock accelerator_clk rise edge)
                                                      0.000     0.000 r  
                                                      0.000     0.000 r  aclk (IN)
                         net (fo=3054, unset)         0.030     0.030    u_event/aclk
                         FDRE                                         r  u_event/m_axis_tdata_reg[19]/C
  -------------------------------------------------------------------    -------------------
                         FDRE (Prop_FDRE_C_Q)         0.077     0.107 r  u_event/m_axis_tdata_reg[19]/Q
                         net (fo=0)                   0.000     0.107    m_axis_tdata[19]
                                                                      r  m_axis_tdata[19] (OUT)
  -------------------------------------------------------------------    -------------------

Slack:                    inf
  Source:                 u_event/m_axis_tdata_reg[1]/C
                            (rising edge-triggered cell FDRE clocked by accelerator_clk  {rise@0.000ns fall@3.333ns period=6.667ns})
  Destination:            m_axis_tdata[1]
                            (output port)
  Path Group:             (none)
  Path Type:              Max at Slow Process Corner
  Data Path Delay:        0.077ns  (logic 0.077ns (100.000%)  route 0.000ns (0.000%))
  Logic Levels:           0  
  Clock Uncertainty:      0.025ns  ((TSJ^2 + TIJ^2)^1/2 + DJ) / 2 + PE
    Total System Jitter     (TSJ):    0.050ns
    Total Input Jitter      (TIJ):    0.000ns
    Discrete Jitter          (DJ):    0.000ns
    Phase Error              (PE):    0.000ns

    Location             Delay type                Incr(ns)  Path(ns)    Netlist Resource(s)
  -------------------------------------------------------------------    -------------------
                         (clock accelerator_clk rise edge)
                                                      0.000     0.000 r  
                                                      0.000     0.000 r  aclk (IN)
                         net (fo=3054, unset)         0.030     0.030    u_event/aclk
                         FDRE                                         r  u_event/m_axis_tdata_reg[1]/C
  -------------------------------------------------------------------    -------------------
                         FDRE (Prop_FDRE_C_Q)         0.077     0.107 r  u_event/m_axis_tdata_reg[1]/Q
                         net (fo=0)                   0.000     0.107    m_axis_tdata[1]
                                                                      r  m_axis_tdata[1] (OUT)
  -------------------------------------------------------------------    -------------------

Slack:                    inf
  Source:                 u_event/m_axis_tdata_reg[20]/C
                            (rising edge-triggered cell FDRE clocked by accelerator_clk  {rise@0.000ns fall@3.333ns period=6.667ns})
  Destination:            m_axis_tdata[20]
                            (output port)
  Path Group:             (none)
  Path Type:              Max at Slow Process Corner
  Data Path Delay:        0.077ns  (logic 0.077ns (100.000%)  route 0.000ns (0.000%))
  Logic Levels:           0  
  Clock Uncertainty:      0.025ns  ((TSJ^2 + TIJ^2)^1/2 + DJ) / 2 + PE
    Total System Jitter     (TSJ):    0.050ns
    Total Input Jitter      (TIJ):    0.000ns
    Discrete Jitter          (DJ):    0.000ns
    Phase Error              (PE):    0.000ns

    Location             Delay type                Incr(ns)  Path(ns)    Netlist Resource(s)
  -------------------------------------------------------------------    -------------------
                         (clock accelerator_clk rise edge)
                                                      0.000     0.000 r  
                                                      0.000     0.000 r  aclk (IN)
                         net (fo=3054, unset)         0.030     0.030    u_event/aclk
                         FDRE                                         r  u_event/m_axis_tdata_reg[20]/C
  -------------------------------------------------------------------    -------------------
                         FDRE (Prop_FDRE_C_Q)         0.077     0.107 r  u_event/m_axis_tdata_reg[20]/Q
                         net (fo=0)                   0.000     0.107    m_axis_tdata[20]
                                                                      r  m_axis_tdata[20] (OUT)
  -------------------------------------------------------------------    -------------------

Slack:                    inf
  Source:                 u_event/m_axis_tdata_reg[21]/C
                            (rising edge-triggered cell FDRE clocked by accelerator_clk  {rise@0.000ns fall@3.333ns period=6.667ns})
  Destination:            m_axis_tdata[21]
                            (output port)
  Path Group:             (none)
  Path Type:              Max at Slow Process Corner
  Data Path Delay:        0.077ns  (logic 0.077ns (100.000%)  route 0.000ns (0.000%))
  Logic Levels:           0  
  Clock Uncertainty:      0.025ns  ((TSJ^2 + TIJ^2)^1/2 + DJ) / 2 + PE
    Total System Jitter     (TSJ):    0.050ns
    Total Input Jitter      (TIJ):    0.000ns
    Discrete Jitter          (DJ):    0.000ns
    Phase Error              (PE):    0.000ns

    Location             Delay type                Incr(ns)  Path(ns)    Netlist Resource(s)
  -------------------------------------------------------------------    -------------------
                         (clock accelerator_clk rise edge)
                                                      0.000     0.000 r  
                                                      0.000     0.000 r  aclk (IN)
                         net (fo=3054, unset)         0.030     0.030    u_event/aclk
                         FDRE                                         r  u_event/m_axis_tdata_reg[21]/C
  -------------------------------------------------------------------    -------------------
                         FDRE (Prop_FDRE_C_Q)         0.077     0.107 r  u_event/m_axis_tdata_reg[21]/Q
                         net (fo=0)                   0.000     0.107    m_axis_tdata[21]
                                                                      r  m_axis_tdata[21] (OUT)
  -------------------------------------------------------------------    -------------------

Slack:                    inf
  Source:                 u_event/m_axis_tdata_reg[22]/C
                            (rising edge-triggered cell FDRE clocked by accelerator_clk  {rise@0.000ns fall@3.333ns period=6.667ns})
  Destination:            m_axis_tdata[22]
                            (output port)
  Path Group:             (none)
  Path Type:              Max at Slow Process Corner
  Data Path Delay:        0.077ns  (logic 0.077ns (100.000%)  route 0.000ns (0.000%))
  Logic Levels:           0  
  Clock Uncertainty:      0.025ns  ((TSJ^2 + TIJ^2)^1/2 + DJ) / 2 + PE
    Total System Jitter     (TSJ):    0.050ns
    Total Input Jitter      (TIJ):    0.000ns
    Discrete Jitter          (DJ):    0.000ns
    Phase Error              (PE):    0.000ns

    Location             Delay type                Incr(ns)  Path(ns)    Netlist Resource(s)
  -------------------------------------------------------------------    -------------------
                         (clock accelerator_clk rise edge)
                                                      0.000     0.000 r  
                                                      0.000     0.000 r  aclk (IN)
                         net (fo=3054, unset)         0.030     0.030    u_event/aclk
                         FDRE                                         r  u_event/m_axis_tdata_reg[22]/C
  -------------------------------------------------------------------    -------------------
                         FDRE (Prop_FDRE_C_Q)         0.077     0.107 r  u_event/m_axis_tdata_reg[22]/Q
                         net (fo=0)                   0.000     0.107    m_axis_tdata[22]
                                                                      r  m_axis_tdata[22] (OUT)
  -------------------------------------------------------------------    -------------------

Slack:                    inf
  Source:                 u_event/m_axis_tdata_reg[23]/C
                            (rising edge-triggered cell FDRE clocked by accelerator_clk  {rise@0.000ns fall@3.333ns period=6.667ns})
  Destination:            m_axis_tdata[23]
                            (output port)
  Path Group:             (none)
  Path Type:              Max at Slow Process Corner
  Data Path Delay:        0.077ns  (logic 0.077ns (100.000%)  route 0.000ns (0.000%))
  Logic Levels:           0  
  Clock Uncertainty:      0.025ns  ((TSJ^2 + TIJ^2)^1/2 + DJ) / 2 + PE
    Total System Jitter     (TSJ):    0.050ns
    Total Input Jitter      (TIJ):    0.000ns
    Discrete Jitter          (DJ):    0.000ns
    Phase Error              (PE):    0.000ns

    Location             Delay type                Incr(ns)  Path(ns)    Netlist Resource(s)
  -------------------------------------------------------------------    -------------------
                         (clock accelerator_clk rise edge)
                                                      0.000     0.000 r  
                                                      0.000     0.000 r  aclk (IN)
                         net (fo=3054, unset)         0.030     0.030    u_event/aclk
                         FDRE                                         r  u_event/m_axis_tdata_reg[23]/C
  -------------------------------------------------------------------    -------------------
                         FDRE (Prop_FDRE_C_Q)         0.077     0.107 r  u_event/m_axis_tdata_reg[23]/Q
                         net (fo=0)                   0.000     0.107    m_axis_tdata[23]
                                                                      r  m_axis_tdata[23] (OUT)
  -------------------------------------------------------------------    -------------------

Slack:                    inf
  Source:                 u_event/m_axis_tdata_reg[24]/C
                            (rising edge-triggered cell FDRE clocked by accelerator_clk  {rise@0.000ns fall@3.333ns period=6.667ns})
  Destination:            m_axis_tdata[24]
                            (output port)
  Path Group:             (none)
  Path Type:              Max at Slow Process Corner
  Data Path Delay:        0.077ns  (logic 0.077ns (100.000%)  route 0.000ns (0.000%))
  Logic Levels:           0  
  Clock Uncertainty:      0.025ns  ((TSJ^2 + TIJ^2)^1/2 + DJ) / 2 + PE
    Total System Jitter     (TSJ):    0.050ns
    Total Input Jitter      (TIJ):    0.000ns
    Discrete Jitter          (DJ):    0.000ns
    Phase Error              (PE):    0.000ns

    Location             Delay type                Incr(ns)  Path(ns)    Netlist Resource(s)
  -------------------------------------------------------------------    -------------------
                         (clock accelerator_clk rise edge)
                                                      0.000     0.000 r  
                                                      0.000     0.000 r  aclk (IN)
                         net (fo=3054, unset)         0.030     0.030    u_event/aclk
                         FDRE                                         r  u_event/m_axis_tdata_reg[24]/C
  -------------------------------------------------------------------    -------------------
                         FDRE (Prop_FDRE_C_Q)         0.077     0.107 r  u_event/m_axis_tdata_reg[24]/Q
                         net (fo=0)                   0.000     0.107    m_axis_tdata[24]
                                                                      r  m_axis_tdata[24] (OUT)
  -------------------------------------------------------------------    -------------------

Slack:                    inf
  Source:                 u_event/m_axis_tdata_reg[25]/C
                            (rising edge-triggered cell FDRE clocked by accelerator_clk  {rise@0.000ns fall@3.333ns period=6.667ns})
  Destination:            m_axis_tdata[25]
                            (output port)
  Path Group:             (none)
  Path Type:              Max at Slow Process Corner
  Data Path Delay:        0.077ns  (logic 0.077ns (100.000%)  route 0.000ns (0.000%))
  Logic Levels:           0  
  Clock Uncertainty:      0.025ns  ((TSJ^2 + TIJ^2)^1/2 + DJ) / 2 + PE
    Total System Jitter     (TSJ):    0.050ns
    Total Input Jitter      (TIJ):    0.000ns
    Discrete Jitter          (DJ):    0.000ns
    Phase Error              (PE):    0.000ns

    Location             Delay type                Incr(ns)  Path(ns)    Netlist Resource(s)
  -------------------------------------------------------------------    -------------------
                         (clock accelerator_clk rise edge)
                                                      0.000     0.000 r  
                                                      0.000     0.000 r  aclk (IN)
                         net (fo=3054, unset)         0.030     0.030    u_event/aclk
                         FDRE                                         r  u_event/m_axis_tdata_reg[25]/C
  -------------------------------------------------------------------    -------------------
                         FDRE (Prop_FDRE_C_Q)         0.077     0.107 r  u_event/m_axis_tdata_reg[25]/Q
                         net (fo=0)                   0.000     0.107    m_axis_tdata[25]
                                                                      r  m_axis_tdata[25] (OUT)
  -------------------------------------------------------------------    -------------------

Slack:                    inf
  Source:                 u_event/m_axis_tdata_reg[26]/C
                            (rising edge-triggered cell FDRE clocked by accelerator_clk  {rise@0.000ns fall@3.333ns period=6.667ns})
  Destination:            m_axis_tdata[26]
                            (output port)
  Path Group:             (none)
  Path Type:              Max at Slow Process Corner
  Data Path Delay:        0.077ns  (logic 0.077ns (100.000%)  route 0.000ns (0.000%))
  Logic Levels:           0  
  Clock Uncertainty:      0.025ns  ((TSJ^2 + TIJ^2)^1/2 + DJ) / 2 + PE
    Total System Jitter     (TSJ):    0.050ns
    Total Input Jitter      (TIJ):    0.000ns
    Discrete Jitter          (DJ):    0.000ns
    Phase Error              (PE):    0.000ns

    Location             Delay type                Incr(ns)  Path(ns)    Netlist Resource(s)
  -------------------------------------------------------------------    -------------------
                         (clock accelerator_clk rise edge)
                                                      0.000     0.000 r  
                                                      0.000     0.000 r  aclk (IN)
                         net (fo=3054, unset)         0.030     0.030    u_event/aclk
                         FDRE                                         r  u_event/m_axis_tdata_reg[26]/C
  -------------------------------------------------------------------    -------------------
                         FDRE (Prop_FDRE_C_Q)         0.077     0.107 r  u_event/m_axis_tdata_reg[26]/Q
                         net (fo=0)                   0.000     0.107    m_axis_tdata[26]
                                                                      r  m_axis_tdata[26] (OUT)
  -------------------------------------------------------------------    -------------------

Slack:                    inf
  Source:                 u_event/m_axis_tdata_reg[27]/C
                            (rising edge-triggered cell FDRE clocked by accelerator_clk  {rise@0.000ns fall@3.333ns period=6.667ns})
  Destination:            m_axis_tdata[27]
                            (output port)
  Path Group:             (none)
  Path Type:              Max at Slow Process Corner
  Data Path Delay:        0.077ns  (logic 0.077ns (100.000%)  route 0.000ns (0.000%))
  Logic Levels:           0  
  Clock Uncertainty:      0.025ns  ((TSJ^2 + TIJ^2)^1/2 + DJ) / 2 + PE
    Total System Jitter     (TSJ):    0.050ns
    Total Input Jitter      (TIJ):    0.000ns
    Discrete Jitter          (DJ):    0.000ns
    Phase Error              (PE):    0.000ns

    Location             Delay type                Incr(ns)  Path(ns)    Netlist Resource(s)
  -------------------------------------------------------------------    -------------------
                         (clock accelerator_clk rise edge)
                                                      0.000     0.000 r  
                                                      0.000     0.000 r  aclk (IN)
                         net (fo=3054, unset)         0.030     0.030    u_event/aclk
                         FDRE                                         r  u_event/m_axis_tdata_reg[27]/C
  -------------------------------------------------------------------    -------------------
                         FDRE (Prop_FDRE_C_Q)         0.077     0.107 r  u_event/m_axis_tdata_reg[27]/Q
                         net (fo=0)                   0.000     0.107    m_axis_tdata[27]
                                                                      r  m_axis_tdata[27] (OUT)
  -------------------------------------------------------------------    -------------------

Slack:                    inf
  Source:                 u_event/m_axis_tdata_reg[28]/C
                            (rising edge-triggered cell FDRE clocked by accelerator_clk  {rise@0.000ns fall@3.333ns period=6.667ns})
  Destination:            m_axis_tdata[28]
                            (output port)
  Path Group:             (none)
  Path Type:              Max at Slow Process Corner
  Data Path Delay:        0.077ns  (logic 0.077ns (100.000%)  route 0.000ns (0.000%))
  Logic Levels:           0  
  Clock Uncertainty:      0.025ns  ((TSJ^2 + TIJ^2)^1/2 + DJ) / 2 + PE
    Total System Jitter     (TSJ):    0.050ns
    Total Input Jitter      (TIJ):    0.000ns
    Discrete Jitter          (DJ):    0.000ns
    Phase Error              (PE):    0.000ns

    Location             Delay type                Incr(ns)  Path(ns)    Netlist Resource(s)
  -------------------------------------------------------------------    -------------------
                         (clock accelerator_clk rise edge)
                                                      0.000     0.000 r  
                                                      0.000     0.000 r  aclk (IN)
                         net (fo=3054, unset)         0.030     0.030    u_event/aclk
                         FDRE                                         r  u_event/m_axis_tdata_reg[28]/C
  -------------------------------------------------------------------    -------------------
                         FDRE (Prop_FDRE_C_Q)         0.077     0.107 r  u_event/m_axis_tdata_reg[28]/Q
                         net (fo=0)                   0.000     0.107    m_axis_tdata[28]
                                                                      r  m_axis_tdata[28] (OUT)
  -------------------------------------------------------------------    -------------------

Slack:                    inf
  Source:                 u_event/m_axis_tdata_reg[29]/C
                            (rising edge-triggered cell FDRE clocked by accelerator_clk  {rise@0.000ns fall@3.333ns period=6.667ns})
  Destination:            m_axis_tdata[29]
                            (output port)
  Path Group:             (none)
  Path Type:              Max at Slow Process Corner
  Data Path Delay:        0.077ns  (logic 0.077ns (100.000%)  route 0.000ns (0.000%))
  Logic Levels:           0  
  Clock Uncertainty:      0.025ns  ((TSJ^2 + TIJ^2)^1/2 + DJ) / 2 + PE
    Total System Jitter     (TSJ):    0.050ns
    Total Input Jitter      (TIJ):    0.000ns
    Discrete Jitter          (DJ):    0.000ns
    Phase Error              (PE):    0.000ns

    Location             Delay type                Incr(ns)  Path(ns)    Netlist Resource(s)
  -------------------------------------------------------------------    -------------------
                         (clock accelerator_clk rise edge)
                                                      0.000     0.000 r  
                                                      0.000     0.000 r  aclk (IN)
                         net (fo=3054, unset)         0.030     0.030    u_event/aclk
                         FDRE                                         r  u_event/m_axis_tdata_reg[29]/C
  -------------------------------------------------------------------    -------------------
                         FDRE (Prop_FDRE_C_Q)         0.077     0.107 r  u_event/m_axis_tdata_reg[29]/Q
                         net (fo=0)                   0.000     0.107    m_axis_tdata[29]
                                                                      r  m_axis_tdata[29] (OUT)
  -------------------------------------------------------------------    -------------------

Slack:                    inf
  Source:                 u_event/m_axis_tdata_reg[2]/C
                            (rising edge-triggered cell FDRE clocked by accelerator_clk  {rise@0.000ns fall@3.333ns period=6.667ns})
  Destination:            m_axis_tdata[2]
                            (output port)
  Path Group:             (none)
  Path Type:              Max at Slow Process Corner
  Data Path Delay:        0.077ns  (logic 0.077ns (100.000%)  route 0.000ns (0.000%))
  Logic Levels:           0  
  Clock Uncertainty:      0.025ns  ((TSJ^2 + TIJ^2)^1/2 + DJ) / 2 + PE
    Total System Jitter     (TSJ):    0.050ns
    Total Input Jitter      (TIJ):    0.000ns
    Discrete Jitter          (DJ):    0.000ns
    Phase Error              (PE):    0.000ns

    Location             Delay type                Incr(ns)  Path(ns)    Netlist Resource(s)
  -------------------------------------------------------------------    -------------------
                         (clock accelerator_clk rise edge)
                                                      0.000     0.000 r  
                                                      0.000     0.000 r  aclk (IN)
                         net (fo=3054, unset)         0.030     0.030    u_event/aclk
                         FDRE                                         r  u_event/m_axis_tdata_reg[2]/C
  -------------------------------------------------------------------    -------------------
                         FDRE (Prop_FDRE_C_Q)         0.077     0.107 r  u_event/m_axis_tdata_reg[2]/Q
                         net (fo=0)                   0.000     0.107    m_axis_tdata[2]
                                                                      r  m_axis_tdata[2] (OUT)
  -------------------------------------------------------------------    -------------------

Slack:                    inf
  Source:                 u_event/m_axis_tdata_reg[30]/C
                            (rising edge-triggered cell FDRE clocked by accelerator_clk  {rise@0.000ns fall@3.333ns period=6.667ns})
  Destination:            m_axis_tdata[30]
                            (output port)
  Path Group:             (none)
  Path Type:              Max at Slow Process Corner
  Data Path Delay:        0.077ns  (logic 0.077ns (100.000%)  route 0.000ns (0.000%))
  Logic Levels:           0  
  Clock Uncertainty:      0.025ns  ((TSJ^2 + TIJ^2)^1/2 + DJ) / 2 + PE
    Total System Jitter     (TSJ):    0.050ns
    Total Input Jitter      (TIJ):    0.000ns
    Discrete Jitter          (DJ):    0.000ns
    Phase Error              (PE):    0.000ns

    Location             Delay type                Incr(ns)  Path(ns)    Netlist Resource(s)
  -------------------------------------------------------------------    -------------------
                         (clock accelerator_clk rise edge)
                                                      0.000     0.000 r  
                                                      0.000     0.000 r  aclk (IN)
                         net (fo=3054, unset)         0.030     0.030    u_event/aclk
                         FDRE                                         r  u_event/m_axis_tdata_reg[30]/C
  -------------------------------------------------------------------    -------------------
                         FDRE (Prop_FDRE_C_Q)         0.077     0.107 r  u_event/m_axis_tdata_reg[30]/Q
                         net (fo=0)                   0.000     0.107    m_axis_tdata[30]
                                                                      r  m_axis_tdata[30] (OUT)
  -------------------------------------------------------------------    -------------------

Slack:                    inf
  Source:                 u_event/m_axis_tdata_reg[31]/C
                            (rising edge-triggered cell FDRE clocked by accelerator_clk  {rise@0.000ns fall@3.333ns period=6.667ns})
  Destination:            m_axis_tdata[31]
                            (output port)
  Path Group:             (none)
  Path Type:              Max at Slow Process Corner
  Data Path Delay:        0.077ns  (logic 0.077ns (100.000%)  route 0.000ns (0.000%))
  Logic Levels:           0  
  Clock Uncertainty:      0.025ns  ((TSJ^2 + TIJ^2)^1/2 + DJ) / 2 + PE
    Total System Jitter     (TSJ):    0.050ns
    Total Input Jitter      (TIJ):    0.000ns
    Discrete Jitter          (DJ):    0.000ns
    Phase Error              (PE):    0.000ns

    Location             Delay type                Incr(ns)  Path(ns)    Netlist Resource(s)
  -------------------------------------------------------------------    -------------------
                         (clock accelerator_clk rise edge)
                                                      0.000     0.000 r  
                                                      0.000     0.000 r  aclk (IN)
                         net (fo=3054, unset)         0.030     0.030    u_event/aclk
                         FDRE                                         r  u_event/m_axis_tdata_reg[31]/C
  -------------------------------------------------------------------    -------------------
                         FDRE (Prop_FDRE_C_Q)         0.077     0.107 r  u_event/m_axis_tdata_reg[31]/Q
                         net (fo=0)                   0.000     0.107    m_axis_tdata[31]
                                                                      r  m_axis_tdata[31] (OUT)
  -------------------------------------------------------------------    -------------------

Slack:                    inf
  Source:                 u_event/m_axis_tdata_reg[32]/C
                            (rising edge-triggered cell FDRE clocked by accelerator_clk  {rise@0.000ns fall@3.333ns period=6.667ns})
  Destination:            m_axis_tdata[32]
                            (output port)
  Path Group:             (none)
  Path Type:              Max at Slow Process Corner
  Data Path Delay:        0.077ns  (logic 0.077ns (100.000%)  route 0.000ns (0.000%))
  Logic Levels:           0  
  Clock Uncertainty:      0.025ns  ((TSJ^2 + TIJ^2)^1/2 + DJ) / 2 + PE
    Total System Jitter     (TSJ):    0.050ns
    Total Input Jitter      (TIJ):    0.000ns
    Discrete Jitter          (DJ):    0.000ns
    Phase Error              (PE):    0.000ns

    Location             Delay type                Incr(ns)  Path(ns)    Netlist Resource(s)
  -------------------------------------------------------------------    -------------------
                         (clock accelerator_clk rise edge)
                                                      0.000     0.000 r  
                                                      0.000     0.000 r  aclk (IN)
                         net (fo=3054, unset)         0.030     0.030    u_event/aclk
                         FDRE                                         r  u_event/m_axis_tdata_reg[32]/C
  -------------------------------------------------------------------    -------------------
                         FDRE (Prop_FDRE_C_Q)         0.077     0.107 r  u_event/m_axis_tdata_reg[32]/Q
                         net (fo=0)                   0.000     0.107    m_axis_tdata[32]
                                                                      r  m_axis_tdata[32] (OUT)
  -------------------------------------------------------------------    -------------------

Slack:                    inf
  Source:                 u_event/m_axis_tdata_reg[33]/C
                            (rising edge-triggered cell FDRE clocked by accelerator_clk  {rise@0.000ns fall@3.333ns period=6.667ns})
  Destination:            m_axis_tdata[33]
                            (output port)
  Path Group:             (none)
  Path Type:              Max at Slow Process Corner
  Data Path Delay:        0.077ns  (logic 0.077ns (100.000%)  route 0.000ns (0.000%))
  Logic Levels:           0  
  Clock Uncertainty:      0.025ns  ((TSJ^2 + TIJ^2)^1/2 + DJ) / 2 + PE
    Total System Jitter     (TSJ):    0.050ns
    Total Input Jitter      (TIJ):    0.000ns
    Discrete Jitter          (DJ):    0.000ns
    Phase Error              (PE):    0.000ns

    Location             Delay type                Incr(ns)  Path(ns)    Netlist Resource(s)
  -------------------------------------------------------------------    -------------------
                         (clock accelerator_clk rise edge)
                                                      0.000     0.000 r  
                                                      0.000     0.000 r  aclk (IN)
                         net (fo=3054, unset)         0.030     0.030    u_event/aclk
                         FDRE                                         r  u_event/m_axis_tdata_reg[33]/C
  -------------------------------------------------------------------    -------------------
                         FDRE (Prop_FDRE_C_Q)         0.077     0.107 r  u_event/m_axis_tdata_reg[33]/Q
                         net (fo=0)                   0.000     0.107    m_axis_tdata[33]
                                                                      r  m_axis_tdata[33] (OUT)
  -------------------------------------------------------------------    -------------------

Slack:                    inf
  Source:                 u_event/m_axis_tdata_reg[34]/C
                            (rising edge-triggered cell FDRE clocked by accelerator_clk  {rise@0.000ns fall@3.333ns period=6.667ns})
  Destination:            m_axis_tdata[34]
                            (output port)
  Path Group:             (none)
  Path Type:              Max at Slow Process Corner
  Data Path Delay:        0.077ns  (logic 0.077ns (100.000%)  route 0.000ns (0.000%))
  Logic Levels:           0  
  Clock Uncertainty:      0.025ns  ((TSJ^2 + TIJ^2)^1/2 + DJ) / 2 + PE
    Total System Jitter     (TSJ):    0.050ns
    Total Input Jitter      (TIJ):    0.000ns
    Discrete Jitter          (DJ):    0.000ns
    Phase Error              (PE):    0.000ns

    Location             Delay type                Incr(ns)  Path(ns)    Netlist Resource(s)
  -------------------------------------------------------------------    -------------------
                         (clock accelerator_clk rise edge)
                                                      0.000     0.000 r  
                                                      0.000     0.000 r  aclk (IN)
                         net (fo=3054, unset)         0.030     0.030    u_event/aclk
                         FDRE                                         r  u_event/m_axis_tdata_reg[34]/C
  -------------------------------------------------------------------    -------------------
                         FDRE (Prop_FDRE_C_Q)         0.077     0.107 r  u_event/m_axis_tdata_reg[34]/Q
                         net (fo=0)                   0.000     0.107    m_axis_tdata[34]
                                                                      r  m_axis_tdata[34] (OUT)
  -------------------------------------------------------------------    -------------------

Slack:                    inf
  Source:                 u_event/m_axis_tdata_reg[35]/C
                            (rising edge-triggered cell FDRE clocked by accelerator_clk  {rise@0.000ns fall@3.333ns period=6.667ns})
  Destination:            m_axis_tdata[35]
                            (output port)
  Path Group:             (none)
  Path Type:              Max at Slow Process Corner
  Data Path Delay:        0.077ns  (logic 0.077ns (100.000%)  route 0.000ns (0.000%))
  Logic Levels:           0  
  Clock Uncertainty:      0.025ns  ((TSJ^2 + TIJ^2)^1/2 + DJ) / 2 + PE
    Total System Jitter     (TSJ):    0.050ns
    Total Input Jitter      (TIJ):    0.000ns
    Discrete Jitter          (DJ):    0.000ns
    Phase Error              (PE):    0.000ns

    Location             Delay type                Incr(ns)  Path(ns)    Netlist Resource(s)
  -------------------------------------------------------------------    -------------------
                         (clock accelerator_clk rise edge)
                                                      0.000     0.000 r  
                                                      0.000     0.000 r  aclk (IN)
                         net (fo=3054, unset)         0.030     0.030    u_event/aclk
                         FDRE                                         r  u_event/m_axis_tdata_reg[35]/C
  -------------------------------------------------------------------    -------------------
                         FDRE (Prop_FDRE_C_Q)         0.077     0.107 r  u_event/m_axis_tdata_reg[35]/Q
                         net (fo=0)                   0.000     0.107    m_axis_tdata[35]
                                                                      r  m_axis_tdata[35] (OUT)
  -------------------------------------------------------------------    -------------------





Min Delay Paths
--------------------------------------------------------------------------------------
Slack:                    inf
  Source:                 u_event/m_axis_tdata_reg[0]/C
                            (rising edge-triggered cell FDRE clocked by accelerator_clk  {rise@0.000ns fall@3.333ns period=6.667ns})
  Destination:            m_axis_tdata[0]
                            (output port)
  Path Group:             (none)
  Path Type:              Min at Fast Process Corner
  Data Path Delay:        0.038ns  (logic 0.038ns (100.000%)  route 0.000ns (0.000%))
  Logic Levels:           0  
  Clock Uncertainty:      0.025ns  ((TSJ^2 + TIJ^2)^1/2 + DJ) / 2 + PE
    Total System Jitter     (TSJ):    0.050ns
    Total Input Jitter      (TIJ):    0.000ns
    Discrete Jitter          (DJ):    0.000ns
    Phase Error              (PE):    0.000ns

    Location             Delay type                Incr(ns)  Path(ns)    Netlist Resource(s)
  -------------------------------------------------------------------    -------------------
                         (clock accelerator_clk rise edge)
                                                      0.000     0.000 r  
                                                      0.000     0.000 r  aclk (IN)
                         net (fo=3054, unset)         0.013     0.013    u_event/aclk
                         FDRE                                         r  u_event/m_axis_tdata_reg[0]/C
  -------------------------------------------------------------------    -------------------
                         FDRE (Prop_FDRE_C_Q)         0.038     0.051 r  u_event/m_axis_tdata_reg[0]/Q
                         net (fo=0)                   0.000     0.051    m_axis_tdata[0]
                                                                      r  m_axis_tdata[0] (OUT)
  -------------------------------------------------------------------    -------------------

Slack:                    inf
  Source:                 u_event/m_axis_tdata_reg[10]/C
                            (rising edge-triggered cell FDRE clocked by accelerator_clk  {rise@0.000ns fall@3.333ns period=6.667ns})
  Destination:            m_axis_tdata[10]
                            (output port)
  Path Group:             (none)
  Path Type:              Min at Fast Process Corner
  Data Path Delay:        0.038ns  (logic 0.038ns (100.000%)  route 0.000ns (0.000%))
  Logic Levels:           0  
  Clock Uncertainty:      0.025ns  ((TSJ^2 + TIJ^2)^1/2 + DJ) / 2 + PE
    Total System Jitter     (TSJ):    0.050ns
    Total Input Jitter      (TIJ):    0.000ns
    Discrete Jitter          (DJ):    0.000ns
    Phase Error              (PE):    0.000ns

    Location             Delay type                Incr(ns)  Path(ns)    Netlist Resource(s)
  -------------------------------------------------------------------    -------------------
                         (clock accelerator_clk rise edge)
                                                      0.000     0.000 r  
                                                      0.000     0.000 r  aclk (IN)
                         net (fo=3054, unset)         0.013     0.013    u_event/aclk
                         FDRE                                         r  u_event/m_axis_tdata_reg[10]/C
  -------------------------------------------------------------------    -------------------
                         FDRE (Prop_FDRE_C_Q)         0.038     0.051 r  u_event/m_axis_tdata_reg[10]/Q
                         net (fo=0)                   0.000     0.051    m_axis_tdata[10]
                                                                      r  m_axis_tdata[10] (OUT)
  -------------------------------------------------------------------    -------------------

Slack:                    inf
  Source:                 u_event/m_axis_tdata_reg[11]/C
                            (rising edge-triggered cell FDRE clocked by accelerator_clk  {rise@0.000ns fall@3.333ns period=6.667ns})
  Destination:            m_axis_tdata[11]
                            (output port)
  Path Group:             (none)
  Path Type:              Min at Fast Process Corner
  Data Path Delay:        0.038ns  (logic 0.038ns (100.000%)  route 0.000ns (0.000%))
  Logic Levels:           0  
  Clock Uncertainty:      0.025ns  ((TSJ^2 + TIJ^2)^1/2 + DJ) / 2 + PE
    Total System Jitter     (TSJ):    0.050ns
    Total Input Jitter      (TIJ):    0.000ns
    Discrete Jitter          (DJ):    0.000ns
    Phase Error              (PE):    0.000ns

    Location             Delay type                Incr(ns)  Path(ns)    Netlist Resource(s)
  -------------------------------------------------------------------    -------------------
                         (clock accelerator_clk rise edge)
                                                      0.000     0.000 r  
                                                      0.000     0.000 r  aclk (IN)
                         net (fo=3054, unset)         0.013     0.013    u_event/aclk
                         FDRE                                         r  u_event/m_axis_tdata_reg[11]/C
  -------------------------------------------------------------------    -------------------
                         FDRE (Prop_FDRE_C_Q)         0.038     0.051 r  u_event/m_axis_tdata_reg[11]/Q
                         net (fo=0)                   0.000     0.051    m_axis_tdata[11]
                                                                      r  m_axis_tdata[11] (OUT)
  -------------------------------------------------------------------    -------------------

Slack:                    inf
  Source:                 u_event/m_axis_tdata_reg[12]/C
                            (rising edge-triggered cell FDRE clocked by accelerator_clk  {rise@0.000ns fall@3.333ns period=6.667ns})
  Destination:            m_axis_tdata[12]
                            (output port)
  Path Group:             (none)
  Path Type:              Min at Fast Process Corner
  Data Path Delay:        0.038ns  (logic 0.038ns (100.000%)  route 0.000ns (0.000%))
  Logic Levels:           0  
  Clock Uncertainty:      0.025ns  ((TSJ^2 + TIJ^2)^1/2 + DJ) / 2 + PE
    Total System Jitter     (TSJ):    0.050ns
    Total Input Jitter      (TIJ):    0.000ns
    Discrete Jitter          (DJ):    0.000ns
    Phase Error              (PE):    0.000ns

    Location             Delay type                Incr(ns)  Path(ns)    Netlist Resource(s)
  -------------------------------------------------------------------    -------------------
                         (clock accelerator_clk rise edge)
                                                      0.000     0.000 r  
                                                      0.000     0.000 r  aclk (IN)
                         net (fo=3054, unset)         0.013     0.013    u_event/aclk
                         FDRE                                         r  u_event/m_axis_tdata_reg[12]/C
  -------------------------------------------------------------------    -------------------
                         FDRE (Prop_FDRE_C_Q)         0.038     0.051 r  u_event/m_axis_tdata_reg[12]/Q
                         net (fo=0)                   0.000     0.051    m_axis_tdata[12]
                                                                      r  m_axis_tdata[12] (OUT)
  -------------------------------------------------------------------    -------------------

Slack:                    inf
  Source:                 u_event/m_axis_tdata_reg[13]/C
                            (rising edge-triggered cell FDRE clocked by accelerator_clk  {rise@0.000ns fall@3.333ns period=6.667ns})
  Destination:            m_axis_tdata[13]
                            (output port)
  Path Group:             (none)
  Path Type:              Min at Fast Process Corner
  Data Path Delay:        0.038ns  (logic 0.038ns (100.000%)  route 0.000ns (0.000%))
  Logic Levels:           0  
  Clock Uncertainty:      0.025ns  ((TSJ^2 + TIJ^2)^1/2 + DJ) / 2 + PE
    Total System Jitter     (TSJ):    0.050ns
    Total Input Jitter      (TIJ):    0.000ns
    Discrete Jitter          (DJ):    0.000ns
    Phase Error              (PE):    0.000ns

    Location             Delay type                Incr(ns)  Path(ns)    Netlist Resource(s)
  -------------------------------------------------------------------    -------------------
                         (clock accelerator_clk rise edge)
                                                      0.000     0.000 r  
                                                      0.000     0.000 r  aclk (IN)
                         net (fo=3054, unset)         0.013     0.013    u_event/aclk
                         FDRE                                         r  u_event/m_axis_tdata_reg[13]/C
  -------------------------------------------------------------------    -------------------
                         FDRE (Prop_FDRE_C_Q)         0.038     0.051 r  u_event/m_axis_tdata_reg[13]/Q
                         net (fo=0)                   0.000     0.051    m_axis_tdata[13]
                                                                      r  m_axis_tdata[13] (OUT)
  -------------------------------------------------------------------    -------------------

Slack:                    inf
  Source:                 u_event/m_axis_tdata_reg[14]/C
                            (rising edge-triggered cell FDRE clocked by accelerator_clk  {rise@0.000ns fall@3.333ns period=6.667ns})
  Destination:            m_axis_tdata[14]
                            (output port)
  Path Group:             (none)
  Path Type:              Min at Fast Process Corner
  Data Path Delay:        0.038ns  (logic 0.038ns (100.000%)  route 0.000ns (0.000%))
  Logic Levels:           0  
  Clock Uncertainty:      0.025ns  ((TSJ^2 + TIJ^2)^1/2 + DJ) / 2 + PE
    Total System Jitter     (TSJ):    0.050ns
    Total Input Jitter      (TIJ):    0.000ns
    Discrete Jitter          (DJ):    0.000ns
    Phase Error              (PE):    0.000ns

    Location             Delay type                Incr(ns)  Path(ns)    Netlist Resource(s)
  -------------------------------------------------------------------    -------------------
                         (clock accelerator_clk rise edge)
                                                      0.000     0.000 r  
                                                      0.000     0.000 r  aclk (IN)
                         net (fo=3054, unset)         0.013     0.013    u_event/aclk
                         FDRE                                         r  u_event/m_axis_tdata_reg[14]/C
  -------------------------------------------------------------------    -------------------
                         FDRE (Prop_FDRE_C_Q)         0.038     0.051 r  u_event/m_axis_tdata_reg[14]/Q
                         net (fo=0)                   0.000     0.051    m_axis_tdata[14]
                                                                      r  m_axis_tdata[14] (OUT)
  -------------------------------------------------------------------    -------------------

Slack:                    inf
  Source:                 u_event/m_axis_tdata_reg[15]/C
                            (rising edge-triggered cell FDRE clocked by accelerator_clk  {rise@0.000ns fall@3.333ns period=6.667ns})
  Destination:            m_axis_tdata[15]
                            (output port)
  Path Group:             (none)
  Path Type:              Min at Fast Process Corner
  Data Path Delay:        0.038ns  (logic 0.038ns (100.000%)  route 0.000ns (0.000%))
  Logic Levels:           0  
  Clock Uncertainty:      0.025ns  ((TSJ^2 + TIJ^2)^1/2 + DJ) / 2 + PE
    Total System Jitter     (TSJ):    0.050ns
    Total Input Jitter      (TIJ):    0.000ns
    Discrete Jitter          (DJ):    0.000ns
    Phase Error              (PE):    0.000ns

    Location             Delay type                Incr(ns)  Path(ns)    Netlist Resource(s)
  -------------------------------------------------------------------    -------------------
                         (clock accelerator_clk rise edge)
                                                      0.000     0.000 r  
                                                      0.000     0.000 r  aclk (IN)
                         net (fo=3054, unset)         0.013     0.013    u_event/aclk
                         FDRE                                         r  u_event/m_axis_tdata_reg[15]/C
  -------------------------------------------------------------------    -------------------
                         FDRE (Prop_FDRE_C_Q)         0.038     0.051 r  u_event/m_axis_tdata_reg[15]/Q
                         net (fo=0)                   0.000     0.051    m_axis_tdata[15]
                                                                      r  m_axis_tdata[15] (OUT)
  -------------------------------------------------------------------    -------------------

Slack:                    inf
  Source:                 u_event/m_axis_tdata_reg[16]/C
                            (rising edge-triggered cell FDRE clocked by accelerator_clk  {rise@0.000ns fall@3.333ns period=6.667ns})
  Destination:            m_axis_tdata[16]
                            (output port)
  Path Group:             (none)
  Path Type:              Min at Fast Process Corner
  Data Path Delay:        0.038ns  (logic 0.038ns (100.000%)  route 0.000ns (0.000%))
  Logic Levels:           0  
  Clock Uncertainty:      0.025ns  ((TSJ^2 + TIJ^2)^1/2 + DJ) / 2 + PE
    Total System Jitter     (TSJ):    0.050ns
    Total Input Jitter      (TIJ):    0.000ns
    Discrete Jitter          (DJ):    0.000ns
    Phase Error              (PE):    0.000ns

    Location             Delay type                Incr(ns)  Path(ns)    Netlist Resource(s)
  -------------------------------------------------------------------    -------------------
                         (clock accelerator_clk rise edge)
                                                      0.000     0.000 r  
                                                      0.000     0.000 r  aclk (IN)
                         net (fo=3054, unset)         0.013     0.013    u_event/aclk
                         FDRE                                         r  u_event/m_axis_tdata_reg[16]/C
  -------------------------------------------------------------------    -------------------
                         FDRE (Prop_FDRE_C_Q)         0.038     0.051 r  u_event/m_axis_tdata_reg[16]/Q
                         net (fo=0)                   0.000     0.051    m_axis_tdata[16]
                                                                      r  m_axis_tdata[16] (OUT)
  -------------------------------------------------------------------    -------------------

Slack:                    inf
  Source:                 u_event/m_axis_tdata_reg[17]/C
                            (rising edge-triggered cell FDRE clocked by accelerator_clk  {rise@0.000ns fall@3.333ns period=6.667ns})
  Destination:            m_axis_tdata[17]
                            (output port)
  Path Group:             (none)
  Path Type:              Min at Fast Process Corner
  Data Path Delay:        0.038ns  (logic 0.038ns (100.000%)  route 0.000ns (0.000%))
  Logic Levels:           0  
  Clock Uncertainty:      0.025ns  ((TSJ^2 + TIJ^2)^1/2 + DJ) / 2 + PE
    Total System Jitter     (TSJ):    0.050ns
    Total Input Jitter      (TIJ):    0.000ns
    Discrete Jitter          (DJ):    0.000ns
    Phase Error              (PE):    0.000ns

    Location             Delay type                Incr(ns)  Path(ns)    Netlist Resource(s)
  -------------------------------------------------------------------    -------------------
                         (clock accelerator_clk rise edge)
                                                      0.000     0.000 r  
                                                      0.000     0.000 r  aclk (IN)
                         net (fo=3054, unset)         0.013     0.013    u_event/aclk
                         FDRE                                         r  u_event/m_axis_tdata_reg[17]/C
  -------------------------------------------------------------------    -------------------
                         FDRE (Prop_FDRE_C_Q)         0.038     0.051 r  u_event/m_axis_tdata_reg[17]/Q
                         net (fo=0)                   0.000     0.051    m_axis_tdata[17]
                                                                      r  m_axis_tdata[17] (OUT)
  -------------------------------------------------------------------    -------------------

Slack:                    inf
  Source:                 u_event/m_axis_tdata_reg[18]/C
                            (rising edge-triggered cell FDRE clocked by accelerator_clk  {rise@0.000ns fall@3.333ns period=6.667ns})
  Destination:            m_axis_tdata[18]
                            (output port)
  Path Group:             (none)
  Path Type:              Min at Fast Process Corner
  Data Path Delay:        0.038ns  (logic 0.038ns (100.000%)  route 0.000ns (0.000%))
  Logic Levels:           0  
  Clock Uncertainty:      0.025ns  ((TSJ^2 + TIJ^2)^1/2 + DJ) / 2 + PE
    Total System Jitter     (TSJ):    0.050ns
    Total Input Jitter      (TIJ):    0.000ns
    Discrete Jitter          (DJ):    0.000ns
    Phase Error              (PE):    0.000ns

    Location             Delay type                Incr(ns)  Path(ns)    Netlist Resource(s)
  -------------------------------------------------------------------    -------------------
                         (clock accelerator_clk rise edge)
                                                      0.000     0.000 r  
                                                      0.000     0.000 r  aclk (IN)
                         net (fo=3054, unset)         0.013     0.013    u_event/aclk
                         FDRE                                         r  u_event/m_axis_tdata_reg[18]/C
  -------------------------------------------------------------------    -------------------
                         FDRE (Prop_FDRE_C_Q)         0.038     0.051 r  u_event/m_axis_tdata_reg[18]/Q
                         net (fo=0)                   0.000     0.051    m_axis_tdata[18]
                                                                      r  m_axis_tdata[18] (OUT)
  -------------------------------------------------------------------    -------------------

Slack:                    inf
  Source:                 u_event/m_axis_tdata_reg[19]/C
                            (rising edge-triggered cell FDRE clocked by accelerator_clk  {rise@0.000ns fall@3.333ns period=6.667ns})
  Destination:            m_axis_tdata[19]
                            (output port)
  Path Group:             (none)
  Path Type:              Min at Fast Process Corner
  Data Path Delay:        0.038ns  (logic 0.038ns (100.000%)  route 0.000ns (0.000%))
  Logic Levels:           0  
  Clock Uncertainty:      0.025ns  ((TSJ^2 + TIJ^2)^1/2 + DJ) / 2 + PE
    Total System Jitter     (TSJ):    0.050ns
    Total Input Jitter      (TIJ):    0.000ns
    Discrete Jitter          (DJ):    0.000ns
    Phase Error              (PE):    0.000ns

    Location             Delay type                Incr(ns)  Path(ns)    Netlist Resource(s)
  -------------------------------------------------------------------    -------------------
                         (clock accelerator_clk rise edge)
                                                      0.000     0.000 r  
                                                      0.000     0.000 r  aclk (IN)
                         net (fo=3054, unset)         0.013     0.013    u_event/aclk
                         FDRE                                         r  u_event/m_axis_tdata_reg[19]/C
  -------------------------------------------------------------------    -------------------
                         FDRE (Prop_FDRE_C_Q)         0.038     0.051 r  u_event/m_axis_tdata_reg[19]/Q
                         net (fo=0)                   0.000     0.051    m_axis_tdata[19]
                                                                      r  m_axis_tdata[19] (OUT)
  -------------------------------------------------------------------    -------------------

Slack:                    inf
  Source:                 u_event/m_axis_tdata_reg[1]/C
                            (rising edge-triggered cell FDRE clocked by accelerator_clk  {rise@0.000ns fall@3.333ns period=6.667ns})
  Destination:            m_axis_tdata[1]
                            (output port)
  Path Group:             (none)
  Path Type:              Min at Fast Process Corner
  Data Path Delay:        0.038ns  (logic 0.038ns (100.000%)  route 0.000ns (0.000%))
  Logic Levels:           0  
  Clock Uncertainty:      0.025ns  ((TSJ^2 + TIJ^2)^1/2 + DJ) / 2 + PE
    Total System Jitter     (TSJ):    0.050ns
    Total Input Jitter      (TIJ):    0.000ns
    Discrete Jitter          (DJ):    0.000ns
    Phase Error              (PE):    0.000ns

    Location             Delay type                Incr(ns)  Path(ns)    Netlist Resource(s)
  -------------------------------------------------------------------    -------------------
                         (clock accelerator_clk rise edge)
                                                      0.000     0.000 r  
                                                      0.000     0.000 r  aclk (IN)
                         net (fo=3054, unset)         0.013     0.013    u_event/aclk
                         FDRE                                         r  u_event/m_axis_tdata_reg[1]/C
  -------------------------------------------------------------------    -------------------
                         FDRE (Prop_FDRE_C_Q)         0.038     0.051 r  u_event/m_axis_tdata_reg[1]/Q
                         net (fo=0)                   0.000     0.051    m_axis_tdata[1]
                                                                      r  m_axis_tdata[1] (OUT)
  -------------------------------------------------------------------    -------------------

Slack:                    inf
  Source:                 u_event/m_axis_tdata_reg[20]/C
                            (rising edge-triggered cell FDRE clocked by accelerator_clk  {rise@0.000ns fall@3.333ns period=6.667ns})
  Destination:            m_axis_tdata[20]
                            (output port)
  Path Group:             (none)
  Path Type:              Min at Fast Process Corner
  Data Path Delay:        0.038ns  (logic 0.038ns (100.000%)  route 0.000ns (0.000%))
  Logic Levels:           0  
  Clock Uncertainty:      0.025ns  ((TSJ^2 + TIJ^2)^1/2 + DJ) / 2 + PE
    Total System Jitter     (TSJ):    0.050ns
    Total Input Jitter      (TIJ):    0.000ns
    Discrete Jitter          (DJ):    0.000ns
    Phase Error              (PE):    0.000ns

    Location             Delay type                Incr(ns)  Path(ns)    Netlist Resource(s)
  -------------------------------------------------------------------    -------------------
                         (clock accelerator_clk rise edge)
                                                      0.000     0.000 r  
                                                      0.000     0.000 r  aclk (IN)
                         net (fo=3054, unset)         0.013     0.013    u_event/aclk
                         FDRE                                         r  u_event/m_axis_tdata_reg[20]/C
  -------------------------------------------------------------------    -------------------
                         FDRE (Prop_FDRE_C_Q)         0.038     0.051 r  u_event/m_axis_tdata_reg[20]/Q
                         net (fo=0)                   0.000     0.051    m_axis_tdata[20]
                                                                      r  m_axis_tdata[20] (OUT)
  -------------------------------------------------------------------    -------------------

Slack:                    inf
  Source:                 u_event/m_axis_tdata_reg[21]/C
                            (rising edge-triggered cell FDRE clocked by accelerator_clk  {rise@0.000ns fall@3.333ns period=6.667ns})
  Destination:            m_axis_tdata[21]
                            (output port)
  Path Group:             (none)
  Path Type:              Min at Fast Process Corner
  Data Path Delay:        0.038ns  (logic 0.038ns (100.000%)  route 0.000ns (0.000%))
  Logic Levels:           0  
  Clock Uncertainty:      0.025ns  ((TSJ^2 + TIJ^2)^1/2 + DJ) / 2 + PE
    Total System Jitter     (TSJ):    0.050ns
    Total Input Jitter      (TIJ):    0.000ns
    Discrete Jitter          (DJ):    0.000ns
    Phase Error              (PE):    0.000ns

    Location             Delay type                Incr(ns)  Path(ns)    Netlist Resource(s)
  -------------------------------------------------------------------    -------------------
                         (clock accelerator_clk rise edge)
                                                      0.000     0.000 r  
                                                      0.000     0.000 r  aclk (IN)
                         net (fo=3054, unset)         0.013     0.013    u_event/aclk
                         FDRE                                         r  u_event/m_axis_tdata_reg[21]/C
  -------------------------------------------------------------------    -------------------
                         FDRE (Prop_FDRE_C_Q)         0.038     0.051 r  u_event/m_axis_tdata_reg[21]/Q
                         net (fo=0)                   0.000     0.051    m_axis_tdata[21]
                                                                      r  m_axis_tdata[21] (OUT)
  -------------------------------------------------------------------    -------------------

Slack:                    inf
  Source:                 u_event/m_axis_tdata_reg[22]/C
                            (rising edge-triggered cell FDRE clocked by accelerator_clk  {rise@0.000ns fall@3.333ns period=6.667ns})
  Destination:            m_axis_tdata[22]
                            (output port)
  Path Group:             (none)
  Path Type:              Min at Fast Process Corner
  Data Path Delay:        0.038ns  (logic 0.038ns (100.000%)  route 0.000ns (0.000%))
  Logic Levels:           0  
  Clock Uncertainty:      0.025ns  ((TSJ^2 + TIJ^2)^1/2 + DJ) / 2 + PE
    Total System Jitter     (TSJ):    0.050ns
    Total Input Jitter      (TIJ):    0.000ns
    Discrete Jitter          (DJ):    0.000ns
    Phase Error              (PE):    0.000ns

    Location             Delay type                Incr(ns)  Path(ns)    Netlist Resource(s)
  -------------------------------------------------------------------    -------------------
                         (clock accelerator_clk rise edge)
                                                      0.000     0.000 r  
                                                      0.000     0.000 r  aclk (IN)
                         net (fo=3054, unset)         0.013     0.013    u_event/aclk
                         FDRE                                         r  u_event/m_axis_tdata_reg[22]/C
  -------------------------------------------------------------------    -------------------
                         FDRE (Prop_FDRE_C_Q)         0.038     0.051 r  u_event/m_axis_tdata_reg[22]/Q
                         net (fo=0)                   0.000     0.051    m_axis_tdata[22]
                                                                      r  m_axis_tdata[22] (OUT)
  -------------------------------------------------------------------    -------------------

Slack:                    inf
  Source:                 u_event/m_axis_tdata_reg[23]/C
                            (rising edge-triggered cell FDRE clocked by accelerator_clk  {rise@0.000ns fall@3.333ns period=6.667ns})
  Destination:            m_axis_tdata[23]
                            (output port)
  Path Group:             (none)
  Path Type:              Min at Fast Process Corner
  Data Path Delay:        0.038ns  (logic 0.038ns (100.000%)  route 0.000ns (0.000%))
  Logic Levels:           0  
  Clock Uncertainty:      0.025ns  ((TSJ^2 + TIJ^2)^1/2 + DJ) / 2 + PE
    Total System Jitter     (TSJ):    0.050ns
    Total Input Jitter      (TIJ):    0.000ns
    Discrete Jitter          (DJ):    0.000ns
    Phase Error              (PE):    0.000ns

    Location             Delay type                Incr(ns)  Path(ns)    Netlist Resource(s)
  -------------------------------------------------------------------    -------------------
                         (clock accelerator_clk rise edge)
                                                      0.000     0.000 r  
                                                      0.000     0.000 r  aclk (IN)
                         net (fo=3054, unset)         0.013     0.013    u_event/aclk
                         FDRE                                         r  u_event/m_axis_tdata_reg[23]/C
  -------------------------------------------------------------------    -------------------
                         FDRE (Prop_FDRE_C_Q)         0.038     0.051 r  u_event/m_axis_tdata_reg[23]/Q
                         net (fo=0)                   0.000     0.051    m_axis_tdata[23]
                                                                      r  m_axis_tdata[23] (OUT)
  -------------------------------------------------------------------    -------------------

Slack:                    inf
  Source:                 u_event/m_axis_tdata_reg[24]/C
                            (rising edge-triggered cell FDRE clocked by accelerator_clk  {rise@0.000ns fall@3.333ns period=6.667ns})
  Destination:            m_axis_tdata[24]
                            (output port)
  Path Group:             (none)
  Path Type:              Min at Fast Process Corner
  Data Path Delay:        0.038ns  (logic 0.038ns (100.000%)  route 0.000ns (0.000%))
  Logic Levels:           0  
  Clock Uncertainty:      0.025ns  ((TSJ^2 + TIJ^2)^1/2 + DJ) / 2 + PE
    Total System Jitter     (TSJ):    0.050ns
    Total Input Jitter      (TIJ):    0.000ns
    Discrete Jitter          (DJ):    0.000ns
    Phase Error              (PE):    0.000ns

    Location             Delay type                Incr(ns)  Path(ns)    Netlist Resource(s)
  -------------------------------------------------------------------    -------------------
                         (clock accelerator_clk rise edge)
                                                      0.000     0.000 r  
                                                      0.000     0.000 r  aclk (IN)
                         net (fo=3054, unset)         0.013     0.013    u_event/aclk
                         FDRE                                         r  u_event/m_axis_tdata_reg[24]/C
  -------------------------------------------------------------------    -------------------
                         FDRE (Prop_FDRE_C_Q)         0.038     0.051 r  u_event/m_axis_tdata_reg[24]/Q
                         net (fo=0)                   0.000     0.051    m_axis_tdata[24]
                                                                      r  m_axis_tdata[24] (OUT)
  -------------------------------------------------------------------    -------------------

Slack:                    inf
  Source:                 u_event/m_axis_tdata_reg[25]/C
                            (rising edge-triggered cell FDRE clocked by accelerator_clk  {rise@0.000ns fall@3.333ns period=6.667ns})
  Destination:            m_axis_tdata[25]
                            (output port)
  Path Group:             (none)
  Path Type:              Min at Fast Process Corner
  Data Path Delay:        0.038ns  (logic 0.038ns (100.000%)  route 0.000ns (0.000%))
  Logic Levels:           0  
  Clock Uncertainty:      0.025ns  ((TSJ^2 + TIJ^2)^1/2 + DJ) / 2 + PE
    Total System Jitter     (TSJ):    0.050ns
    Total Input Jitter      (TIJ):    0.000ns
    Discrete Jitter          (DJ):    0.000ns
    Phase Error              (PE):    0.000ns

    Location             Delay type                Incr(ns)  Path(ns)    Netlist Resource(s)
  -------------------------------------------------------------------    -------------------
                         (clock accelerator_clk rise edge)
                                                      0.000     0.000 r  
                                                      0.000     0.000 r  aclk (IN)
                         net (fo=3054, unset)         0.013     0.013    u_event/aclk
                         FDRE                                         r  u_event/m_axis_tdata_reg[25]/C
  -------------------------------------------------------------------    -------------------
                         FDRE (Prop_FDRE_C_Q)         0.038     0.051 r  u_event/m_axis_tdata_reg[25]/Q
                         net (fo=0)                   0.000     0.051    m_axis_tdata[25]
                                                                      r  m_axis_tdata[25] (OUT)
  -------------------------------------------------------------------    -------------------

Slack:                    inf
  Source:                 u_event/m_axis_tdata_reg[26]/C
                            (rising edge-triggered cell FDRE clocked by accelerator_clk  {rise@0.000ns fall@3.333ns period=6.667ns})
  Destination:            m_axis_tdata[26]
                            (output port)
  Path Group:             (none)
  Path Type:              Min at Fast Process Corner
  Data Path Delay:        0.038ns  (logic 0.038ns (100.000%)  route 0.000ns (0.000%))
  Logic Levels:           0  
  Clock Uncertainty:      0.025ns  ((TSJ^2 + TIJ^2)^1/2 + DJ) / 2 + PE
    Total System Jitter     (TSJ):    0.050ns
    Total Input Jitter      (TIJ):    0.000ns
    Discrete Jitter          (DJ):    0.000ns
    Phase Error              (PE):    0.000ns

    Location             Delay type                Incr(ns)  Path(ns)    Netlist Resource(s)
  -------------------------------------------------------------------    -------------------
                         (clock accelerator_clk rise edge)
                                                      0.000     0.000 r  
                                                      0.000     0.000 r  aclk (IN)
                         net (fo=3054, unset)         0.013     0.013    u_event/aclk
                         FDRE                                         r  u_event/m_axis_tdata_reg[26]/C
  -------------------------------------------------------------------    -------------------
                         FDRE (Prop_FDRE_C_Q)         0.038     0.051 r  u_event/m_axis_tdata_reg[26]/Q
                         net (fo=0)                   0.000     0.051    m_axis_tdata[26]
                                                                      r  m_axis_tdata[26] (OUT)
  -------------------------------------------------------------------    -------------------

Slack:                    inf
  Source:                 u_event/m_axis_tdata_reg[27]/C
                            (rising edge-triggered cell FDRE clocked by accelerator_clk  {rise@0.000ns fall@3.333ns period=6.667ns})
  Destination:            m_axis_tdata[27]
                            (output port)
  Path Group:             (none)
  Path Type:              Min at Fast Process Corner
  Data Path Delay:        0.038ns  (logic 0.038ns (100.000%)  route 0.000ns (0.000%))
  Logic Levels:           0  
  Clock Uncertainty:      0.025ns  ((TSJ^2 + TIJ^2)^1/2 + DJ) / 2 + PE
    Total System Jitter     (TSJ):    0.050ns
    Total Input Jitter      (TIJ):    0.000ns
    Discrete Jitter          (DJ):    0.000ns
    Phase Error              (PE):    0.000ns

    Location             Delay type                Incr(ns)  Path(ns)    Netlist Resource(s)
  -------------------------------------------------------------------    -------------------
                         (clock accelerator_clk rise edge)
                                                      0.000     0.000 r  
                                                      0.000     0.000 r  aclk (IN)
                         net (fo=3054, unset)         0.013     0.013    u_event/aclk
                         FDRE                                         r  u_event/m_axis_tdata_reg[27]/C
  -------------------------------------------------------------------    -------------------
                         FDRE (Prop_FDRE_C_Q)         0.038     0.051 r  u_event/m_axis_tdata_reg[27]/Q
                         net (fo=0)                   0.000     0.051    m_axis_tdata[27]
                                                                      r  m_axis_tdata[27] (OUT)
  -------------------------------------------------------------------    -------------------

Slack:                    inf
  Source:                 u_event/m_axis_tdata_reg[28]/C
                            (rising edge-triggered cell FDRE clocked by accelerator_clk  {rise@0.000ns fall@3.333ns period=6.667ns})
  Destination:            m_axis_tdata[28]
                            (output port)
  Path Group:             (none)
  Path Type:              Min at Fast Process Corner
  Data Path Delay:        0.038ns  (logic 0.038ns (100.000%)  route 0.000ns (0.000%))
  Logic Levels:           0  
  Clock Uncertainty:      0.025ns  ((TSJ^2 + TIJ^2)^1/2 + DJ) / 2 + PE
    Total System Jitter     (TSJ):    0.050ns
    Total Input Jitter      (TIJ):    0.000ns
    Discrete Jitter          (DJ):    0.000ns
    Phase Error              (PE):    0.000ns

    Location             Delay type                Incr(ns)  Path(ns)    Netlist Resource(s)
  -------------------------------------------------------------------    -------------------
                         (clock accelerator_clk rise edge)
                                                      0.000     0.000 r  
                                                      0.000     0.000 r  aclk (IN)
                         net (fo=3054, unset)         0.013     0.013    u_event/aclk
                         FDRE                                         r  u_event/m_axis_tdata_reg[28]/C
  -------------------------------------------------------------------    -------------------
                         FDRE (Prop_FDRE_C_Q)         0.038     0.051 r  u_event/m_axis_tdata_reg[28]/Q
                         net (fo=0)                   0.000     0.051    m_axis_tdata[28]
                                                                      r  m_axis_tdata[28] (OUT)
  -------------------------------------------------------------------    -------------------

Slack:                    inf
  Source:                 u_event/m_axis_tdata_reg[29]/C
                            (rising edge-triggered cell FDRE clocked by accelerator_clk  {rise@0.000ns fall@3.333ns period=6.667ns})
  Destination:            m_axis_tdata[29]
                            (output port)
  Path Group:             (none)
  Path Type:              Min at Fast Process Corner
  Data Path Delay:        0.038ns  (logic 0.038ns (100.000%)  route 0.000ns (0.000%))
  Logic Levels:           0  
  Clock Uncertainty:      0.025ns  ((TSJ^2 + TIJ^2)^1/2 + DJ) / 2 + PE
    Total System Jitter     (TSJ):    0.050ns
    Total Input Jitter      (TIJ):    0.000ns
    Discrete Jitter          (DJ):    0.000ns
    Phase Error              (PE):    0.000ns

    Location             Delay type                Incr(ns)  Path(ns)    Netlist Resource(s)
  -------------------------------------------------------------------    -------------------
                         (clock accelerator_clk rise edge)
                                                      0.000     0.000 r  
                                                      0.000     0.000 r  aclk (IN)
                         net (fo=3054, unset)         0.013     0.013    u_event/aclk
                         FDRE                                         r  u_event/m_axis_tdata_reg[29]/C
  -------------------------------------------------------------------    -------------------
                         FDRE (Prop_FDRE_C_Q)         0.038     0.051 r  u_event/m_axis_tdata_reg[29]/Q
                         net (fo=0)                   0.000     0.051    m_axis_tdata[29]
                                                                      r  m_axis_tdata[29] (OUT)
  -------------------------------------------------------------------    -------------------

Slack:                    inf
  Source:                 u_event/m_axis_tdata_reg[2]/C
                            (rising edge-triggered cell FDRE clocked by accelerator_clk  {rise@0.000ns fall@3.333ns period=6.667ns})
  Destination:            m_axis_tdata[2]
                            (output port)
  Path Group:             (none)
  Path Type:              Min at Fast Process Corner
  Data Path Delay:        0.038ns  (logic 0.038ns (100.000%)  route 0.000ns (0.000%))
  Logic Levels:           0  
  Clock Uncertainty:      0.025ns  ((TSJ^2 + TIJ^2)^1/2 + DJ) / 2 + PE
    Total System Jitter     (TSJ):    0.050ns
    Total Input Jitter      (TIJ):    0.000ns
    Discrete Jitter          (DJ):    0.000ns
    Phase Error              (PE):    0.000ns

    Location             Delay type                Incr(ns)  Path(ns)    Netlist Resource(s)
  -------------------------------------------------------------------    -------------------
                         (clock accelerator_clk rise edge)
                                                      0.000     0.000 r  
                                                      0.000     0.000 r  aclk (IN)
                         net (fo=3054, unset)         0.013     0.013    u_event/aclk
                         FDRE                                         r  u_event/m_axis_tdata_reg[2]/C
  -------------------------------------------------------------------    -------------------
                         FDRE (Prop_FDRE_C_Q)         0.038     0.051 r  u_event/m_axis_tdata_reg[2]/Q
                         net (fo=0)                   0.000     0.051    m_axis_tdata[2]
                                                                      r  m_axis_tdata[2] (OUT)
  -------------------------------------------------------------------    -------------------

Slack:                    inf
  Source:                 u_event/m_axis_tdata_reg[30]/C
                            (rising edge-triggered cell FDRE clocked by accelerator_clk  {rise@0.000ns fall@3.333ns period=6.667ns})
  Destination:            m_axis_tdata[30]
                            (output port)
  Path Group:             (none)
  Path Type:              Min at Fast Process Corner
  Data Path Delay:        0.038ns  (logic 0.038ns (100.000%)  route 0.000ns (0.000%))
  Logic Levels:           0  
  Clock Uncertainty:      0.025ns  ((TSJ^2 + TIJ^2)^1/2 + DJ) / 2 + PE
    Total System Jitter     (TSJ):    0.050ns
    Total Input Jitter      (TIJ):    0.000ns
    Discrete Jitter          (DJ):    0.000ns
    Phase Error              (PE):    0.000ns

    Location             Delay type                Incr(ns)  Path(ns)    Netlist Resource(s)
  -------------------------------------------------------------------    -------------------
                         (clock accelerator_clk rise edge)
                                                      0.000     0.000 r  
                                                      0.000     0.000 r  aclk (IN)
                         net (fo=3054, unset)         0.013     0.013    u_event/aclk
                         FDRE                                         r  u_event/m_axis_tdata_reg[30]/C
  -------------------------------------------------------------------    -------------------
                         FDRE (Prop_FDRE_C_Q)         0.038     0.051 r  u_event/m_axis_tdata_reg[30]/Q
                         net (fo=0)                   0.000     0.051    m_axis_tdata[30]
                                                                      r  m_axis_tdata[30] (OUT)
  -------------------------------------------------------------------    -------------------

Slack:                    inf
  Source:                 u_event/m_axis_tdata_reg[31]/C
                            (rising edge-triggered cell FDRE clocked by accelerator_clk  {rise@0.000ns fall@3.333ns period=6.667ns})
  Destination:            m_axis_tdata[31]
                            (output port)
  Path Group:             (none)
  Path Type:              Min at Fast Process Corner
  Data Path Delay:        0.038ns  (logic 0.038ns (100.000%)  route 0.000ns (0.000%))
  Logic Levels:           0  
  Clock Uncertainty:      0.025ns  ((TSJ^2 + TIJ^2)^1/2 + DJ) / 2 + PE
    Total System Jitter     (TSJ):    0.050ns
    Total Input Jitter      (TIJ):    0.000ns
    Discrete Jitter          (DJ):    0.000ns
    Phase Error              (PE):    0.000ns

    Location             Delay type                Incr(ns)  Path(ns)    Netlist Resource(s)
  -------------------------------------------------------------------    -------------------
                         (clock accelerator_clk rise edge)
                                                      0.000     0.000 r  
                                                      0.000     0.000 r  aclk (IN)
                         net (fo=3054, unset)         0.013     0.013    u_event/aclk
                         FDRE                                         r  u_event/m_axis_tdata_reg[31]/C
  -------------------------------------------------------------------    -------------------
                         FDRE (Prop_FDRE_C_Q)         0.038     0.051 r  u_event/m_axis_tdata_reg[31]/Q
                         net (fo=0)                   0.000     0.051    m_axis_tdata[31]
                                                                      r  m_axis_tdata[31] (OUT)
  -------------------------------------------------------------------    -------------------

Slack:                    inf
  Source:                 u_event/m_axis_tdata_reg[32]/C
                            (rising edge-triggered cell FDRE clocked by accelerator_clk  {rise@0.000ns fall@3.333ns period=6.667ns})
  Destination:            m_axis_tdata[32]
                            (output port)
  Path Group:             (none)
  Path Type:              Min at Fast Process Corner
  Data Path Delay:        0.038ns  (logic 0.038ns (100.000%)  route 0.000ns (0.000%))
  Logic Levels:           0  
  Clock Uncertainty:      0.025ns  ((TSJ^2 + TIJ^2)^1/2 + DJ) / 2 + PE
    Total System Jitter     (TSJ):    0.050ns
    Total Input Jitter      (TIJ):    0.000ns
    Discrete Jitter          (DJ):    0.000ns
    Phase Error              (PE):    0.000ns

    Location             Delay type                Incr(ns)  Path(ns)    Netlist Resource(s)
  -------------------------------------------------------------------    -------------------
                         (clock accelerator_clk rise edge)
                                                      0.000     0.000 r  
                                                      0.000     0.000 r  aclk (IN)
                         net (fo=3054, unset)         0.013     0.013    u_event/aclk
                         FDRE                                         r  u_event/m_axis_tdata_reg[32]/C
  -------------------------------------------------------------------    -------------------
                         FDRE (Prop_FDRE_C_Q)         0.038     0.051 r  u_event/m_axis_tdata_reg[32]/Q
                         net (fo=0)                   0.000     0.051    m_axis_tdata[32]
                                                                      r  m_axis_tdata[32] (OUT)
  -------------------------------------------------------------------    -------------------

Slack:                    inf
  Source:                 u_event/m_axis_tdata_reg[33]/C
                            (rising edge-triggered cell FDRE clocked by accelerator_clk  {rise@0.000ns fall@3.333ns period=6.667ns})
  Destination:            m_axis_tdata[33]
                            (output port)
  Path Group:             (none)
  Path Type:              Min at Fast Process Corner
  Data Path Delay:        0.038ns  (logic 0.038ns (100.000%)  route 0.000ns (0.000%))
  Logic Levels:           0  
  Clock Uncertainty:      0.025ns  ((TSJ^2 + TIJ^2)^1/2 + DJ) / 2 + PE
    Total System Jitter     (TSJ):    0.050ns
    Total Input Jitter      (TIJ):    0.000ns
    Discrete Jitter          (DJ):    0.000ns
    Phase Error              (PE):    0.000ns

    Location             Delay type                Incr(ns)  Path(ns)    Netlist Resource(s)
  -------------------------------------------------------------------    -------------------
                         (clock accelerator_clk rise edge)
                                                      0.000     0.000 r  
                                                      0.000     0.000 r  aclk (IN)
                         net (fo=3054, unset)         0.013     0.013    u_event/aclk
                         FDRE                                         r  u_event/m_axis_tdata_reg[33]/C
  -------------------------------------------------------------------    -------------------
                         FDRE (Prop_FDRE_C_Q)         0.038     0.051 r  u_event/m_axis_tdata_reg[33]/Q
                         net (fo=0)                   0.000     0.051    m_axis_tdata[33]
                                                                      r  m_axis_tdata[33] (OUT)
  -------------------------------------------------------------------    -------------------

Slack:                    inf
  Source:                 u_event/m_axis_tdata_reg[34]/C
                            (rising edge-triggered cell FDRE clocked by accelerator_clk  {rise@0.000ns fall@3.333ns period=6.667ns})
  Destination:            m_axis_tdata[34]
                            (output port)
  Path Group:             (none)
  Path Type:              Min at Fast Process Corner
  Data Path Delay:        0.038ns  (logic 0.038ns (100.000%)  route 0.000ns (0.000%))
  Logic Levels:           0  
  Clock Uncertainty:      0.025ns  ((TSJ^2 + TIJ^2)^1/2 + DJ) / 2 + PE
    Total System Jitter     (TSJ):    0.050ns
    Total Input Jitter      (TIJ):    0.000ns
    Discrete Jitter          (DJ):    0.000ns
    Phase Error              (PE):    0.000ns

    Location             Delay type                Incr(ns)  Path(ns)    Netlist Resource(s)
  -------------------------------------------------------------------    -------------------
                         (clock accelerator_clk rise edge)
                                                      0.000     0.000 r  
                                                      0.000     0.000 r  aclk (IN)
                         net (fo=3054, unset)         0.013     0.013    u_event/aclk
                         FDRE                                         r  u_event/m_axis_tdata_reg[34]/C
  -------------------------------------------------------------------    -------------------
                         FDRE (Prop_FDRE_C_Q)         0.038     0.051 r  u_event/m_axis_tdata_reg[34]/Q
                         net (fo=0)                   0.000     0.051    m_axis_tdata[34]
                                                                      r  m_axis_tdata[34] (OUT)
  -------------------------------------------------------------------    -------------------

Slack:                    inf
  Source:                 u_event/m_axis_tdata_reg[35]/C
                            (rising edge-triggered cell FDRE clocked by accelerator_clk  {rise@0.000ns fall@3.333ns period=6.667ns})
  Destination:            m_axis_tdata[35]
                            (output port)
  Path Group:             (none)
  Path Type:              Min at Fast Process Corner
  Data Path Delay:        0.038ns  (logic 0.038ns (100.000%)  route 0.000ns (0.000%))
  Logic Levels:           0  
  Clock Uncertainty:      0.025ns  ((TSJ^2 + TIJ^2)^1/2 + DJ) / 2 + PE
    Total System Jitter     (TSJ):    0.050ns
    Total Input Jitter      (TIJ):    0.000ns
    Discrete Jitter          (DJ):    0.000ns
    Phase Error              (PE):    0.000ns

    Location             Delay type                Incr(ns)  Path(ns)    Netlist Resource(s)
  -------------------------------------------------------------------    -------------------
                         (clock accelerator_clk rise edge)
                                                      0.000     0.000 r  
                                                      0.000     0.000 r  aclk (IN)
                         net (fo=3054, unset)         0.013     0.013    u_event/aclk
                         FDRE                                         r  u_event/m_axis_tdata_reg[35]/C
  -------------------------------------------------------------------    -------------------
                         FDRE (Prop_FDRE_C_Q)         0.038     0.051 r  u_event/m_axis_tdata_reg[35]/Q
                         net (fo=0)                   0.000     0.051    m_axis_tdata[35]
                                                                      r  m_axis_tdata[35] (OUT)
  -------------------------------------------------------------------    -------------------

Slack:                    inf
  Source:                 u_event/m_axis_tdata_reg[36]/C
                            (rising edge-triggered cell FDRE clocked by accelerator_clk  {rise@0.000ns fall@3.333ns period=6.667ns})
  Destination:            m_axis_tdata[36]
                            (output port)
  Path Group:             (none)
  Path Type:              Min at Fast Process Corner
  Data Path Delay:        0.038ns  (logic 0.038ns (100.000%)  route 0.000ns (0.000%))
  Logic Levels:           0  
  Clock Uncertainty:      0.025ns  ((TSJ^2 + TIJ^2)^1/2 + DJ) / 2 + PE
    Total System Jitter     (TSJ):    0.050ns
    Total Input Jitter      (TIJ):    0.000ns
    Discrete Jitter          (DJ):    0.000ns
    Phase Error              (PE):    0.000ns

    Location             Delay type                Incr(ns)  Path(ns)    Netlist Resource(s)
  -------------------------------------------------------------------    -------------------
                         (clock accelerator_clk rise edge)
                                                      0.000     0.000 r  
                                                      0.000     0.000 r  aclk (IN)
                         net (fo=3054, unset)         0.013     0.013    u_event/aclk
                         FDRE                                         r  u_event/m_axis_tdata_reg[36]/C
  -------------------------------------------------------------------    -------------------
                         FDRE (Prop_FDRE_C_Q)         0.038     0.051 r  u_event/m_axis_tdata_reg[36]/Q
                         net (fo=0)                   0.000     0.051    m_axis_tdata[36]
                                                                      r  m_axis_tdata[36] (OUT)
  -------------------------------------------------------------------    -------------------





--------------------------------------------------------------------------------------
Path Group:  (none)
From Clock:  
  To Clock:  accelerator_clk

Max Delay          5640 Endpoints
Min Delay          5640 Endpoints
--------------------------------------------------------------------------------------


Max Delay Paths
--------------------------------------------------------------------------------------
Slack:                    inf
  Source:                 m_axis_tready
                            (input port)
  Destination:            u_compute_core/u_energy64/square_history_reg[0][0]/CE
                            (rising edge-triggered cell FDRE clocked by accelerator_clk  {rise@0.000ns fall@3.333ns period=6.667ns})
  Path Group:             (none)
  Path Type:              Setup (Max at Slow Process Corner)
  Data Path Delay:        0.616ns  (logic 0.200ns (32.468%)  route 0.416ns (67.532%))
  Logic Levels:           2  (LUT4=1 LUT6=1)
  Clock Path Skew:        0.021ns (DCD - SCD + CPR)
    Destination Clock Delay (DCD):    0.021ns
    Source Clock Delay      (SCD):    0.000ns
    Clock Pessimism Removal (CPR):    0.000ns
  Clock Uncertainty:      0.025ns  ((TSJ^2 + TIJ^2)^1/2 + DJ) / 2 + PE
    Total System Jitter     (TSJ):    0.050ns
    Total Input Jitter      (TIJ):    0.000ns
    Discrete Jitter          (DJ):    0.000ns
    Phase Error              (PE):    0.000ns

    Location             Delay type                Incr(ns)  Path(ns)    Netlist Resource(s)
  -------------------------------------------------------------------    -------------------
                                                      0.000     0.000 r  m_axis_tready (IN)
                         net (fo=17, unset)           0.000     0.000    u_event/m_axis_tready
                         LUT4 (Prop_LUT4_I0_O)        0.100     0.100 r  u_event/m_axis_tvalid_i_1/O
                         net (fo=66, unplaced)        0.217     0.317    u_compute_core/u_energy64/advance
                         LUT6 (Prop_LUT6_I0_O)        0.100     0.417 r  u_compute_core/u_energy64/square_history[0][30]_i_1/O
                         net (fo=31, unplaced)        0.199     0.616    u_compute_core/u_energy64/square_history[0][30]_i_1_n_0
                         FDRE                                         r  u_compute_core/u_energy64/square_history_reg[0][0]/CE
  -------------------------------------------------------------------    -------------------

                         (clock accelerator_clk rise edge)
                                                      0.000     0.000 r  
                                                      0.000     0.000 r  aclk (IN)
                         net (fo=3054, unset)         0.021     0.021    u_compute_core/u_energy64/aclk
                         FDRE                                         r  u_compute_core/u_energy64/square_history_reg[0][0]/C

Slack:                    inf
  Source:                 m_axis_tready
                            (input port)
  Destination:            u_compute_core/u_energy64/square_history_reg[0][10]/CE
                            (rising edge-triggered cell FDRE clocked by accelerator_clk  {rise@0.000ns fall@3.333ns period=6.667ns})
  Path Group:             (none)
  Path Type:              Setup (Max at Slow Process Corner)
  Data Path Delay:        0.616ns  (logic 0.200ns (32.468%)  route 0.416ns (67.532%))
  Logic Levels:           2  (LUT4=1 LUT6=1)
  Clock Path Skew:        0.021ns (DCD - SCD + CPR)
    Destination Clock Delay (DCD):    0.021ns
    Source Clock Delay      (SCD):    0.000ns
    Clock Pessimism Removal (CPR):    0.000ns
  Clock Uncertainty:      0.025ns  ((TSJ^2 + TIJ^2)^1/2 + DJ) / 2 + PE
    Total System Jitter     (TSJ):    0.050ns
    Total Input Jitter      (TIJ):    0.000ns
    Discrete Jitter          (DJ):    0.000ns
    Phase Error              (PE):    0.000ns

    Location             Delay type                Incr(ns)  Path(ns)    Netlist Resource(s)
  -------------------------------------------------------------------    -------------------
                                                      0.000     0.000 r  m_axis_tready (IN)
                         net (fo=17, unset)           0.000     0.000    u_event/m_axis_tready
                         LUT4 (Prop_LUT4_I0_O)        0.100     0.100 r  u_event/m_axis_tvalid_i_1/O
                         net (fo=66, unplaced)        0.217     0.317    u_compute_core/u_energy64/advance
                         LUT6 (Prop_LUT6_I0_O)        0.100     0.417 r  u_compute_core/u_energy64/square_history[0][30]_i_1/O
                         net (fo=31, unplaced)        0.199     0.616    u_compute_core/u_energy64/square_history[0][30]_i_1_n_0
                         FDRE                                         r  u_compute_core/u_energy64/square_history_reg[0][10]/CE
  -------------------------------------------------------------------    -------------------

                         (clock accelerator_clk rise edge)
                                                      0.000     0.000 r  
                                                      0.000     0.000 r  aclk (IN)
                         net (fo=3054, unset)         0.021     0.021    u_compute_core/u_energy64/aclk
                         FDRE                                         r  u_compute_core/u_energy64/square_history_reg[0][10]/C

Slack:                    inf
  Source:                 m_axis_tready
                            (input port)
  Destination:            u_compute_core/u_energy64/square_history_reg[0][11]/CE
                            (rising edge-triggered cell FDRE clocked by accelerator_clk  {rise@0.000ns fall@3.333ns period=6.667ns})
  Path Group:             (none)
  Path Type:              Setup (Max at Slow Process Corner)
  Data Path Delay:        0.616ns  (logic 0.200ns (32.468%)  route 0.416ns (67.532%))
  Logic Levels:           2  (LUT4=1 LUT6=1)
  Clock Path Skew:        0.021ns (DCD - SCD + CPR)
    Destination Clock Delay (DCD):    0.021ns
    Source Clock Delay      (SCD):    0.000ns
    Clock Pessimism Removal (CPR):    0.000ns
  Clock Uncertainty:      0.025ns  ((TSJ^2 + TIJ^2)^1/2 + DJ) / 2 + PE
    Total System Jitter     (TSJ):    0.050ns
    Total Input Jitter      (TIJ):    0.000ns
    Discrete Jitter          (DJ):    0.000ns
    Phase Error              (PE):    0.000ns

    Location             Delay type                Incr(ns)  Path(ns)    Netlist Resource(s)
  -------------------------------------------------------------------    -------------------
                                                      0.000     0.000 r  m_axis_tready (IN)
                         net (fo=17, unset)           0.000     0.000    u_event/m_axis_tready
                         LUT4 (Prop_LUT4_I0_O)        0.100     0.100 r  u_event/m_axis_tvalid_i_1/O
                         net (fo=66, unplaced)        0.217     0.317    u_compute_core/u_energy64/advance
                         LUT6 (Prop_LUT6_I0_O)        0.100     0.417 r  u_compute_core/u_energy64/square_history[0][30]_i_1/O
                         net (fo=31, unplaced)        0.199     0.616    u_compute_core/u_energy64/square_history[0][30]_i_1_n_0
                         FDRE                                         r  u_compute_core/u_energy64/square_history_reg[0][11]/CE
  -------------------------------------------------------------------    -------------------

                         (clock accelerator_clk rise edge)
                                                      0.000     0.000 r  
                                                      0.000     0.000 r  aclk (IN)
                         net (fo=3054, unset)         0.021     0.021    u_compute_core/u_energy64/aclk
                         FDRE                                         r  u_compute_core/u_energy64/square_history_reg[0][11]/C

Slack:                    inf
  Source:                 m_axis_tready
                            (input port)
  Destination:            u_compute_core/u_energy64/square_history_reg[0][12]/CE
                            (rising edge-triggered cell FDRE clocked by accelerator_clk  {rise@0.000ns fall@3.333ns period=6.667ns})
  Path Group:             (none)
  Path Type:              Setup (Max at Slow Process Corner)
  Data Path Delay:        0.616ns  (logic 0.200ns (32.468%)  route 0.416ns (67.532%))
  Logic Levels:           2  (LUT4=1 LUT6=1)
  Clock Path Skew:        0.021ns (DCD - SCD + CPR)
    Destination Clock Delay (DCD):    0.021ns
    Source Clock Delay      (SCD):    0.000ns
    Clock Pessimism Removal (CPR):    0.000ns
  Clock Uncertainty:      0.025ns  ((TSJ^2 + TIJ^2)^1/2 + DJ) / 2 + PE
    Total System Jitter     (TSJ):    0.050ns
    Total Input Jitter      (TIJ):    0.000ns
    Discrete Jitter          (DJ):    0.000ns
    Phase Error              (PE):    0.000ns

    Location             Delay type                Incr(ns)  Path(ns)    Netlist Resource(s)
  -------------------------------------------------------------------    -------------------
                                                      0.000     0.000 r  m_axis_tready (IN)
                         net (fo=17, unset)           0.000     0.000    u_event/m_axis_tready
                         LUT4 (Prop_LUT4_I0_O)        0.100     0.100 r  u_event/m_axis_tvalid_i_1/O
                         net (fo=66, unplaced)        0.217     0.317    u_compute_core/u_energy64/advance
                         LUT6 (Prop_LUT6_I0_O)        0.100     0.417 r  u_compute_core/u_energy64/square_history[0][30]_i_1/O
                         net (fo=31, unplaced)        0.199     0.616    u_compute_core/u_energy64/square_history[0][30]_i_1_n_0
                         FDRE                                         r  u_compute_core/u_energy64/square_history_reg[0][12]/CE
  -------------------------------------------------------------------    -------------------

                         (clock accelerator_clk rise edge)
                                                      0.000     0.000 r  
                                                      0.000     0.000 r  aclk (IN)
                         net (fo=3054, unset)         0.021     0.021    u_compute_core/u_energy64/aclk
                         FDRE                                         r  u_compute_core/u_energy64/square_history_reg[0][12]/C

Slack:                    inf
  Source:                 m_axis_tready
                            (input port)
  Destination:            u_compute_core/u_energy64/square_history_reg[0][13]/CE
                            (rising edge-triggered cell FDRE clocked by accelerator_clk  {rise@0.000ns fall@3.333ns period=6.667ns})
  Path Group:             (none)
  Path Type:              Setup (Max at Slow Process Corner)
  Data Path Delay:        0.616ns  (logic 0.200ns (32.468%)  route 0.416ns (67.532%))
  Logic Levels:           2  (LUT4=1 LUT6=1)
  Clock Path Skew:        0.021ns (DCD - SCD + CPR)
    Destination Clock Delay (DCD):    0.021ns
    Source Clock Delay      (SCD):    0.000ns
    Clock Pessimism Removal (CPR):    0.000ns
  Clock Uncertainty:      0.025ns  ((TSJ^2 + TIJ^2)^1/2 + DJ) / 2 + PE
    Total System Jitter     (TSJ):    0.050ns
    Total Input Jitter      (TIJ):    0.000ns
    Discrete Jitter          (DJ):    0.000ns
    Phase Error              (PE):    0.000ns

    Location             Delay type                Incr(ns)  Path(ns)    Netlist Resource(s)
  -------------------------------------------------------------------    -------------------
                                                      0.000     0.000 r  m_axis_tready (IN)
                         net (fo=17, unset)           0.000     0.000    u_event/m_axis_tready
                         LUT4 (Prop_LUT4_I0_O)        0.100     0.100 r  u_event/m_axis_tvalid_i_1/O
                         net (fo=66, unplaced)        0.217     0.317    u_compute_core/u_energy64/advance
                         LUT6 (Prop_LUT6_I0_O)        0.100     0.417 r  u_compute_core/u_energy64/square_history[0][30]_i_1/O
                         net (fo=31, unplaced)        0.199     0.616    u_compute_core/u_energy64/square_history[0][30]_i_1_n_0
                         FDRE                                         r  u_compute_core/u_energy64/square_history_reg[0][13]/CE
  -------------------------------------------------------------------    -------------------

                         (clock accelerator_clk rise edge)
                                                      0.000     0.000 r  
                                                      0.000     0.000 r  aclk (IN)
                         net (fo=3054, unset)         0.021     0.021    u_compute_core/u_energy64/aclk
                         FDRE                                         r  u_compute_core/u_energy64/square_history_reg[0][13]/C

Slack:                    inf
  Source:                 m_axis_tready
                            (input port)
  Destination:            u_compute_core/u_energy64/square_history_reg[0][14]/CE
                            (rising edge-triggered cell FDRE clocked by accelerator_clk  {rise@0.000ns fall@3.333ns period=6.667ns})
  Path Group:             (none)
  Path Type:              Setup (Max at Slow Process Corner)
  Data Path Delay:        0.616ns  (logic 0.200ns (32.468%)  route 0.416ns (67.532%))
  Logic Levels:           2  (LUT4=1 LUT6=1)
  Clock Path Skew:        0.021ns (DCD - SCD + CPR)
    Destination Clock Delay (DCD):    0.021ns
    Source Clock Delay      (SCD):    0.000ns
    Clock Pessimism Removal (CPR):    0.000ns
  Clock Uncertainty:      0.025ns  ((TSJ^2 + TIJ^2)^1/2 + DJ) / 2 + PE
    Total System Jitter     (TSJ):    0.050ns
    Total Input Jitter      (TIJ):    0.000ns
    Discrete Jitter          (DJ):    0.000ns
    Phase Error              (PE):    0.000ns

    Location             Delay type                Incr(ns)  Path(ns)    Netlist Resource(s)
  -------------------------------------------------------------------    -------------------
                                                      0.000     0.000 r  m_axis_tready (IN)
                         net (fo=17, unset)           0.000     0.000    u_event/m_axis_tready
                         LUT4 (Prop_LUT4_I0_O)        0.100     0.100 r  u_event/m_axis_tvalid_i_1/O
                         net (fo=66, unplaced)        0.217     0.317    u_compute_core/u_energy64/advance
                         LUT6 (Prop_LUT6_I0_O)        0.100     0.417 r  u_compute_core/u_energy64/square_history[0][30]_i_1/O
                         net (fo=31, unplaced)        0.199     0.616    u_compute_core/u_energy64/square_history[0][30]_i_1_n_0
                         FDRE                                         r  u_compute_core/u_energy64/square_history_reg[0][14]/CE
  -------------------------------------------------------------------    -------------------

                         (clock accelerator_clk rise edge)
                                                      0.000     0.000 r  
                                                      0.000     0.000 r  aclk (IN)
                         net (fo=3054, unset)         0.021     0.021    u_compute_core/u_energy64/aclk
                         FDRE                                         r  u_compute_core/u_energy64/square_history_reg[0][14]/C

Slack:                    inf
  Source:                 m_axis_tready
                            (input port)
  Destination:            u_compute_core/u_energy64/square_history_reg[0][15]/CE
                            (rising edge-triggered cell FDRE clocked by accelerator_clk  {rise@0.000ns fall@3.333ns period=6.667ns})
  Path Group:             (none)
  Path Type:              Setup (Max at Slow Process Corner)
  Data Path Delay:        0.616ns  (logic 0.200ns (32.468%)  route 0.416ns (67.532%))
  Logic Levels:           2  (LUT4=1 LUT6=1)
  Clock Path Skew:        0.021ns (DCD - SCD + CPR)
    Destination Clock Delay (DCD):    0.021ns
    Source Clock Delay      (SCD):    0.000ns
    Clock Pessimism Removal (CPR):    0.000ns
  Clock Uncertainty:      0.025ns  ((TSJ^2 + TIJ^2)^1/2 + DJ) / 2 + PE
    Total System Jitter     (TSJ):    0.050ns
    Total Input Jitter      (TIJ):    0.000ns
    Discrete Jitter          (DJ):    0.000ns
    Phase Error              (PE):    0.000ns

    Location             Delay type                Incr(ns)  Path(ns)    Netlist Resource(s)
  -------------------------------------------------------------------    -------------------
                                                      0.000     0.000 r  m_axis_tready (IN)
                         net (fo=17, unset)           0.000     0.000    u_event/m_axis_tready
                         LUT4 (Prop_LUT4_I0_O)        0.100     0.100 r  u_event/m_axis_tvalid_i_1/O
                         net (fo=66, unplaced)        0.217     0.317    u_compute_core/u_energy64/advance
                         LUT6 (Prop_LUT6_I0_O)        0.100     0.417 r  u_compute_core/u_energy64/square_history[0][30]_i_1/O
                         net (fo=31, unplaced)        0.199     0.616    u_compute_core/u_energy64/square_history[0][30]_i_1_n_0
                         FDRE                                         r  u_compute_core/u_energy64/square_history_reg[0][15]/CE
  -------------------------------------------------------------------    -------------------

                         (clock accelerator_clk rise edge)
                                                      0.000     0.000 r  
                                                      0.000     0.000 r  aclk (IN)
                         net (fo=3054, unset)         0.021     0.021    u_compute_core/u_energy64/aclk
                         FDRE                                         r  u_compute_core/u_energy64/square_history_reg[0][15]/C

Slack:                    inf
  Source:                 m_axis_tready
                            (input port)
  Destination:            u_compute_core/u_energy64/square_history_reg[0][16]/CE
                            (rising edge-triggered cell FDRE clocked by accelerator_clk  {rise@0.000ns fall@3.333ns period=6.667ns})
  Path Group:             (none)
  Path Type:              Setup (Max at Slow Process Corner)
  Data Path Delay:        0.616ns  (logic 0.200ns (32.468%)  route 0.416ns (67.532%))
  Logic Levels:           2  (LUT4=1 LUT6=1)
  Clock Path Skew:        0.021ns (DCD - SCD + CPR)
    Destination Clock Delay (DCD):    0.021ns
    Source Clock Delay      (SCD):    0.000ns
    Clock Pessimism Removal (CPR):    0.000ns
  Clock Uncertainty:      0.025ns  ((TSJ^2 + TIJ^2)^1/2 + DJ) / 2 + PE
    Total System Jitter     (TSJ):    0.050ns
    Total Input Jitter      (TIJ):    0.000ns
    Discrete Jitter          (DJ):    0.000ns
    Phase Error              (PE):    0.000ns

    Location             Delay type                Incr(ns)  Path(ns)    Netlist Resource(s)
  -------------------------------------------------------------------    -------------------
                                                      0.000     0.000 r  m_axis_tready (IN)
                         net (fo=17, unset)           0.000     0.000    u_event/m_axis_tready
                         LUT4 (Prop_LUT4_I0_O)        0.100     0.100 r  u_event/m_axis_tvalid_i_1/O
                         net (fo=66, unplaced)        0.217     0.317    u_compute_core/u_energy64/advance
                         LUT6 (Prop_LUT6_I0_O)        0.100     0.417 r  u_compute_core/u_energy64/square_history[0][30]_i_1/O
                         net (fo=31, unplaced)        0.199     0.616    u_compute_core/u_energy64/square_history[0][30]_i_1_n_0
                         FDRE                                         r  u_compute_core/u_energy64/square_history_reg[0][16]/CE
  -------------------------------------------------------------------    -------------------

                         (clock accelerator_clk rise edge)
                                                      0.000     0.000 r  
                                                      0.000     0.000 r  aclk (IN)
                         net (fo=3054, unset)         0.021     0.021    u_compute_core/u_energy64/aclk
                         FDRE                                         r  u_compute_core/u_energy64/square_history_reg[0][16]/C

Slack:                    inf
  Source:                 m_axis_tready
                            (input port)
  Destination:            u_compute_core/u_energy64/square_history_reg[0][17]/CE
                            (rising edge-triggered cell FDRE clocked by accelerator_clk  {rise@0.000ns fall@3.333ns period=6.667ns})
  Path Group:             (none)
  Path Type:              Setup (Max at Slow Process Corner)
  Data Path Delay:        0.616ns  (logic 0.200ns (32.468%)  route 0.416ns (67.532%))
  Logic Levels:           2  (LUT4=1 LUT6=1)
  Clock Path Skew:        0.021ns (DCD - SCD + CPR)
    Destination Clock Delay (DCD):    0.021ns
    Source Clock Delay      (SCD):    0.000ns
    Clock Pessimism Removal (CPR):    0.000ns
  Clock Uncertainty:      0.025ns  ((TSJ^2 + TIJ^2)^1/2 + DJ) / 2 + PE
    Total System Jitter     (TSJ):    0.050ns
    Total Input Jitter      (TIJ):    0.000ns
    Discrete Jitter          (DJ):    0.000ns
    Phase Error              (PE):    0.000ns

    Location             Delay type                Incr(ns)  Path(ns)    Netlist Resource(s)
  -------------------------------------------------------------------    -------------------
                                                      0.000     0.000 r  m_axis_tready (IN)
                         net (fo=17, unset)           0.000     0.000    u_event/m_axis_tready
                         LUT4 (Prop_LUT4_I0_O)        0.100     0.100 r  u_event/m_axis_tvalid_i_1/O
                         net (fo=66, unplaced)        0.217     0.317    u_compute_core/u_energy64/advance
                         LUT6 (Prop_LUT6_I0_O)        0.100     0.417 r  u_compute_core/u_energy64/square_history[0][30]_i_1/O
                         net (fo=31, unplaced)        0.199     0.616    u_compute_core/u_energy64/square_history[0][30]_i_1_n_0
                         FDRE                                         r  u_compute_core/u_energy64/square_history_reg[0][17]/CE
  -------------------------------------------------------------------    -------------------

                         (clock accelerator_clk rise edge)
                                                      0.000     0.000 r  
                                                      0.000     0.000 r  aclk (IN)
                         net (fo=3054, unset)         0.021     0.021    u_compute_core/u_energy64/aclk
                         FDRE                                         r  u_compute_core/u_energy64/square_history_reg[0][17]/C

Slack:                    inf
  Source:                 m_axis_tready
                            (input port)
  Destination:            u_compute_core/u_energy64/square_history_reg[0][18]/CE
                            (rising edge-triggered cell FDRE clocked by accelerator_clk  {rise@0.000ns fall@3.333ns period=6.667ns})
  Path Group:             (none)
  Path Type:              Setup (Max at Slow Process Corner)
  Data Path Delay:        0.616ns  (logic 0.200ns (32.468%)  route 0.416ns (67.532%))
  Logic Levels:           2  (LUT4=1 LUT6=1)
  Clock Path Skew:        0.021ns (DCD - SCD + CPR)
    Destination Clock Delay (DCD):    0.021ns
    Source Clock Delay      (SCD):    0.000ns
    Clock Pessimism Removal (CPR):    0.000ns
  Clock Uncertainty:      0.025ns  ((TSJ^2 + TIJ^2)^1/2 + DJ) / 2 + PE
    Total System Jitter     (TSJ):    0.050ns
    Total Input Jitter      (TIJ):    0.000ns
    Discrete Jitter          (DJ):    0.000ns
    Phase Error              (PE):    0.000ns

    Location             Delay type                Incr(ns)  Path(ns)    Netlist Resource(s)
  -------------------------------------------------------------------    -------------------
                                                      0.000     0.000 r  m_axis_tready (IN)
                         net (fo=17, unset)           0.000     0.000    u_event/m_axis_tready
                         LUT4 (Prop_LUT4_I0_O)        0.100     0.100 r  u_event/m_axis_tvalid_i_1/O
                         net (fo=66, unplaced)        0.217     0.317    u_compute_core/u_energy64/advance
                         LUT6 (Prop_LUT6_I0_O)        0.100     0.417 r  u_compute_core/u_energy64/square_history[0][30]_i_1/O
                         net (fo=31, unplaced)        0.199     0.616    u_compute_core/u_energy64/square_history[0][30]_i_1_n_0
                         FDRE                                         r  u_compute_core/u_energy64/square_history_reg[0][18]/CE
  -------------------------------------------------------------------    -------------------

                         (clock accelerator_clk rise edge)
                                                      0.000     0.000 r  
                                                      0.000     0.000 r  aclk (IN)
                         net (fo=3054, unset)         0.021     0.021    u_compute_core/u_energy64/aclk
                         FDRE                                         r  u_compute_core/u_energy64/square_history_reg[0][18]/C

Slack:                    inf
  Source:                 m_axis_tready
                            (input port)
  Destination:            u_compute_core/u_energy64/square_history_reg[0][19]/CE
                            (rising edge-triggered cell FDRE clocked by accelerator_clk  {rise@0.000ns fall@3.333ns period=6.667ns})
  Path Group:             (none)
  Path Type:              Setup (Max at Slow Process Corner)
  Data Path Delay:        0.616ns  (logic 0.200ns (32.468%)  route 0.416ns (67.532%))
  Logic Levels:           2  (LUT4=1 LUT6=1)
  Clock Path Skew:        0.021ns (DCD - SCD + CPR)
    Destination Clock Delay (DCD):    0.021ns
    Source Clock Delay      (SCD):    0.000ns
    Clock Pessimism Removal (CPR):    0.000ns
  Clock Uncertainty:      0.025ns  ((TSJ^2 + TIJ^2)^1/2 + DJ) / 2 + PE
    Total System Jitter     (TSJ):    0.050ns
    Total Input Jitter      (TIJ):    0.000ns
    Discrete Jitter          (DJ):    0.000ns
    Phase Error              (PE):    0.000ns

    Location             Delay type                Incr(ns)  Path(ns)    Netlist Resource(s)
  -------------------------------------------------------------------    -------------------
                                                      0.000     0.000 r  m_axis_tready (IN)
                         net (fo=17, unset)           0.000     0.000    u_event/m_axis_tready
                         LUT4 (Prop_LUT4_I0_O)        0.100     0.100 r  u_event/m_axis_tvalid_i_1/O
                         net (fo=66, unplaced)        0.217     0.317    u_compute_core/u_energy64/advance
                         LUT6 (Prop_LUT6_I0_O)        0.100     0.417 r  u_compute_core/u_energy64/square_history[0][30]_i_1/O
                         net (fo=31, unplaced)        0.199     0.616    u_compute_core/u_energy64/square_history[0][30]_i_1_n_0
                         FDRE                                         r  u_compute_core/u_energy64/square_history_reg[0][19]/CE
  -------------------------------------------------------------------    -------------------

                         (clock accelerator_clk rise edge)
                                                      0.000     0.000 r  
                                                      0.000     0.000 r  aclk (IN)
                         net (fo=3054, unset)         0.021     0.021    u_compute_core/u_energy64/aclk
                         FDRE                                         r  u_compute_core/u_energy64/square_history_reg[0][19]/C

Slack:                    inf
  Source:                 m_axis_tready
                            (input port)
  Destination:            u_compute_core/u_energy64/square_history_reg[0][1]/CE
                            (rising edge-triggered cell FDRE clocked by accelerator_clk  {rise@0.000ns fall@3.333ns period=6.667ns})
  Path Group:             (none)
  Path Type:              Setup (Max at Slow Process Corner)
  Data Path Delay:        0.616ns  (logic 0.200ns (32.468%)  route 0.416ns (67.532%))
  Logic Levels:           2  (LUT4=1 LUT6=1)
  Clock Path Skew:        0.021ns (DCD - SCD + CPR)
    Destination Clock Delay (DCD):    0.021ns
    Source Clock Delay      (SCD):    0.000ns
    Clock Pessimism Removal (CPR):    0.000ns
  Clock Uncertainty:      0.025ns  ((TSJ^2 + TIJ^2)^1/2 + DJ) / 2 + PE
    Total System Jitter     (TSJ):    0.050ns
    Total Input Jitter      (TIJ):    0.000ns
    Discrete Jitter          (DJ):    0.000ns
    Phase Error              (PE):    0.000ns

    Location             Delay type                Incr(ns)  Path(ns)    Netlist Resource(s)
  -------------------------------------------------------------------    -------------------
                                                      0.000     0.000 r  m_axis_tready (IN)
                         net (fo=17, unset)           0.000     0.000    u_event/m_axis_tready
                         LUT4 (Prop_LUT4_I0_O)        0.100     0.100 r  u_event/m_axis_tvalid_i_1/O
                         net (fo=66, unplaced)        0.217     0.317    u_compute_core/u_energy64/advance
                         LUT6 (Prop_LUT6_I0_O)        0.100     0.417 r  u_compute_core/u_energy64/square_history[0][30]_i_1/O
                         net (fo=31, unplaced)        0.199     0.616    u_compute_core/u_energy64/square_history[0][30]_i_1_n_0
                         FDRE                                         r  u_compute_core/u_energy64/square_history_reg[0][1]/CE
  -------------------------------------------------------------------    -------------------

                         (clock accelerator_clk rise edge)
                                                      0.000     0.000 r  
                                                      0.000     0.000 r  aclk (IN)
                         net (fo=3054, unset)         0.021     0.021    u_compute_core/u_energy64/aclk
                         FDRE                                         r  u_compute_core/u_energy64/square_history_reg[0][1]/C

Slack:                    inf
  Source:                 m_axis_tready
                            (input port)
  Destination:            u_compute_core/u_energy64/square_history_reg[0][20]/CE
                            (rising edge-triggered cell FDRE clocked by accelerator_clk  {rise@0.000ns fall@3.333ns period=6.667ns})
  Path Group:             (none)
  Path Type:              Setup (Max at Slow Process Corner)
  Data Path Delay:        0.616ns  (logic 0.200ns (32.468%)  route 0.416ns (67.532%))
  Logic Levels:           2  (LUT4=1 LUT6=1)
  Clock Path Skew:        0.021ns (DCD - SCD + CPR)
    Destination Clock Delay (DCD):    0.021ns
    Source Clock Delay      (SCD):    0.000ns
    Clock Pessimism Removal (CPR):    0.000ns
  Clock Uncertainty:      0.025ns  ((TSJ^2 + TIJ^2)^1/2 + DJ) / 2 + PE
    Total System Jitter     (TSJ):    0.050ns
    Total Input Jitter      (TIJ):    0.000ns
    Discrete Jitter          (DJ):    0.000ns
    Phase Error              (PE):    0.000ns

    Location             Delay type                Incr(ns)  Path(ns)    Netlist Resource(s)
  -------------------------------------------------------------------    -------------------
                                                      0.000     0.000 r  m_axis_tready (IN)
                         net (fo=17, unset)           0.000     0.000    u_event/m_axis_tready
                         LUT4 (Prop_LUT4_I0_O)        0.100     0.100 r  u_event/m_axis_tvalid_i_1/O
                         net (fo=66, unplaced)        0.217     0.317    u_compute_core/u_energy64/advance
                         LUT6 (Prop_LUT6_I0_O)        0.100     0.417 r  u_compute_core/u_energy64/square_history[0][30]_i_1/O
                         net (fo=31, unplaced)        0.199     0.616    u_compute_core/u_energy64/square_history[0][30]_i_1_n_0
                         FDRE                                         r  u_compute_core/u_energy64/square_history_reg[0][20]/CE
  -------------------------------------------------------------------    -------------------

                         (clock accelerator_clk rise edge)
                                                      0.000     0.000 r  
                                                      0.000     0.000 r  aclk (IN)
                         net (fo=3054, unset)         0.021     0.021    u_compute_core/u_energy64/aclk
                         FDRE                                         r  u_compute_core/u_energy64/square_history_reg[0][20]/C

Slack:                    inf
  Source:                 m_axis_tready
                            (input port)
  Destination:            u_compute_core/u_energy64/square_history_reg[0][21]/CE
                            (rising edge-triggered cell FDRE clocked by accelerator_clk  {rise@0.000ns fall@3.333ns period=6.667ns})
  Path Group:             (none)
  Path Type:              Setup (Max at Slow Process Corner)
  Data Path Delay:        0.616ns  (logic 0.200ns (32.468%)  route 0.416ns (67.532%))
  Logic Levels:           2  (LUT4=1 LUT6=1)
  Clock Path Skew:        0.021ns (DCD - SCD + CPR)
    Destination Clock Delay (DCD):    0.021ns
    Source Clock Delay      (SCD):    0.000ns
    Clock Pessimism Removal (CPR):    0.000ns
  Clock Uncertainty:      0.025ns  ((TSJ^2 + TIJ^2)^1/2 + DJ) / 2 + PE
    Total System Jitter     (TSJ):    0.050ns
    Total Input Jitter      (TIJ):    0.000ns
    Discrete Jitter          (DJ):    0.000ns
    Phase Error              (PE):    0.000ns

    Location             Delay type                Incr(ns)  Path(ns)    Netlist Resource(s)
  -------------------------------------------------------------------    -------------------
                                                      0.000     0.000 r  m_axis_tready (IN)
                         net (fo=17, unset)           0.000     0.000    u_event/m_axis_tready
                         LUT4 (Prop_LUT4_I0_O)        0.100     0.100 r  u_event/m_axis_tvalid_i_1/O
                         net (fo=66, unplaced)        0.217     0.317    u_compute_core/u_energy64/advance
                         LUT6 (Prop_LUT6_I0_O)        0.100     0.417 r  u_compute_core/u_energy64/square_history[0][30]_i_1/O
                         net (fo=31, unplaced)        0.199     0.616    u_compute_core/u_energy64/square_history[0][30]_i_1_n_0
                         FDRE                                         r  u_compute_core/u_energy64/square_history_reg[0][21]/CE
  -------------------------------------------------------------------    -------------------

                         (clock accelerator_clk rise edge)
                                                      0.000     0.000 r  
                                                      0.000     0.000 r  aclk (IN)
                         net (fo=3054, unset)         0.021     0.021    u_compute_core/u_energy64/aclk
                         FDRE                                         r  u_compute_core/u_energy64/square_history_reg[0][21]/C

Slack:                    inf
  Source:                 m_axis_tready
                            (input port)
  Destination:            u_compute_core/u_energy64/square_history_reg[0][22]/CE
                            (rising edge-triggered cell FDRE clocked by accelerator_clk  {rise@0.000ns fall@3.333ns period=6.667ns})
  Path Group:             (none)
  Path Type:              Setup (Max at Slow Process Corner)
  Data Path Delay:        0.616ns  (logic 0.200ns (32.468%)  route 0.416ns (67.532%))
  Logic Levels:           2  (LUT4=1 LUT6=1)
  Clock Path Skew:        0.021ns (DCD - SCD + CPR)
    Destination Clock Delay (DCD):    0.021ns
    Source Clock Delay      (SCD):    0.000ns
    Clock Pessimism Removal (CPR):    0.000ns
  Clock Uncertainty:      0.025ns  ((TSJ^2 + TIJ^2)^1/2 + DJ) / 2 + PE
    Total System Jitter     (TSJ):    0.050ns
    Total Input Jitter      (TIJ):    0.000ns
    Discrete Jitter          (DJ):    0.000ns
    Phase Error              (PE):    0.000ns

    Location             Delay type                Incr(ns)  Path(ns)    Netlist Resource(s)
  -------------------------------------------------------------------    -------------------
                                                      0.000     0.000 r  m_axis_tready (IN)
                         net (fo=17, unset)           0.000     0.000    u_event/m_axis_tready
                         LUT4 (Prop_LUT4_I0_O)        0.100     0.100 r  u_event/m_axis_tvalid_i_1/O
                         net (fo=66, unplaced)        0.217     0.317    u_compute_core/u_energy64/advance
                         LUT6 (Prop_LUT6_I0_O)        0.100     0.417 r  u_compute_core/u_energy64/square_history[0][30]_i_1/O
                         net (fo=31, unplaced)        0.199     0.616    u_compute_core/u_energy64/square_history[0][30]_i_1_n_0
                         FDRE                                         r  u_compute_core/u_energy64/square_history_reg[0][22]/CE
  -------------------------------------------------------------------    -------------------

                         (clock accelerator_clk rise edge)
                                                      0.000     0.000 r  
                                                      0.000     0.000 r  aclk (IN)
                         net (fo=3054, unset)         0.021     0.021    u_compute_core/u_energy64/aclk
                         FDRE                                         r  u_compute_core/u_energy64/square_history_reg[0][22]/C

Slack:                    inf
  Source:                 m_axis_tready
                            (input port)
  Destination:            u_compute_core/u_energy64/square_history_reg[0][23]/CE
                            (rising edge-triggered cell FDRE clocked by accelerator_clk  {rise@0.000ns fall@3.333ns period=6.667ns})
  Path Group:             (none)
  Path Type:              Setup (Max at Slow Process Corner)
  Data Path Delay:        0.616ns  (logic 0.200ns (32.468%)  route 0.416ns (67.532%))
  Logic Levels:           2  (LUT4=1 LUT6=1)
  Clock Path Skew:        0.021ns (DCD - SCD + CPR)
    Destination Clock Delay (DCD):    0.021ns
    Source Clock Delay      (SCD):    0.000ns
    Clock Pessimism Removal (CPR):    0.000ns
  Clock Uncertainty:      0.025ns  ((TSJ^2 + TIJ^2)^1/2 + DJ) / 2 + PE
    Total System Jitter     (TSJ):    0.050ns
    Total Input Jitter      (TIJ):    0.000ns
    Discrete Jitter          (DJ):    0.000ns
    Phase Error              (PE):    0.000ns

    Location             Delay type                Incr(ns)  Path(ns)    Netlist Resource(s)
  -------------------------------------------------------------------    -------------------
                                                      0.000     0.000 r  m_axis_tready (IN)
                         net (fo=17, unset)           0.000     0.000    u_event/m_axis_tready
                         LUT4 (Prop_LUT4_I0_O)        0.100     0.100 r  u_event/m_axis_tvalid_i_1/O
                         net (fo=66, unplaced)        0.217     0.317    u_compute_core/u_energy64/advance
                         LUT6 (Prop_LUT6_I0_O)        0.100     0.417 r  u_compute_core/u_energy64/square_history[0][30]_i_1/O
                         net (fo=31, unplaced)        0.199     0.616    u_compute_core/u_energy64/square_history[0][30]_i_1_n_0
                         FDRE                                         r  u_compute_core/u_energy64/square_history_reg[0][23]/CE
  -------------------------------------------------------------------    -------------------

                         (clock accelerator_clk rise edge)
                                                      0.000     0.000 r  
                                                      0.000     0.000 r  aclk (IN)
                         net (fo=3054, unset)         0.021     0.021    u_compute_core/u_energy64/aclk
                         FDRE                                         r  u_compute_core/u_energy64/square_history_reg[0][23]/C

Slack:                    inf
  Source:                 m_axis_tready
                            (input port)
  Destination:            u_compute_core/u_energy64/square_history_reg[0][24]/CE
                            (rising edge-triggered cell FDRE clocked by accelerator_clk  {rise@0.000ns fall@3.333ns period=6.667ns})
  Path Group:             (none)
  Path Type:              Setup (Max at Slow Process Corner)
  Data Path Delay:        0.616ns  (logic 0.200ns (32.468%)  route 0.416ns (67.532%))
  Logic Levels:           2  (LUT4=1 LUT6=1)
  Clock Path Skew:        0.021ns (DCD - SCD + CPR)
    Destination Clock Delay (DCD):    0.021ns
    Source Clock Delay      (SCD):    0.000ns
    Clock Pessimism Removal (CPR):    0.000ns
  Clock Uncertainty:      0.025ns  ((TSJ^2 + TIJ^2)^1/2 + DJ) / 2 + PE
    Total System Jitter     (TSJ):    0.050ns
    Total Input Jitter      (TIJ):    0.000ns
    Discrete Jitter          (DJ):    0.000ns
    Phase Error              (PE):    0.000ns

    Location             Delay type                Incr(ns)  Path(ns)    Netlist Resource(s)
  -------------------------------------------------------------------    -------------------
                                                      0.000     0.000 r  m_axis_tready (IN)
                         net (fo=17, unset)           0.000     0.000    u_event/m_axis_tready
                         LUT4 (Prop_LUT4_I0_O)        0.100     0.100 r  u_event/m_axis_tvalid_i_1/O
                         net (fo=66, unplaced)        0.217     0.317    u_compute_core/u_energy64/advance
                         LUT6 (Prop_LUT6_I0_O)        0.100     0.417 r  u_compute_core/u_energy64/square_history[0][30]_i_1/O
                         net (fo=31, unplaced)        0.199     0.616    u_compute_core/u_energy64/square_history[0][30]_i_1_n_0
                         FDRE                                         r  u_compute_core/u_energy64/square_history_reg[0][24]/CE
  -------------------------------------------------------------------    -------------------

                         (clock accelerator_clk rise edge)
                                                      0.000     0.000 r  
                                                      0.000     0.000 r  aclk (IN)
                         net (fo=3054, unset)         0.021     0.021    u_compute_core/u_energy64/aclk
                         FDRE                                         r  u_compute_core/u_energy64/square_history_reg[0][24]/C

Slack:                    inf
  Source:                 m_axis_tready
                            (input port)
  Destination:            u_compute_core/u_energy64/square_history_reg[0][25]/CE
                            (rising edge-triggered cell FDRE clocked by accelerator_clk  {rise@0.000ns fall@3.333ns period=6.667ns})
  Path Group:             (none)
  Path Type:              Setup (Max at Slow Process Corner)
  Data Path Delay:        0.616ns  (logic 0.200ns (32.468%)  route 0.416ns (67.532%))
  Logic Levels:           2  (LUT4=1 LUT6=1)
  Clock Path Skew:        0.021ns (DCD - SCD + CPR)
    Destination Clock Delay (DCD):    0.021ns
    Source Clock Delay      (SCD):    0.000ns
    Clock Pessimism Removal (CPR):    0.000ns
  Clock Uncertainty:      0.025ns  ((TSJ^2 + TIJ^2)^1/2 + DJ) / 2 + PE
    Total System Jitter     (TSJ):    0.050ns
    Total Input Jitter      (TIJ):    0.000ns
    Discrete Jitter          (DJ):    0.000ns
    Phase Error              (PE):    0.000ns

    Location             Delay type                Incr(ns)  Path(ns)    Netlist Resource(s)
  -------------------------------------------------------------------    -------------------
                                                      0.000     0.000 r  m_axis_tready (IN)
                         net (fo=17, unset)           0.000     0.000    u_event/m_axis_tready
                         LUT4 (Prop_LUT4_I0_O)        0.100     0.100 r  u_event/m_axis_tvalid_i_1/O
                         net (fo=66, unplaced)        0.217     0.317    u_compute_core/u_energy64/advance
                         LUT6 (Prop_LUT6_I0_O)        0.100     0.417 r  u_compute_core/u_energy64/square_history[0][30]_i_1/O
                         net (fo=31, unplaced)        0.199     0.616    u_compute_core/u_energy64/square_history[0][30]_i_1_n_0
                         FDRE                                         r  u_compute_core/u_energy64/square_history_reg[0][25]/CE
  -------------------------------------------------------------------    -------------------

                         (clock accelerator_clk rise edge)
                                                      0.000     0.000 r  
                                                      0.000     0.000 r  aclk (IN)
                         net (fo=3054, unset)         0.021     0.021    u_compute_core/u_energy64/aclk
                         FDRE                                         r  u_compute_core/u_energy64/square_history_reg[0][25]/C

Slack:                    inf
  Source:                 m_axis_tready
                            (input port)
  Destination:            u_compute_core/u_energy64/square_history_reg[0][26]/CE
                            (rising edge-triggered cell FDRE clocked by accelerator_clk  {rise@0.000ns fall@3.333ns period=6.667ns})
  Path Group:             (none)
  Path Type:              Setup (Max at Slow Process Corner)
  Data Path Delay:        0.616ns  (logic 0.200ns (32.468%)  route 0.416ns (67.532%))
  Logic Levels:           2  (LUT4=1 LUT6=1)
  Clock Path Skew:        0.021ns (DCD - SCD + CPR)
    Destination Clock Delay (DCD):    0.021ns
    Source Clock Delay      (SCD):    0.000ns
    Clock Pessimism Removal (CPR):    0.000ns
  Clock Uncertainty:      0.025ns  ((TSJ^2 + TIJ^2)^1/2 + DJ) / 2 + PE
    Total System Jitter     (TSJ):    0.050ns
    Total Input Jitter      (TIJ):    0.000ns
    Discrete Jitter          (DJ):    0.000ns
    Phase Error              (PE):    0.000ns

    Location             Delay type                Incr(ns)  Path(ns)    Netlist Resource(s)
  -------------------------------------------------------------------    -------------------
                                                      0.000     0.000 r  m_axis_tready (IN)
                         net (fo=17, unset)           0.000     0.000    u_event/m_axis_tready
                         LUT4 (Prop_LUT4_I0_O)        0.100     0.100 r  u_event/m_axis_tvalid_i_1/O
                         net (fo=66, unplaced)        0.217     0.317    u_compute_core/u_energy64/advance
                         LUT6 (Prop_LUT6_I0_O)        0.100     0.417 r  u_compute_core/u_energy64/square_history[0][30]_i_1/O
                         net (fo=31, unplaced)        0.199     0.616    u_compute_core/u_energy64/square_history[0][30]_i_1_n_0
                         FDRE                                         r  u_compute_core/u_energy64/square_history_reg[0][26]/CE
  -------------------------------------------------------------------    -------------------

                         (clock accelerator_clk rise edge)
                                                      0.000     0.000 r  
                                                      0.000     0.000 r  aclk (IN)
                         net (fo=3054, unset)         0.021     0.021    u_compute_core/u_energy64/aclk
                         FDRE                                         r  u_compute_core/u_energy64/square_history_reg[0][26]/C

Slack:                    inf
  Source:                 m_axis_tready
                            (input port)
  Destination:            u_compute_core/u_energy64/square_history_reg[0][27]/CE
                            (rising edge-triggered cell FDRE clocked by accelerator_clk  {rise@0.000ns fall@3.333ns period=6.667ns})
  Path Group:             (none)
  Path Type:              Setup (Max at Slow Process Corner)
  Data Path Delay:        0.616ns  (logic 0.200ns (32.468%)  route 0.416ns (67.532%))
  Logic Levels:           2  (LUT4=1 LUT6=1)
  Clock Path Skew:        0.021ns (DCD - SCD + CPR)
    Destination Clock Delay (DCD):    0.021ns
    Source Clock Delay      (SCD):    0.000ns
    Clock Pessimism Removal (CPR):    0.000ns
  Clock Uncertainty:      0.025ns  ((TSJ^2 + TIJ^2)^1/2 + DJ) / 2 + PE
    Total System Jitter     (TSJ):    0.050ns
    Total Input Jitter      (TIJ):    0.000ns
    Discrete Jitter          (DJ):    0.000ns
    Phase Error              (PE):    0.000ns

    Location             Delay type                Incr(ns)  Path(ns)    Netlist Resource(s)
  -------------------------------------------------------------------    -------------------
                                                      0.000     0.000 r  m_axis_tready (IN)
                         net (fo=17, unset)           0.000     0.000    u_event/m_axis_tready
                         LUT4 (Prop_LUT4_I0_O)        0.100     0.100 r  u_event/m_axis_tvalid_i_1/O
                         net (fo=66, unplaced)        0.217     0.317    u_compute_core/u_energy64/advance
                         LUT6 (Prop_LUT6_I0_O)        0.100     0.417 r  u_compute_core/u_energy64/square_history[0][30]_i_1/O
                         net (fo=31, unplaced)        0.199     0.616    u_compute_core/u_energy64/square_history[0][30]_i_1_n_0
                         FDRE                                         r  u_compute_core/u_energy64/square_history_reg[0][27]/CE
  -------------------------------------------------------------------    -------------------

                         (clock accelerator_clk rise edge)
                                                      0.000     0.000 r  
                                                      0.000     0.000 r  aclk (IN)
                         net (fo=3054, unset)         0.021     0.021    u_compute_core/u_energy64/aclk
                         FDRE                                         r  u_compute_core/u_energy64/square_history_reg[0][27]/C

Slack:                    inf
  Source:                 m_axis_tready
                            (input port)
  Destination:            u_compute_core/u_energy64/square_history_reg[0][28]/CE
                            (rising edge-triggered cell FDRE clocked by accelerator_clk  {rise@0.000ns fall@3.333ns period=6.667ns})
  Path Group:             (none)
  Path Type:              Setup (Max at Slow Process Corner)
  Data Path Delay:        0.616ns  (logic 0.200ns (32.468%)  route 0.416ns (67.532%))
  Logic Levels:           2  (LUT4=1 LUT6=1)
  Clock Path Skew:        0.021ns (DCD - SCD + CPR)
    Destination Clock Delay (DCD):    0.021ns
    Source Clock Delay      (SCD):    0.000ns
    Clock Pessimism Removal (CPR):    0.000ns
  Clock Uncertainty:      0.025ns  ((TSJ^2 + TIJ^2)^1/2 + DJ) / 2 + PE
    Total System Jitter     (TSJ):    0.050ns
    Total Input Jitter      (TIJ):    0.000ns
    Discrete Jitter          (DJ):    0.000ns
    Phase Error              (PE):    0.000ns

    Location             Delay type                Incr(ns)  Path(ns)    Netlist Resource(s)
  -------------------------------------------------------------------    -------------------
                                                      0.000     0.000 r  m_axis_tready (IN)
                         net (fo=17, unset)           0.000     0.000    u_event/m_axis_tready
                         LUT4 (Prop_LUT4_I0_O)        0.100     0.100 r  u_event/m_axis_tvalid_i_1/O
                         net (fo=66, unplaced)        0.217     0.317    u_compute_core/u_energy64/advance
                         LUT6 (Prop_LUT6_I0_O)        0.100     0.417 r  u_compute_core/u_energy64/square_history[0][30]_i_1/O
                         net (fo=31, unplaced)        0.199     0.616    u_compute_core/u_energy64/square_history[0][30]_i_1_n_0
                         FDRE                                         r  u_compute_core/u_energy64/square_history_reg[0][28]/CE
  -------------------------------------------------------------------    -------------------

                         (clock accelerator_clk rise edge)
                                                      0.000     0.000 r  
                                                      0.000     0.000 r  aclk (IN)
                         net (fo=3054, unset)         0.021     0.021    u_compute_core/u_energy64/aclk
                         FDRE                                         r  u_compute_core/u_energy64/square_history_reg[0][28]/C

Slack:                    inf
  Source:                 m_axis_tready
                            (input port)
  Destination:            u_compute_core/u_energy64/square_history_reg[0][29]/CE
                            (rising edge-triggered cell FDRE clocked by accelerator_clk  {rise@0.000ns fall@3.333ns period=6.667ns})
  Path Group:             (none)
  Path Type:              Setup (Max at Slow Process Corner)
  Data Path Delay:        0.616ns  (logic 0.200ns (32.468%)  route 0.416ns (67.532%))
  Logic Levels:           2  (LUT4=1 LUT6=1)
  Clock Path Skew:        0.021ns (DCD - SCD + CPR)
    Destination Clock Delay (DCD):    0.021ns
    Source Clock Delay      (SCD):    0.000ns
    Clock Pessimism Removal (CPR):    0.000ns
  Clock Uncertainty:      0.025ns  ((TSJ^2 + TIJ^2)^1/2 + DJ) / 2 + PE
    Total System Jitter     (TSJ):    0.050ns
    Total Input Jitter      (TIJ):    0.000ns
    Discrete Jitter          (DJ):    0.000ns
    Phase Error              (PE):    0.000ns

    Location             Delay type                Incr(ns)  Path(ns)    Netlist Resource(s)
  -------------------------------------------------------------------    -------------------
                                                      0.000     0.000 r  m_axis_tready (IN)
                         net (fo=17, unset)           0.000     0.000    u_event/m_axis_tready
                         LUT4 (Prop_LUT4_I0_O)        0.100     0.100 r  u_event/m_axis_tvalid_i_1/O
                         net (fo=66, unplaced)        0.217     0.317    u_compute_core/u_energy64/advance
                         LUT6 (Prop_LUT6_I0_O)        0.100     0.417 r  u_compute_core/u_energy64/square_history[0][30]_i_1/O
                         net (fo=31, unplaced)        0.199     0.616    u_compute_core/u_energy64/square_history[0][30]_i_1_n_0
                         FDRE                                         r  u_compute_core/u_energy64/square_history_reg[0][29]/CE
  -------------------------------------------------------------------    -------------------

                         (clock accelerator_clk rise edge)
                                                      0.000     0.000 r  
                                                      0.000     0.000 r  aclk (IN)
                         net (fo=3054, unset)         0.021     0.021    u_compute_core/u_energy64/aclk
                         FDRE                                         r  u_compute_core/u_energy64/square_history_reg[0][29]/C

Slack:                    inf
  Source:                 m_axis_tready
                            (input port)
  Destination:            u_compute_core/u_energy64/square_history_reg[0][2]/CE
                            (rising edge-triggered cell FDRE clocked by accelerator_clk  {rise@0.000ns fall@3.333ns period=6.667ns})
  Path Group:             (none)
  Path Type:              Setup (Max at Slow Process Corner)
  Data Path Delay:        0.616ns  (logic 0.200ns (32.468%)  route 0.416ns (67.532%))
  Logic Levels:           2  (LUT4=1 LUT6=1)
  Clock Path Skew:        0.021ns (DCD - SCD + CPR)
    Destination Clock Delay (DCD):    0.021ns
    Source Clock Delay      (SCD):    0.000ns
    Clock Pessimism Removal (CPR):    0.000ns
  Clock Uncertainty:      0.025ns  ((TSJ^2 + TIJ^2)^1/2 + DJ) / 2 + PE
    Total System Jitter     (TSJ):    0.050ns
    Total Input Jitter      (TIJ):    0.000ns
    Discrete Jitter          (DJ):    0.000ns
    Phase Error              (PE):    0.000ns

    Location             Delay type                Incr(ns)  Path(ns)    Netlist Resource(s)
  -------------------------------------------------------------------    -------------------
                                                      0.000     0.000 r  m_axis_tready (IN)
                         net (fo=17, unset)           0.000     0.000    u_event/m_axis_tready
                         LUT4 (Prop_LUT4_I0_O)        0.100     0.100 r  u_event/m_axis_tvalid_i_1/O
                         net (fo=66, unplaced)        0.217     0.317    u_compute_core/u_energy64/advance
                         LUT6 (Prop_LUT6_I0_O)        0.100     0.417 r  u_compute_core/u_energy64/square_history[0][30]_i_1/O
                         net (fo=31, unplaced)        0.199     0.616    u_compute_core/u_energy64/square_history[0][30]_i_1_n_0
                         FDRE                                         r  u_compute_core/u_energy64/square_history_reg[0][2]/CE
  -------------------------------------------------------------------    -------------------

                         (clock accelerator_clk rise edge)
                                                      0.000     0.000 r  
                                                      0.000     0.000 r  aclk (IN)
                         net (fo=3054, unset)         0.021     0.021    u_compute_core/u_energy64/aclk
                         FDRE                                         r  u_compute_core/u_energy64/square_history_reg[0][2]/C

Slack:                    inf
  Source:                 m_axis_tready
                            (input port)
  Destination:            u_compute_core/u_energy64/square_history_reg[0][30]/CE
                            (rising edge-triggered cell FDRE clocked by accelerator_clk  {rise@0.000ns fall@3.333ns period=6.667ns})
  Path Group:             (none)
  Path Type:              Setup (Max at Slow Process Corner)
  Data Path Delay:        0.616ns  (logic 0.200ns (32.468%)  route 0.416ns (67.532%))
  Logic Levels:           2  (LUT4=1 LUT6=1)
  Clock Path Skew:        0.021ns (DCD - SCD + CPR)
    Destination Clock Delay (DCD):    0.021ns
    Source Clock Delay      (SCD):    0.000ns
    Clock Pessimism Removal (CPR):    0.000ns
  Clock Uncertainty:      0.025ns  ((TSJ^2 + TIJ^2)^1/2 + DJ) / 2 + PE
    Total System Jitter     (TSJ):    0.050ns
    Total Input Jitter      (TIJ):    0.000ns
    Discrete Jitter          (DJ):    0.000ns
    Phase Error              (PE):    0.000ns

    Location             Delay type                Incr(ns)  Path(ns)    Netlist Resource(s)
  -------------------------------------------------------------------    -------------------
                                                      0.000     0.000 r  m_axis_tready (IN)
                         net (fo=17, unset)           0.000     0.000    u_event/m_axis_tready
                         LUT4 (Prop_LUT4_I0_O)        0.100     0.100 r  u_event/m_axis_tvalid_i_1/O
                         net (fo=66, unplaced)        0.217     0.317    u_compute_core/u_energy64/advance
                         LUT6 (Prop_LUT6_I0_O)        0.100     0.417 r  u_compute_core/u_energy64/square_history[0][30]_i_1/O
                         net (fo=31, unplaced)        0.199     0.616    u_compute_core/u_energy64/square_history[0][30]_i_1_n_0
                         FDRE                                         r  u_compute_core/u_energy64/square_history_reg[0][30]/CE
  -------------------------------------------------------------------    -------------------

                         (clock accelerator_clk rise edge)
                                                      0.000     0.000 r  
                                                      0.000     0.000 r  aclk (IN)
                         net (fo=3054, unset)         0.021     0.021    u_compute_core/u_energy64/aclk
                         FDRE                                         r  u_compute_core/u_energy64/square_history_reg[0][30]/C

Slack:                    inf
  Source:                 m_axis_tready
                            (input port)
  Destination:            u_compute_core/u_energy64/square_history_reg[0][3]/CE
                            (rising edge-triggered cell FDRE clocked by accelerator_clk  {rise@0.000ns fall@3.333ns period=6.667ns})
  Path Group:             (none)
  Path Type:              Setup (Max at Slow Process Corner)
  Data Path Delay:        0.616ns  (logic 0.200ns (32.468%)  route 0.416ns (67.532%))
  Logic Levels:           2  (LUT4=1 LUT6=1)
  Clock Path Skew:        0.021ns (DCD - SCD + CPR)
    Destination Clock Delay (DCD):    0.021ns
    Source Clock Delay      (SCD):    0.000ns
    Clock Pessimism Removal (CPR):    0.000ns
  Clock Uncertainty:      0.025ns  ((TSJ^2 + TIJ^2)^1/2 + DJ) / 2 + PE
    Total System Jitter     (TSJ):    0.050ns
    Total Input Jitter      (TIJ):    0.000ns
    Discrete Jitter          (DJ):    0.000ns
    Phase Error              (PE):    0.000ns

    Location             Delay type                Incr(ns)  Path(ns)    Netlist Resource(s)
  -------------------------------------------------------------------    -------------------
                                                      0.000     0.000 r  m_axis_tready (IN)
                         net (fo=17, unset)           0.000     0.000    u_event/m_axis_tready
                         LUT4 (Prop_LUT4_I0_O)        0.100     0.100 r  u_event/m_axis_tvalid_i_1/O
                         net (fo=66, unplaced)        0.217     0.317    u_compute_core/u_energy64/advance
                         LUT6 (Prop_LUT6_I0_O)        0.100     0.417 r  u_compute_core/u_energy64/square_history[0][30]_i_1/O
                         net (fo=31, unplaced)        0.199     0.616    u_compute_core/u_energy64/square_history[0][30]_i_1_n_0
                         FDRE                                         r  u_compute_core/u_energy64/square_history_reg[0][3]/CE
  -------------------------------------------------------------------    -------------------

                         (clock accelerator_clk rise edge)
                                                      0.000     0.000 r  
                                                      0.000     0.000 r  aclk (IN)
                         net (fo=3054, unset)         0.021     0.021    u_compute_core/u_energy64/aclk
                         FDRE                                         r  u_compute_core/u_energy64/square_history_reg[0][3]/C

Slack:                    inf
  Source:                 m_axis_tready
                            (input port)
  Destination:            u_compute_core/u_energy64/square_history_reg[0][4]/CE
                            (rising edge-triggered cell FDRE clocked by accelerator_clk  {rise@0.000ns fall@3.333ns period=6.667ns})
  Path Group:             (none)
  Path Type:              Setup (Max at Slow Process Corner)
  Data Path Delay:        0.616ns  (logic 0.200ns (32.468%)  route 0.416ns (67.532%))
  Logic Levels:           2  (LUT4=1 LUT6=1)
  Clock Path Skew:        0.021ns (DCD - SCD + CPR)
    Destination Clock Delay (DCD):    0.021ns
    Source Clock Delay      (SCD):    0.000ns
    Clock Pessimism Removal (CPR):    0.000ns
  Clock Uncertainty:      0.025ns  ((TSJ^2 + TIJ^2)^1/2 + DJ) / 2 + PE
    Total System Jitter     (TSJ):    0.050ns
    Total Input Jitter      (TIJ):    0.000ns
    Discrete Jitter          (DJ):    0.000ns
    Phase Error              (PE):    0.000ns

    Location             Delay type                Incr(ns)  Path(ns)    Netlist Resource(s)
  -------------------------------------------------------------------    -------------------
                                                      0.000     0.000 r  m_axis_tready (IN)
                         net (fo=17, unset)           0.000     0.000    u_event/m_axis_tready
                         LUT4 (Prop_LUT4_I0_O)        0.100     0.100 r  u_event/m_axis_tvalid_i_1/O
                         net (fo=66, unplaced)        0.217     0.317    u_compute_core/u_energy64/advance
                         LUT6 (Prop_LUT6_I0_O)        0.100     0.417 r  u_compute_core/u_energy64/square_history[0][30]_i_1/O
                         net (fo=31, unplaced)        0.199     0.616    u_compute_core/u_energy64/square_history[0][30]_i_1_n_0
                         FDRE                                         r  u_compute_core/u_energy64/square_history_reg[0][4]/CE
  -------------------------------------------------------------------    -------------------

                         (clock accelerator_clk rise edge)
                                                      0.000     0.000 r  
                                                      0.000     0.000 r  aclk (IN)
                         net (fo=3054, unset)         0.021     0.021    u_compute_core/u_energy64/aclk
                         FDRE                                         r  u_compute_core/u_energy64/square_history_reg[0][4]/C

Slack:                    inf
  Source:                 m_axis_tready
                            (input port)
  Destination:            u_compute_core/u_energy64/square_history_reg[0][5]/CE
                            (rising edge-triggered cell FDRE clocked by accelerator_clk  {rise@0.000ns fall@3.333ns period=6.667ns})
  Path Group:             (none)
  Path Type:              Setup (Max at Slow Process Corner)
  Data Path Delay:        0.616ns  (logic 0.200ns (32.468%)  route 0.416ns (67.532%))
  Logic Levels:           2  (LUT4=1 LUT6=1)
  Clock Path Skew:        0.021ns (DCD - SCD + CPR)
    Destination Clock Delay (DCD):    0.021ns
    Source Clock Delay      (SCD):    0.000ns
    Clock Pessimism Removal (CPR):    0.000ns
  Clock Uncertainty:      0.025ns  ((TSJ^2 + TIJ^2)^1/2 + DJ) / 2 + PE
    Total System Jitter     (TSJ):    0.050ns
    Total Input Jitter      (TIJ):    0.000ns
    Discrete Jitter          (DJ):    0.000ns
    Phase Error              (PE):    0.000ns

    Location             Delay type                Incr(ns)  Path(ns)    Netlist Resource(s)
  -------------------------------------------------------------------    -------------------
                                                      0.000     0.000 r  m_axis_tready (IN)
                         net (fo=17, unset)           0.000     0.000    u_event/m_axis_tready
                         LUT4 (Prop_LUT4_I0_O)        0.100     0.100 r  u_event/m_axis_tvalid_i_1/O
                         net (fo=66, unplaced)        0.217     0.317    u_compute_core/u_energy64/advance
                         LUT6 (Prop_LUT6_I0_O)        0.100     0.417 r  u_compute_core/u_energy64/square_history[0][30]_i_1/O
                         net (fo=31, unplaced)        0.199     0.616    u_compute_core/u_energy64/square_history[0][30]_i_1_n_0
                         FDRE                                         r  u_compute_core/u_energy64/square_history_reg[0][5]/CE
  -------------------------------------------------------------------    -------------------

                         (clock accelerator_clk rise edge)
                                                      0.000     0.000 r  
                                                      0.000     0.000 r  aclk (IN)
                         net (fo=3054, unset)         0.021     0.021    u_compute_core/u_energy64/aclk
                         FDRE                                         r  u_compute_core/u_energy64/square_history_reg[0][5]/C

Slack:                    inf
  Source:                 m_axis_tready
                            (input port)
  Destination:            u_compute_core/u_energy64/square_history_reg[0][6]/CE
                            (rising edge-triggered cell FDRE clocked by accelerator_clk  {rise@0.000ns fall@3.333ns period=6.667ns})
  Path Group:             (none)
  Path Type:              Setup (Max at Slow Process Corner)
  Data Path Delay:        0.616ns  (logic 0.200ns (32.468%)  route 0.416ns (67.532%))
  Logic Levels:           2  (LUT4=1 LUT6=1)
  Clock Path Skew:        0.021ns (DCD - SCD + CPR)
    Destination Clock Delay (DCD):    0.021ns
    Source Clock Delay      (SCD):    0.000ns
    Clock Pessimism Removal (CPR):    0.000ns
  Clock Uncertainty:      0.025ns  ((TSJ^2 + TIJ^2)^1/2 + DJ) / 2 + PE
    Total System Jitter     (TSJ):    0.050ns
    Total Input Jitter      (TIJ):    0.000ns
    Discrete Jitter          (DJ):    0.000ns
    Phase Error              (PE):    0.000ns

    Location             Delay type                Incr(ns)  Path(ns)    Netlist Resource(s)
  -------------------------------------------------------------------    -------------------
                                                      0.000     0.000 r  m_axis_tready (IN)
                         net (fo=17, unset)           0.000     0.000    u_event/m_axis_tready
                         LUT4 (Prop_LUT4_I0_O)        0.100     0.100 r  u_event/m_axis_tvalid_i_1/O
                         net (fo=66, unplaced)        0.217     0.317    u_compute_core/u_energy64/advance
                         LUT6 (Prop_LUT6_I0_O)        0.100     0.417 r  u_compute_core/u_energy64/square_history[0][30]_i_1/O
                         net (fo=31, unplaced)        0.199     0.616    u_compute_core/u_energy64/square_history[0][30]_i_1_n_0
                         FDRE                                         r  u_compute_core/u_energy64/square_history_reg[0][6]/CE
  -------------------------------------------------------------------    -------------------

                         (clock accelerator_clk rise edge)
                                                      0.000     0.000 r  
                                                      0.000     0.000 r  aclk (IN)
                         net (fo=3054, unset)         0.021     0.021    u_compute_core/u_energy64/aclk
                         FDRE                                         r  u_compute_core/u_energy64/square_history_reg[0][6]/C

Slack:                    inf
  Source:                 m_axis_tready
                            (input port)
  Destination:            u_compute_core/u_energy64/square_history_reg[0][7]/CE
                            (rising edge-triggered cell FDRE clocked by accelerator_clk  {rise@0.000ns fall@3.333ns period=6.667ns})
  Path Group:             (none)
  Path Type:              Setup (Max at Slow Process Corner)
  Data Path Delay:        0.616ns  (logic 0.200ns (32.468%)  route 0.416ns (67.532%))
  Logic Levels:           2  (LUT4=1 LUT6=1)
  Clock Path Skew:        0.021ns (DCD - SCD + CPR)
    Destination Clock Delay (DCD):    0.021ns
    Source Clock Delay      (SCD):    0.000ns
    Clock Pessimism Removal (CPR):    0.000ns
  Clock Uncertainty:      0.025ns  ((TSJ^2 + TIJ^2)^1/2 + DJ) / 2 + PE
    Total System Jitter     (TSJ):    0.050ns
    Total Input Jitter      (TIJ):    0.000ns
    Discrete Jitter          (DJ):    0.000ns
    Phase Error              (PE):    0.000ns

    Location             Delay type                Incr(ns)  Path(ns)    Netlist Resource(s)
  -------------------------------------------------------------------    -------------------
                                                      0.000     0.000 r  m_axis_tready (IN)
                         net (fo=17, unset)           0.000     0.000    u_event/m_axis_tready
                         LUT4 (Prop_LUT4_I0_O)        0.100     0.100 r  u_event/m_axis_tvalid_i_1/O
                         net (fo=66, unplaced)        0.217     0.317    u_compute_core/u_energy64/advance
                         LUT6 (Prop_LUT6_I0_O)        0.100     0.417 r  u_compute_core/u_energy64/square_history[0][30]_i_1/O
                         net (fo=31, unplaced)        0.199     0.616    u_compute_core/u_energy64/square_history[0][30]_i_1_n_0
                         FDRE                                         r  u_compute_core/u_energy64/square_history_reg[0][7]/CE
  -------------------------------------------------------------------    -------------------

                         (clock accelerator_clk rise edge)
                                                      0.000     0.000 r  
                                                      0.000     0.000 r  aclk (IN)
                         net (fo=3054, unset)         0.021     0.021    u_compute_core/u_energy64/aclk
                         FDRE                                         r  u_compute_core/u_energy64/square_history_reg[0][7]/C

Slack:                    inf
  Source:                 m_axis_tready
                            (input port)
  Destination:            u_compute_core/u_energy64/square_history_reg[0][8]/CE
                            (rising edge-triggered cell FDRE clocked by accelerator_clk  {rise@0.000ns fall@3.333ns period=6.667ns})
  Path Group:             (none)
  Path Type:              Setup (Max at Slow Process Corner)
  Data Path Delay:        0.616ns  (logic 0.200ns (32.468%)  route 0.416ns (67.532%))
  Logic Levels:           2  (LUT4=1 LUT6=1)
  Clock Path Skew:        0.021ns (DCD - SCD + CPR)
    Destination Clock Delay (DCD):    0.021ns
    Source Clock Delay      (SCD):    0.000ns
    Clock Pessimism Removal (CPR):    0.000ns
  Clock Uncertainty:      0.025ns  ((TSJ^2 + TIJ^2)^1/2 + DJ) / 2 + PE
    Total System Jitter     (TSJ):    0.050ns
    Total Input Jitter      (TIJ):    0.000ns
    Discrete Jitter          (DJ):    0.000ns
    Phase Error              (PE):    0.000ns

    Location             Delay type                Incr(ns)  Path(ns)    Netlist Resource(s)
  -------------------------------------------------------------------    -------------------
                                                      0.000     0.000 r  m_axis_tready (IN)
                         net (fo=17, unset)           0.000     0.000    u_event/m_axis_tready
                         LUT4 (Prop_LUT4_I0_O)        0.100     0.100 r  u_event/m_axis_tvalid_i_1/O
                         net (fo=66, unplaced)        0.217     0.317    u_compute_core/u_energy64/advance
                         LUT6 (Prop_LUT6_I0_O)        0.100     0.417 r  u_compute_core/u_energy64/square_history[0][30]_i_1/O
                         net (fo=31, unplaced)        0.199     0.616    u_compute_core/u_energy64/square_history[0][30]_i_1_n_0
                         FDRE                                         r  u_compute_core/u_energy64/square_history_reg[0][8]/CE
  -------------------------------------------------------------------    -------------------

                         (clock accelerator_clk rise edge)
                                                      0.000     0.000 r  
                                                      0.000     0.000 r  aclk (IN)
                         net (fo=3054, unset)         0.021     0.021    u_compute_core/u_energy64/aclk
                         FDRE                                         r  u_compute_core/u_energy64/square_history_reg[0][8]/C





Min Delay Paths
--------------------------------------------------------------------------------------
Slack:                    inf
  Source:                 s_axis_tdata[0]
                            (input port)
  Destination:            u_compute_core/u_fir32/history_reg[0][0]/D
                            (rising edge-triggered cell FDRE clocked by accelerator_clk  {rise@0.000ns fall@3.333ns period=6.667ns})
  Path Group:             (none)
  Path Type:              Hold (Min at Fast Process Corner)
  Data Path Delay:        0.009ns  (logic 0.000ns (0.000%)  route 0.009ns (100.000%))
  Logic Levels:           0  
  Clock Path Skew:        0.019ns (DCD - SCD - CPR)
    Destination Clock Delay (DCD):    0.019ns
    Source Clock Delay      (SCD):    0.000ns
    Clock Pessimism Removal (CPR):    -0.000ns

    Location             Delay type                Incr(ns)  Path(ns)    Netlist Resource(s)
  -------------------------------------------------------------------    -------------------
                                                      0.000     0.000 r  s_axis_tdata[0] (IN)
                         net (fo=3, unset)            0.009     0.009    u_compute_core/u_fir32/s_axis_tdata[0]
                         FDRE                                         r  u_compute_core/u_fir32/history_reg[0][0]/D
  -------------------------------------------------------------------    -------------------

                         (clock accelerator_clk rise edge)
                                                      0.000     0.000 r  
                                                      0.000     0.000 r  aclk (IN)
                         net (fo=3054, unset)         0.019     0.019    u_compute_core/u_fir32/aclk
                         FDRE                                         r  u_compute_core/u_fir32/history_reg[0][0]/C

Slack:                    inf
  Source:                 s_axis_tdata[10]
                            (input port)
  Destination:            u_compute_core/u_fir32/history_reg[0][10]/D
                            (rising edge-triggered cell FDRE clocked by accelerator_clk  {rise@0.000ns fall@3.333ns period=6.667ns})
  Path Group:             (none)
  Path Type:              Hold (Min at Fast Process Corner)
  Data Path Delay:        0.009ns  (logic 0.000ns (0.000%)  route 0.009ns (100.000%))
  Logic Levels:           0  
  Clock Path Skew:        0.019ns (DCD - SCD - CPR)
    Destination Clock Delay (DCD):    0.019ns
    Source Clock Delay      (SCD):    0.000ns
    Clock Pessimism Removal (CPR):    -0.000ns

    Location             Delay type                Incr(ns)  Path(ns)    Netlist Resource(s)
  -------------------------------------------------------------------    -------------------
                                                      0.000     0.000 r  s_axis_tdata[10] (IN)
                         net (fo=3, unset)            0.009     0.009    u_compute_core/u_fir32/s_axis_tdata[10]
                         FDRE                                         r  u_compute_core/u_fir32/history_reg[0][10]/D
  -------------------------------------------------------------------    -------------------

                         (clock accelerator_clk rise edge)
                                                      0.000     0.000 r  
                                                      0.000     0.000 r  aclk (IN)
                         net (fo=3054, unset)         0.019     0.019    u_compute_core/u_fir32/aclk
                         FDRE                                         r  u_compute_core/u_fir32/history_reg[0][10]/C

Slack:                    inf
  Source:                 s_axis_tdata[11]
                            (input port)
  Destination:            u_compute_core/u_fir32/history_reg[0][11]/D
                            (rising edge-triggered cell FDRE clocked by accelerator_clk  {rise@0.000ns fall@3.333ns period=6.667ns})
  Path Group:             (none)
  Path Type:              Hold (Min at Fast Process Corner)
  Data Path Delay:        0.009ns  (logic 0.000ns (0.000%)  route 0.009ns (100.000%))
  Logic Levels:           0  
  Clock Path Skew:        0.019ns (DCD - SCD - CPR)
    Destination Clock Delay (DCD):    0.019ns
    Source Clock Delay      (SCD):    0.000ns
    Clock Pessimism Removal (CPR):    -0.000ns

    Location             Delay type                Incr(ns)  Path(ns)    Netlist Resource(s)
  -------------------------------------------------------------------    -------------------
                                                      0.000     0.000 r  s_axis_tdata[11] (IN)
                         net (fo=3, unset)            0.009     0.009    u_compute_core/u_fir32/s_axis_tdata[11]
                         FDRE                                         r  u_compute_core/u_fir32/history_reg[0][11]/D
  -------------------------------------------------------------------    -------------------

                         (clock accelerator_clk rise edge)
                                                      0.000     0.000 r  
                                                      0.000     0.000 r  aclk (IN)
                         net (fo=3054, unset)         0.019     0.019    u_compute_core/u_fir32/aclk
                         FDRE                                         r  u_compute_core/u_fir32/history_reg[0][11]/C

Slack:                    inf
  Source:                 s_axis_tdata[12]
                            (input port)
  Destination:            u_compute_core/u_fir32/history_reg[0][12]/D
                            (rising edge-triggered cell FDRE clocked by accelerator_clk  {rise@0.000ns fall@3.333ns period=6.667ns})
  Path Group:             (none)
  Path Type:              Hold (Min at Fast Process Corner)
  Data Path Delay:        0.009ns  (logic 0.000ns (0.000%)  route 0.009ns (100.000%))
  Logic Levels:           0  
  Clock Path Skew:        0.019ns (DCD - SCD - CPR)
    Destination Clock Delay (DCD):    0.019ns
    Source Clock Delay      (SCD):    0.000ns
    Clock Pessimism Removal (CPR):    -0.000ns

    Location             Delay type                Incr(ns)  Path(ns)    Netlist Resource(s)
  -------------------------------------------------------------------    -------------------
                                                      0.000     0.000 r  s_axis_tdata[12] (IN)
                         net (fo=3, unset)            0.009     0.009    u_compute_core/u_fir32/s_axis_tdata[12]
                         FDRE                                         r  u_compute_core/u_fir32/history_reg[0][12]/D
  -------------------------------------------------------------------    -------------------

                         (clock accelerator_clk rise edge)
                                                      0.000     0.000 r  
                                                      0.000     0.000 r  aclk (IN)
                         net (fo=3054, unset)         0.019     0.019    u_compute_core/u_fir32/aclk
                         FDRE                                         r  u_compute_core/u_fir32/history_reg[0][12]/C

Slack:                    inf
  Source:                 s_axis_tdata[13]
                            (input port)
  Destination:            u_compute_core/u_fir32/history_reg[0][13]/D
                            (rising edge-triggered cell FDRE clocked by accelerator_clk  {rise@0.000ns fall@3.333ns period=6.667ns})
  Path Group:             (none)
  Path Type:              Hold (Min at Fast Process Corner)
  Data Path Delay:        0.009ns  (logic 0.000ns (0.000%)  route 0.009ns (100.000%))
  Logic Levels:           0  
  Clock Path Skew:        0.019ns (DCD - SCD - CPR)
    Destination Clock Delay (DCD):    0.019ns
    Source Clock Delay      (SCD):    0.000ns
    Clock Pessimism Removal (CPR):    -0.000ns

    Location             Delay type                Incr(ns)  Path(ns)    Netlist Resource(s)
  -------------------------------------------------------------------    -------------------
                                                      0.000     0.000 r  s_axis_tdata[13] (IN)
                         net (fo=3, unset)            0.009     0.009    u_compute_core/u_fir32/s_axis_tdata[13]
                         FDRE                                         r  u_compute_core/u_fir32/history_reg[0][13]/D
  -------------------------------------------------------------------    -------------------

                         (clock accelerator_clk rise edge)
                                                      0.000     0.000 r  
                                                      0.000     0.000 r  aclk (IN)
                         net (fo=3054, unset)         0.019     0.019    u_compute_core/u_fir32/aclk
                         FDRE                                         r  u_compute_core/u_fir32/history_reg[0][13]/C

Slack:                    inf
  Source:                 s_axis_tdata[14]
                            (input port)
  Destination:            u_compute_core/u_fir32/history_reg[0][14]/D
                            (rising edge-triggered cell FDRE clocked by accelerator_clk  {rise@0.000ns fall@3.333ns period=6.667ns})
  Path Group:             (none)
  Path Type:              Hold (Min at Fast Process Corner)
  Data Path Delay:        0.009ns  (logic 0.000ns (0.000%)  route 0.009ns (100.000%))
  Logic Levels:           0  
  Clock Path Skew:        0.019ns (DCD - SCD - CPR)
    Destination Clock Delay (DCD):    0.019ns
    Source Clock Delay      (SCD):    0.000ns
    Clock Pessimism Removal (CPR):    -0.000ns

    Location             Delay type                Incr(ns)  Path(ns)    Netlist Resource(s)
  -------------------------------------------------------------------    -------------------
                                                      0.000     0.000 r  s_axis_tdata[14] (IN)
                         net (fo=3, unset)            0.009     0.009    u_compute_core/u_fir32/s_axis_tdata[14]
                         FDRE                                         r  u_compute_core/u_fir32/history_reg[0][14]/D
  -------------------------------------------------------------------    -------------------

                         (clock accelerator_clk rise edge)
                                                      0.000     0.000 r  
                                                      0.000     0.000 r  aclk (IN)
                         net (fo=3054, unset)         0.019     0.019    u_compute_core/u_fir32/aclk
                         FDRE                                         r  u_compute_core/u_fir32/history_reg[0][14]/C

Slack:                    inf
  Source:                 s_axis_tdata[15]
                            (input port)
  Destination:            u_compute_core/u_fir32/history_reg[0][15]/D
                            (rising edge-triggered cell FDRE clocked by accelerator_clk  {rise@0.000ns fall@3.333ns period=6.667ns})
  Path Group:             (none)
  Path Type:              Hold (Min at Fast Process Corner)
  Data Path Delay:        0.009ns  (logic 0.000ns (0.000%)  route 0.009ns (100.000%))
  Logic Levels:           0  
  Clock Path Skew:        0.019ns (DCD - SCD - CPR)
    Destination Clock Delay (DCD):    0.019ns
    Source Clock Delay      (SCD):    0.000ns
    Clock Pessimism Removal (CPR):    -0.000ns

    Location             Delay type                Incr(ns)  Path(ns)    Netlist Resource(s)
  -------------------------------------------------------------------    -------------------
                                                      0.000     0.000 r  s_axis_tdata[15] (IN)
                         net (fo=45, unset)           0.009     0.009    u_compute_core/u_fir32/s_axis_tdata[15]
                         FDRE                                         r  u_compute_core/u_fir32/history_reg[0][15]/D
  -------------------------------------------------------------------    -------------------

                         (clock accelerator_clk rise edge)
                                                      0.000     0.000 r  
                                                      0.000     0.000 r  aclk (IN)
                         net (fo=3054, unset)         0.019     0.019    u_compute_core/u_fir32/aclk
                         FDRE                                         r  u_compute_core/u_fir32/history_reg[0][15]/C

Slack:                    inf
  Source:                 s_axis_tdata[1]
                            (input port)
  Destination:            u_compute_core/u_fir32/history_reg[0][1]/D
                            (rising edge-triggered cell FDRE clocked by accelerator_clk  {rise@0.000ns fall@3.333ns period=6.667ns})
  Path Group:             (none)
  Path Type:              Hold (Min at Fast Process Corner)
  Data Path Delay:        0.009ns  (logic 0.000ns (0.000%)  route 0.009ns (100.000%))
  Logic Levels:           0  
  Clock Path Skew:        0.019ns (DCD - SCD - CPR)
    Destination Clock Delay (DCD):    0.019ns
    Source Clock Delay      (SCD):    0.000ns
    Clock Pessimism Removal (CPR):    -0.000ns

    Location             Delay type                Incr(ns)  Path(ns)    Netlist Resource(s)
  -------------------------------------------------------------------    -------------------
                                                      0.000     0.000 r  s_axis_tdata[1] (IN)
                         net (fo=3, unset)            0.009     0.009    u_compute_core/u_fir32/s_axis_tdata[1]
                         FDRE                                         r  u_compute_core/u_fir32/history_reg[0][1]/D
  -------------------------------------------------------------------    -------------------

                         (clock accelerator_clk rise edge)
                                                      0.000     0.000 r  
                                                      0.000     0.000 r  aclk (IN)
                         net (fo=3054, unset)         0.019     0.019    u_compute_core/u_fir32/aclk
                         FDRE                                         r  u_compute_core/u_fir32/history_reg[0][1]/C

Slack:                    inf
  Source:                 s_axis_tdata[2]
                            (input port)
  Destination:            u_compute_core/u_fir32/history_reg[0][2]/D
                            (rising edge-triggered cell FDRE clocked by accelerator_clk  {rise@0.000ns fall@3.333ns period=6.667ns})
  Path Group:             (none)
  Path Type:              Hold (Min at Fast Process Corner)
  Data Path Delay:        0.009ns  (logic 0.000ns (0.000%)  route 0.009ns (100.000%))
  Logic Levels:           0  
  Clock Path Skew:        0.019ns (DCD - SCD - CPR)
    Destination Clock Delay (DCD):    0.019ns
    Source Clock Delay      (SCD):    0.000ns
    Clock Pessimism Removal (CPR):    -0.000ns

    Location             Delay type                Incr(ns)  Path(ns)    Netlist Resource(s)
  -------------------------------------------------------------------    -------------------
                                                      0.000     0.000 r  s_axis_tdata[2] (IN)
                         net (fo=3, unset)            0.009     0.009    u_compute_core/u_fir32/s_axis_tdata[2]
                         FDRE                                         r  u_compute_core/u_fir32/history_reg[0][2]/D
  -------------------------------------------------------------------    -------------------

                         (clock accelerator_clk rise edge)
                                                      0.000     0.000 r  
                                                      0.000     0.000 r  aclk (IN)
                         net (fo=3054, unset)         0.019     0.019    u_compute_core/u_fir32/aclk
                         FDRE                                         r  u_compute_core/u_fir32/history_reg[0][2]/C

Slack:                    inf
  Source:                 s_axis_tdata[3]
                            (input port)
  Destination:            u_compute_core/u_fir32/history_reg[0][3]/D
                            (rising edge-triggered cell FDRE clocked by accelerator_clk  {rise@0.000ns fall@3.333ns period=6.667ns})
  Path Group:             (none)
  Path Type:              Hold (Min at Fast Process Corner)
  Data Path Delay:        0.009ns  (logic 0.000ns (0.000%)  route 0.009ns (100.000%))
  Logic Levels:           0  
  Clock Path Skew:        0.019ns (DCD - SCD - CPR)
    Destination Clock Delay (DCD):    0.019ns
    Source Clock Delay      (SCD):    0.000ns
    Clock Pessimism Removal (CPR):    -0.000ns

    Location             Delay type                Incr(ns)  Path(ns)    Netlist Resource(s)
  -------------------------------------------------------------------    -------------------
                                                      0.000     0.000 r  s_axis_tdata[3] (IN)
                         net (fo=3, unset)            0.009     0.009    u_compute_core/u_fir32/s_axis_tdata[3]
                         FDRE                                         r  u_compute_core/u_fir32/history_reg[0][3]/D
  -------------------------------------------------------------------    -------------------

                         (clock accelerator_clk rise edge)
                                                      0.000     0.000 r  
                                                      0.000     0.000 r  aclk (IN)
                         net (fo=3054, unset)         0.019     0.019    u_compute_core/u_fir32/aclk
                         FDRE                                         r  u_compute_core/u_fir32/history_reg[0][3]/C

Slack:                    inf
  Source:                 s_axis_tdata[4]
                            (input port)
  Destination:            u_compute_core/u_fir32/history_reg[0][4]/D
                            (rising edge-triggered cell FDRE clocked by accelerator_clk  {rise@0.000ns fall@3.333ns period=6.667ns})
  Path Group:             (none)
  Path Type:              Hold (Min at Fast Process Corner)
  Data Path Delay:        0.009ns  (logic 0.000ns (0.000%)  route 0.009ns (100.000%))
  Logic Levels:           0  
  Clock Path Skew:        0.019ns (DCD - SCD - CPR)
    Destination Clock Delay (DCD):    0.019ns
    Source Clock Delay      (SCD):    0.000ns
    Clock Pessimism Removal (CPR):    -0.000ns

    Location             Delay type                Incr(ns)  Path(ns)    Netlist Resource(s)
  -------------------------------------------------------------------    -------------------
                                                      0.000     0.000 r  s_axis_tdata[4] (IN)
                         net (fo=3, unset)            0.009     0.009    u_compute_core/u_fir32/s_axis_tdata[4]
                         FDRE                                         r  u_compute_core/u_fir32/history_reg[0][4]/D
  -------------------------------------------------------------------    -------------------

                         (clock accelerator_clk rise edge)
                                                      0.000     0.000 r  
                                                      0.000     0.000 r  aclk (IN)
                         net (fo=3054, unset)         0.019     0.019    u_compute_core/u_fir32/aclk
                         FDRE                                         r  u_compute_core/u_fir32/history_reg[0][4]/C

Slack:                    inf
  Source:                 s_axis_tdata[5]
                            (input port)
  Destination:            u_compute_core/u_fir32/history_reg[0][5]/D
                            (rising edge-triggered cell FDRE clocked by accelerator_clk  {rise@0.000ns fall@3.333ns period=6.667ns})
  Path Group:             (none)
  Path Type:              Hold (Min at Fast Process Corner)
  Data Path Delay:        0.009ns  (logic 0.000ns (0.000%)  route 0.009ns (100.000%))
  Logic Levels:           0  
  Clock Path Skew:        0.019ns (DCD - SCD - CPR)
    Destination Clock Delay (DCD):    0.019ns
    Source Clock Delay      (SCD):    0.000ns
    Clock Pessimism Removal (CPR):    -0.000ns

    Location             Delay type                Incr(ns)  Path(ns)    Netlist Resource(s)
  -------------------------------------------------------------------    -------------------
                                                      0.000     0.000 r  s_axis_tdata[5] (IN)
                         net (fo=3, unset)            0.009     0.009    u_compute_core/u_fir32/s_axis_tdata[5]
                         FDRE                                         r  u_compute_core/u_fir32/history_reg[0][5]/D
  -------------------------------------------------------------------    -------------------

                         (clock accelerator_clk rise edge)
                                                      0.000     0.000 r  
                                                      0.000     0.000 r  aclk (IN)
                         net (fo=3054, unset)         0.019     0.019    u_compute_core/u_fir32/aclk
                         FDRE                                         r  u_compute_core/u_fir32/history_reg[0][5]/C

Slack:                    inf
  Source:                 s_axis_tdata[6]
                            (input port)
  Destination:            u_compute_core/u_fir32/history_reg[0][6]/D
                            (rising edge-triggered cell FDRE clocked by accelerator_clk  {rise@0.000ns fall@3.333ns period=6.667ns})
  Path Group:             (none)
  Path Type:              Hold (Min at Fast Process Corner)
  Data Path Delay:        0.009ns  (logic 0.000ns (0.000%)  route 0.009ns (100.000%))
  Logic Levels:           0  
  Clock Path Skew:        0.019ns (DCD - SCD - CPR)
    Destination Clock Delay (DCD):    0.019ns
    Source Clock Delay      (SCD):    0.000ns
    Clock Pessimism Removal (CPR):    -0.000ns

    Location             Delay type                Incr(ns)  Path(ns)    Netlist Resource(s)
  -------------------------------------------------------------------    -------------------
                                                      0.000     0.000 r  s_axis_tdata[6] (IN)
                         net (fo=3, unset)            0.009     0.009    u_compute_core/u_fir32/s_axis_tdata[6]
                         FDRE                                         r  u_compute_core/u_fir32/history_reg[0][6]/D
  -------------------------------------------------------------------    -------------------

                         (clock accelerator_clk rise edge)
                                                      0.000     0.000 r  
                                                      0.000     0.000 r  aclk (IN)
                         net (fo=3054, unset)         0.019     0.019    u_compute_core/u_fir32/aclk
                         FDRE                                         r  u_compute_core/u_fir32/history_reg[0][6]/C

Slack:                    inf
  Source:                 s_axis_tdata[7]
                            (input port)
  Destination:            u_compute_core/u_fir32/history_reg[0][7]/D
                            (rising edge-triggered cell FDRE clocked by accelerator_clk  {rise@0.000ns fall@3.333ns period=6.667ns})
  Path Group:             (none)
  Path Type:              Hold (Min at Fast Process Corner)
  Data Path Delay:        0.009ns  (logic 0.000ns (0.000%)  route 0.009ns (100.000%))
  Logic Levels:           0  
  Clock Path Skew:        0.019ns (DCD - SCD - CPR)
    Destination Clock Delay (DCD):    0.019ns
    Source Clock Delay      (SCD):    0.000ns
    Clock Pessimism Removal (CPR):    -0.000ns

    Location             Delay type                Incr(ns)  Path(ns)    Netlist Resource(s)
  -------------------------------------------------------------------    -------------------
                                                      0.000     0.000 r  s_axis_tdata[7] (IN)
                         net (fo=3, unset)            0.009     0.009    u_compute_core/u_fir32/s_axis_tdata[7]
                         FDRE                                         r  u_compute_core/u_fir32/history_reg[0][7]/D
  -------------------------------------------------------------------    -------------------

                         (clock accelerator_clk rise edge)
                                                      0.000     0.000 r  
                                                      0.000     0.000 r  aclk (IN)
                         net (fo=3054, unset)         0.019     0.019    u_compute_core/u_fir32/aclk
                         FDRE                                         r  u_compute_core/u_fir32/history_reg[0][7]/C

Slack:                    inf
  Source:                 s_axis_tdata[8]
                            (input port)
  Destination:            u_compute_core/u_fir32/history_reg[0][8]/D
                            (rising edge-triggered cell FDRE clocked by accelerator_clk  {rise@0.000ns fall@3.333ns period=6.667ns})
  Path Group:             (none)
  Path Type:              Hold (Min at Fast Process Corner)
  Data Path Delay:        0.009ns  (logic 0.000ns (0.000%)  route 0.009ns (100.000%))
  Logic Levels:           0  
  Clock Path Skew:        0.019ns (DCD - SCD - CPR)
    Destination Clock Delay (DCD):    0.019ns
    Source Clock Delay      (SCD):    0.000ns
    Clock Pessimism Removal (CPR):    -0.000ns

    Location             Delay type                Incr(ns)  Path(ns)    Netlist Resource(s)
  -------------------------------------------------------------------    -------------------
                                                      0.000     0.000 r  s_axis_tdata[8] (IN)
                         net (fo=3, unset)            0.009     0.009    u_compute_core/u_fir32/s_axis_tdata[8]
                         FDRE                                         r  u_compute_core/u_fir32/history_reg[0][8]/D
  -------------------------------------------------------------------    -------------------

                         (clock accelerator_clk rise edge)
                                                      0.000     0.000 r  
                                                      0.000     0.000 r  aclk (IN)
                         net (fo=3054, unset)         0.019     0.019    u_compute_core/u_fir32/aclk
                         FDRE                                         r  u_compute_core/u_fir32/history_reg[0][8]/C

Slack:                    inf
  Source:                 s_axis_tdata[9]
                            (input port)
  Destination:            u_compute_core/u_fir32/history_reg[0][9]/D
                            (rising edge-triggered cell FDRE clocked by accelerator_clk  {rise@0.000ns fall@3.333ns period=6.667ns})
  Path Group:             (none)
  Path Type:              Hold (Min at Fast Process Corner)
  Data Path Delay:        0.009ns  (logic 0.000ns (0.000%)  route 0.009ns (100.000%))
  Logic Levels:           0  
  Clock Path Skew:        0.019ns (DCD - SCD - CPR)
    Destination Clock Delay (DCD):    0.019ns
    Source Clock Delay      (SCD):    0.000ns
    Clock Pessimism Removal (CPR):    -0.000ns

    Location             Delay type                Incr(ns)  Path(ns)    Netlist Resource(s)
  -------------------------------------------------------------------    -------------------
                                                      0.000     0.000 r  s_axis_tdata[9] (IN)
                         net (fo=3, unset)            0.009     0.009    u_compute_core/u_fir32/s_axis_tdata[9]
                         FDRE                                         r  u_compute_core/u_fir32/history_reg[0][9]/D
  -------------------------------------------------------------------    -------------------

                         (clock accelerator_clk rise edge)
                                                      0.000     0.000 r  
                                                      0.000     0.000 r  aclk (IN)
                         net (fo=3054, unset)         0.019     0.019    u_compute_core/u_fir32/aclk
                         FDRE                                         r  u_compute_core/u_fir32/history_reg[0][9]/C

Slack:                    inf
  Source:                 s_axis_tlast
                            (input port)
  Destination:            u_compute_core/u_fir32/last_s0_reg/D
                            (rising edge-triggered cell FDRE clocked by accelerator_clk  {rise@0.000ns fall@3.333ns period=6.667ns})
  Path Group:             (none)
  Path Type:              Hold (Min at Fast Process Corner)
  Data Path Delay:        0.009ns  (logic 0.000ns (0.000%)  route 0.009ns (100.000%))
  Logic Levels:           0  
  Clock Path Skew:        0.019ns (DCD - SCD - CPR)
    Destination Clock Delay (DCD):    0.019ns
    Source Clock Delay      (SCD):    0.000ns
    Clock Pessimism Removal (CPR):    -0.000ns

    Location             Delay type                Incr(ns)  Path(ns)    Netlist Resource(s)
  -------------------------------------------------------------------    -------------------
                                                      0.000     0.000 r  s_axis_tlast (IN)
                         net (fo=0)                   0.009     0.009    u_compute_core/u_fir32/s_axis_tlast
                         FDRE                                         r  u_compute_core/u_fir32/last_s0_reg/D
  -------------------------------------------------------------------    -------------------

                         (clock accelerator_clk rise edge)
                                                      0.000     0.000 r  
                                                      0.000     0.000 r  aclk (IN)
                         net (fo=3054, unset)         0.019     0.019    u_compute_core/u_fir32/aclk
                         FDRE                                         r  u_compute_core/u_fir32/last_s0_reg/C

Slack:                    inf
  Source:                 aresetn
                            (input port)
  Destination:            u_compute_core/u_energy64/m_axis_tvalid_reg/D
                            (rising edge-triggered cell FDRE clocked by accelerator_clk  {rise@0.000ns fall@3.333ns period=6.667ns})
  Path Group:             (none)
  Path Type:              Hold (Min at Fast Process Corner)
  Data Path Delay:        0.039ns  (logic 0.023ns (58.974%)  route 0.016ns (41.026%))
  Logic Levels:           1  (LUT5=1)
  Clock Path Skew:        0.019ns (DCD - SCD - CPR)
    Destination Clock Delay (DCD):    0.019ns
    Source Clock Delay      (SCD):    0.000ns
    Clock Pessimism Removal (CPR):    -0.000ns

    Location             Delay type                Incr(ns)  Path(ns)    Netlist Resource(s)
  -------------------------------------------------------------------    -------------------
                                                      0.000     0.000 r  aresetn (IN)
                         net (fo=24, unset)           0.000     0.000    u_compute_core/u_fir32/aresetn
                         LUT5 (Prop_LUT5_I3_O)        0.023     0.023 r  u_compute_core/u_fir32/m_axis_tvalid_i_2/O
                         net (fo=62, unplaced)        0.016     0.039    u_compute_core/u_energy64/history_ptr0
                         FDRE                                         r  u_compute_core/u_energy64/m_axis_tvalid_reg/D
  -------------------------------------------------------------------    -------------------

                         (clock accelerator_clk rise edge)
                                                      0.000     0.000 r  
                                                      0.000     0.000 r  aclk (IN)
                         net (fo=3054, unset)         0.019     0.019    u_compute_core/u_energy64/aclk
                         FDRE                                         r  u_compute_core/u_energy64/m_axis_tvalid_reg/C

Slack:                    inf
  Source:                 m_axis_tready
                            (input port)
  Destination:            u_event/m_axis_tvalid_reg/D
                            (rising edge-triggered cell FDRE clocked by accelerator_clk  {rise@0.000ns fall@3.333ns period=6.667ns})
  Path Group:             (none)
  Path Type:              Hold (Min at Fast Process Corner)
  Data Path Delay:        0.050ns  (logic 0.034ns (68.000%)  route 0.016ns (32.000%))
  Logic Levels:           1  (LUT3=1)
  Clock Path Skew:        0.019ns (DCD - SCD - CPR)
    Destination Clock Delay (DCD):    0.019ns
    Source Clock Delay      (SCD):    0.000ns
    Clock Pessimism Removal (CPR):    -0.000ns

    Location             Delay type                Incr(ns)  Path(ns)    Netlist Resource(s)
  -------------------------------------------------------------------    -------------------
                                                      0.000     0.000 r  m_axis_tready (IN)
                         net (fo=17, unset)           0.000     0.000    u_compute_core/u_energy64/m_axis_tready
                         LUT3 (Prop_LUT3_I1_O)        0.034     0.034 r  u_compute_core/u_energy64/m_axis_tvalid_i_2__0/O
                         net (fo=1, unplaced)         0.016     0.050    u_event/was_above0
                         FDRE                                         r  u_event/m_axis_tvalid_reg/D
  -------------------------------------------------------------------    -------------------

                         (clock accelerator_clk rise edge)
                                                      0.000     0.000 r  
                                                      0.000     0.000 r  aclk (IN)
                         net (fo=3054, unset)         0.019     0.019    u_event/aclk
                         FDRE                                         r  u_event/m_axis_tvalid_reg/C

Slack:                    inf
  Source:                 m_axis_tready
                            (input port)
  Destination:            u_compute_core/u_energy64/m_axis_tlast_reg/D
                            (rising edge-triggered cell FDRE clocked by accelerator_clk  {rise@0.000ns fall@3.333ns period=6.667ns})
  Path Group:             (none)
  Path Type:              Hold (Min at Fast Process Corner)
  Data Path Delay:        0.051ns  (logic 0.035ns (68.627%)  route 0.016ns (31.373%))
  Logic Levels:           1  (LUT5=1)
  Clock Path Skew:        0.019ns (DCD - SCD - CPR)
    Destination Clock Delay (DCD):    0.019ns
    Source Clock Delay      (SCD):    0.000ns
    Clock Pessimism Removal (CPR):    -0.000ns

    Location             Delay type                Incr(ns)  Path(ns)    Netlist Resource(s)
  -------------------------------------------------------------------    -------------------
                                                      0.000     0.000 r  m_axis_tready (IN)
                         net (fo=17, unset)           0.000     0.000    u_compute_core/u_fir32/m_axis_tready
                         LUT5 (Prop_LUT5_I2_O)        0.035     0.035 r  u_compute_core/u_fir32/m_axis_tlast_i_1/O
                         net (fo=1, unplaced)         0.016     0.051    u_compute_core/u_energy64/m_axis_tlast_reg_0
                         FDRE                                         r  u_compute_core/u_energy64/m_axis_tlast_reg/D
  -------------------------------------------------------------------    -------------------

                         (clock accelerator_clk rise edge)
                                                      0.000     0.000 r  
                                                      0.000     0.000 r  aclk (IN)
                         net (fo=3054, unset)         0.019     0.019    u_compute_core/u_energy64/aclk
                         FDRE                                         r  u_compute_core/u_energy64/m_axis_tlast_reg/C

Slack:                    inf
  Source:                 m_axis_tready
                            (input port)
  Destination:            u_event/m_axis_tlast_reg/D
                            (rising edge-triggered cell FDRE clocked by accelerator_clk  {rise@0.000ns fall@3.333ns period=6.667ns})
  Path Group:             (none)
  Path Type:              Hold (Min at Fast Process Corner)
  Data Path Delay:        0.051ns  (logic 0.035ns (68.627%)  route 0.016ns (31.373%))
  Logic Levels:           1  (LUT4=1)
  Clock Path Skew:        0.019ns (DCD - SCD - CPR)
    Destination Clock Delay (DCD):    0.019ns
    Source Clock Delay      (SCD):    0.000ns
    Clock Pessimism Removal (CPR):    -0.000ns

    Location             Delay type                Incr(ns)  Path(ns)    Netlist Resource(s)
  -------------------------------------------------------------------    -------------------
                                                      0.000     0.000 r  m_axis_tready (IN)
                         net (fo=17, unset)           0.000     0.000    u_compute_core/u_energy64/m_axis_tready
                         LUT4 (Prop_LUT4_I1_O)        0.035     0.035 r  u_compute_core/u_energy64/m_axis_tlast_i_1__0/O
                         net (fo=1, unplaced)         0.016     0.051    u_event/m_axis_tlast_reg_0
                         FDRE                                         r  u_event/m_axis_tlast_reg/D
  -------------------------------------------------------------------    -------------------

                         (clock accelerator_clk rise edge)
                                                      0.000     0.000 r  
                                                      0.000     0.000 r  aclk (IN)
                         net (fo=3054, unset)         0.019     0.019    u_event/aclk
                         FDRE                                         r  u_event/m_axis_tlast_reg/C

Slack:                    inf
  Source:                 m_axis_tready
                            (input port)
  Destination:            u_compute_core/u_fir32/valid_s0_reg/D
                            (rising edge-triggered cell FDRE clocked by accelerator_clk  {rise@0.000ns fall@3.333ns period=6.667ns})
  Path Group:             (none)
  Path Type:              Hold (Min at Fast Process Corner)
  Data Path Delay:        0.064ns  (logic 0.048ns (75.000%)  route 0.016ns (25.000%))
  Logic Levels:           1  (LUT5=1)
  Clock Path Skew:        0.019ns (DCD - SCD - CPR)
    Destination Clock Delay (DCD):    0.019ns
    Source Clock Delay      (SCD):    0.000ns
    Clock Pessimism Removal (CPR):    -0.000ns

    Location             Delay type                Incr(ns)  Path(ns)    Netlist Resource(s)
  -------------------------------------------------------------------    -------------------
                                                      0.000     0.000 r  m_axis_tready (IN)
                         net (fo=17, unset)           0.000     0.000    u_compute_core/u_energy64/m_axis_tready
                         LUT5 (Prop_LUT5_I1_O)        0.048     0.048 r  u_compute_core/u_energy64/valid_s0_i_2/O
                         net (fo=1, unplaced)         0.016     0.064    u_compute_core/u_fir32/valid_s00
                         FDRE                                         r  u_compute_core/u_fir32/valid_s0_reg/D
  -------------------------------------------------------------------    -------------------

                         (clock accelerator_clk rise edge)
                                                      0.000     0.000 r  
                                                      0.000     0.000 r  aclk (IN)
                         net (fo=3054, unset)         0.019     0.019    u_compute_core/u_fir32/aclk
                         FDRE                                         r  u_compute_core/u_fir32/valid_s0_reg/C

Slack:                    inf
  Source:                 m_axis_tready
                            (input port)
  Destination:            u_event/m_axis_tlast_reg/CE
                            (rising edge-triggered cell FDRE clocked by accelerator_clk  {rise@0.000ns fall@3.333ns period=6.667ns})
  Path Group:             (none)
  Path Type:              Hold (Min at Fast Process Corner)
  Data Path Delay:        0.079ns  (logic 0.023ns (29.114%)  route 0.056ns (70.886%))
  Logic Levels:           1  (LUT2=1)
  Clock Path Skew:        0.019ns (DCD - SCD - CPR)
    Destination Clock Delay (DCD):    0.019ns
    Source Clock Delay      (SCD):    0.000ns
    Clock Pessimism Removal (CPR):    -0.000ns

    Location             Delay type                Incr(ns)  Path(ns)    Netlist Resource(s)
  -------------------------------------------------------------------    -------------------
                                                      0.000     0.000 r  m_axis_tready (IN)
                         net (fo=17, unset)           0.000     0.000    u_event/m_axis_tready
                         LUT2 (Prop_LUT2_I0_O)        0.023     0.023 r  u_event/m_axis_tvalid_i_1__0/O
                         net (fo=2, unplaced)         0.056     0.079    u_event/advance_0
                         FDRE                                         r  u_event/m_axis_tlast_reg/CE
  -------------------------------------------------------------------    -------------------

                         (clock accelerator_clk rise edge)
                                                      0.000     0.000 r  
                                                      0.000     0.000 r  aclk (IN)
                         net (fo=3054, unset)         0.019     0.019    u_event/aclk
                         FDRE                                         r  u_event/m_axis_tlast_reg/C

Slack:                    inf
  Source:                 m_axis_tready
                            (input port)
  Destination:            u_event/m_axis_tvalid_reg/CE
                            (rising edge-triggered cell FDRE clocked by accelerator_clk  {rise@0.000ns fall@3.333ns period=6.667ns})
  Path Group:             (none)
  Path Type:              Hold (Min at Fast Process Corner)
  Data Path Delay:        0.079ns  (logic 0.023ns (29.114%)  route 0.056ns (70.886%))
  Logic Levels:           1  (LUT2=1)
  Clock Path Skew:        0.019ns (DCD - SCD - CPR)
    Destination Clock Delay (DCD):    0.019ns
    Source Clock Delay      (SCD):    0.000ns
    Clock Pessimism Removal (CPR):    -0.000ns

    Location             Delay type                Incr(ns)  Path(ns)    Netlist Resource(s)
  -------------------------------------------------------------------    -------------------
                                                      0.000     0.000 r  m_axis_tready (IN)
                         net (fo=17, unset)           0.000     0.000    u_event/m_axis_tready
                         LUT2 (Prop_LUT2_I0_O)        0.023     0.023 r  u_event/m_axis_tvalid_i_1__0/O
                         net (fo=2, unplaced)         0.056     0.079    u_event/advance_0
                         FDRE                                         r  u_event/m_axis_tvalid_reg/CE
  -------------------------------------------------------------------    -------------------

                         (clock accelerator_clk rise edge)
                                                      0.000     0.000 r  
                                                      0.000     0.000 r  aclk (IN)
                         net (fo=3054, unset)         0.019     0.019    u_event/aclk
                         FDRE                                         r  u_event/m_axis_tvalid_reg/C

Slack:                    inf
  Source:                 aresetn
                            (input port)
  Destination:            u_compute_core/u_fir32/quant_s6_reg[0]/CE
                            (rising edge-triggered cell FDRE clocked by accelerator_clk  {rise@0.000ns fall@3.333ns period=6.667ns})
  Path Group:             (none)
  Path Type:              Hold (Min at Fast Process Corner)
  Data Path Delay:        0.093ns  (logic 0.014ns (15.054%)  route 0.079ns (84.946%))
  Logic Levels:           1  (LUT6=1)
  Clock Path Skew:        0.019ns (DCD - SCD - CPR)
    Destination Clock Delay (DCD):    0.019ns
    Source Clock Delay      (SCD):    0.000ns
    Clock Pessimism Removal (CPR):    -0.000ns

    Location             Delay type                Incr(ns)  Path(ns)    Netlist Resource(s)
  -------------------------------------------------------------------    -------------------
                                                      0.000     0.000 f  aresetn (IN)
                         net (fo=24, unset)           0.000     0.000    u_compute_core/u_fir32/aresetn
                         LUT6 (Prop_LUT6_I5_O)        0.014     0.014 r  u_compute_core/u_fir32/energy_acc1_i_1/O
                         net (fo=18, unplaced)        0.079     0.093    u_compute_core/u_fir32/CEB2
                         FDRE                                         r  u_compute_core/u_fir32/quant_s6_reg[0]/CE
  -------------------------------------------------------------------    -------------------

                         (clock accelerator_clk rise edge)
                                                      0.000     0.000 r  
                                                      0.000     0.000 r  aclk (IN)
                         net (fo=3054, unset)         0.019     0.019    u_compute_core/u_fir32/aclk
                         FDRE                                         r  u_compute_core/u_fir32/quant_s6_reg[0]/C

Slack:                    inf
  Source:                 aresetn
                            (input port)
  Destination:            u_compute_core/u_fir32/quant_s6_reg[10]/CE
                            (rising edge-triggered cell FDRE clocked by accelerator_clk  {rise@0.000ns fall@3.333ns period=6.667ns})
  Path Group:             (none)
  Path Type:              Hold (Min at Fast Process Corner)
  Data Path Delay:        0.093ns  (logic 0.014ns (15.054%)  route 0.079ns (84.946%))
  Logic Levels:           1  (LUT6=1)
  Clock Path Skew:        0.019ns (DCD - SCD - CPR)
    Destination Clock Delay (DCD):    0.019ns
    Source Clock Delay      (SCD):    0.000ns
    Clock Pessimism Removal (CPR):    -0.000ns

    Location             Delay type                Incr(ns)  Path(ns)    Netlist Resource(s)
  -------------------------------------------------------------------    -------------------
                                                      0.000     0.000 f  aresetn (IN)
                         net (fo=24, unset)           0.000     0.000    u_compute_core/u_fir32/aresetn
                         LUT6 (Prop_LUT6_I5_O)        0.014     0.014 r  u_compute_core/u_fir32/energy_acc1_i_1/O
                         net (fo=18, unplaced)        0.079     0.093    u_compute_core/u_fir32/CEB2
                         FDRE                                         r  u_compute_core/u_fir32/quant_s6_reg[10]/CE
  -------------------------------------------------------------------    -------------------

                         (clock accelerator_clk rise edge)
                                                      0.000     0.000 r  
                                                      0.000     0.000 r  aclk (IN)
                         net (fo=3054, unset)         0.019     0.019    u_compute_core/u_fir32/aclk
                         FDRE                                         r  u_compute_core/u_fir32/quant_s6_reg[10]/C

Slack:                    inf
  Source:                 aresetn
                            (input port)
  Destination:            u_compute_core/u_fir32/quant_s6_reg[11]/CE
                            (rising edge-triggered cell FDRE clocked by accelerator_clk  {rise@0.000ns fall@3.333ns period=6.667ns})
  Path Group:             (none)
  Path Type:              Hold (Min at Fast Process Corner)
  Data Path Delay:        0.093ns  (logic 0.014ns (15.054%)  route 0.079ns (84.946%))
  Logic Levels:           1  (LUT6=1)
  Clock Path Skew:        0.019ns (DCD - SCD - CPR)
    Destination Clock Delay (DCD):    0.019ns
    Source Clock Delay      (SCD):    0.000ns
    Clock Pessimism Removal (CPR):    -0.000ns

    Location             Delay type                Incr(ns)  Path(ns)    Netlist Resource(s)
  -------------------------------------------------------------------    -------------------
                                                      0.000     0.000 f  aresetn (IN)
                         net (fo=24, unset)           0.000     0.000    u_compute_core/u_fir32/aresetn
                         LUT6 (Prop_LUT6_I5_O)        0.014     0.014 r  u_compute_core/u_fir32/energy_acc1_i_1/O
                         net (fo=18, unplaced)        0.079     0.093    u_compute_core/u_fir32/CEB2
                         FDRE                                         r  u_compute_core/u_fir32/quant_s6_reg[11]/CE
  -------------------------------------------------------------------    -------------------

                         (clock accelerator_clk rise edge)
                                                      0.000     0.000 r  
                                                      0.000     0.000 r  aclk (IN)
                         net (fo=3054, unset)         0.019     0.019    u_compute_core/u_fir32/aclk
                         FDRE                                         r  u_compute_core/u_fir32/quant_s6_reg[11]/C

Slack:                    inf
  Source:                 aresetn
                            (input port)
  Destination:            u_compute_core/u_fir32/quant_s6_reg[12]/CE
                            (rising edge-triggered cell FDRE clocked by accelerator_clk  {rise@0.000ns fall@3.333ns period=6.667ns})
  Path Group:             (none)
  Path Type:              Hold (Min at Fast Process Corner)
  Data Path Delay:        0.093ns  (logic 0.014ns (15.054%)  route 0.079ns (84.946%))
  Logic Levels:           1  (LUT6=1)
  Clock Path Skew:        0.019ns (DCD - SCD - CPR)
    Destination Clock Delay (DCD):    0.019ns
    Source Clock Delay      (SCD):    0.000ns
    Clock Pessimism Removal (CPR):    -0.000ns

    Location             Delay type                Incr(ns)  Path(ns)    Netlist Resource(s)
  -------------------------------------------------------------------    -------------------
                                                      0.000     0.000 f  aresetn (IN)
                         net (fo=24, unset)           0.000     0.000    u_compute_core/u_fir32/aresetn
                         LUT6 (Prop_LUT6_I5_O)        0.014     0.014 r  u_compute_core/u_fir32/energy_acc1_i_1/O
                         net (fo=18, unplaced)        0.079     0.093    u_compute_core/u_fir32/CEB2
                         FDRE                                         r  u_compute_core/u_fir32/quant_s6_reg[12]/CE
  -------------------------------------------------------------------    -------------------

                         (clock accelerator_clk rise edge)
                                                      0.000     0.000 r  
                                                      0.000     0.000 r  aclk (IN)
                         net (fo=3054, unset)         0.019     0.019    u_compute_core/u_fir32/aclk
                         FDRE                                         r  u_compute_core/u_fir32/quant_s6_reg[12]/C

Slack:                    inf
  Source:                 aresetn
                            (input port)
  Destination:            u_compute_core/u_fir32/quant_s6_reg[13]/CE
                            (rising edge-triggered cell FDRE clocked by accelerator_clk  {rise@0.000ns fall@3.333ns period=6.667ns})
  Path Group:             (none)
  Path Type:              Hold (Min at Fast Process Corner)
  Data Path Delay:        0.093ns  (logic 0.014ns (15.054%)  route 0.079ns (84.946%))
  Logic Levels:           1  (LUT6=1)
  Clock Path Skew:        0.019ns (DCD - SCD - CPR)
    Destination Clock Delay (DCD):    0.019ns
    Source Clock Delay      (SCD):    0.000ns
    Clock Pessimism Removal (CPR):    -0.000ns

    Location             Delay type                Incr(ns)  Path(ns)    Netlist Resource(s)
  -------------------------------------------------------------------    -------------------
                                                      0.000     0.000 f  aresetn (IN)
                         net (fo=24, unset)           0.000     0.000    u_compute_core/u_fir32/aresetn
                         LUT6 (Prop_LUT6_I5_O)        0.014     0.014 r  u_compute_core/u_fir32/energy_acc1_i_1/O
                         net (fo=18, unplaced)        0.079     0.093    u_compute_core/u_fir32/CEB2
                         FDRE                                         r  u_compute_core/u_fir32/quant_s6_reg[13]/CE
  -------------------------------------------------------------------    -------------------

                         (clock accelerator_clk rise edge)
                                                      0.000     0.000 r  
                                                      0.000     0.000 r  aclk (IN)
                         net (fo=3054, unset)         0.019     0.019    u_compute_core/u_fir32/aclk
                         FDRE                                         r  u_compute_core/u_fir32/quant_s6_reg[13]/C

Slack:                    inf
  Source:                 aresetn
                            (input port)
  Destination:            u_compute_core/u_fir32/quant_s6_reg[14]/CE
                            (rising edge-triggered cell FDRE clocked by accelerator_clk  {rise@0.000ns fall@3.333ns period=6.667ns})
  Path Group:             (none)
  Path Type:              Hold (Min at Fast Process Corner)
  Data Path Delay:        0.093ns  (logic 0.014ns (15.054%)  route 0.079ns (84.946%))
  Logic Levels:           1  (LUT6=1)
  Clock Path Skew:        0.019ns (DCD - SCD - CPR)
    Destination Clock Delay (DCD):    0.019ns
    Source Clock Delay      (SCD):    0.000ns
    Clock Pessimism Removal (CPR):    -0.000ns

    Location             Delay type                Incr(ns)  Path(ns)    Netlist Resource(s)
  -------------------------------------------------------------------    -------------------
                                                      0.000     0.000 f  aresetn (IN)
                         net (fo=24, unset)           0.000     0.000    u_compute_core/u_fir32/aresetn
                         LUT6 (Prop_LUT6_I5_O)        0.014     0.014 r  u_compute_core/u_fir32/energy_acc1_i_1/O
                         net (fo=18, unplaced)        0.079     0.093    u_compute_core/u_fir32/CEB2
                         FDRE                                         r  u_compute_core/u_fir32/quant_s6_reg[14]/CE
  -------------------------------------------------------------------    -------------------

                         (clock accelerator_clk rise edge)
                                                      0.000     0.000 r  
                                                      0.000     0.000 r  aclk (IN)
                         net (fo=3054, unset)         0.019     0.019    u_compute_core/u_fir32/aclk
                         FDRE                                         r  u_compute_core/u_fir32/quant_s6_reg[14]/C





